/*******************************************************************************
 * Size: 40 px
 * Bpp: 4
 * Opts: --size 40 --bpp 4 --format lvgl --lv-include lvgl.h --font /private/tmp/InterVariable.ttf -r 0x20-0x7E,0xA0-0xFF --lv-font-name ui_font_40 -o firmware/screen/main/ui/ui_fonts/ui_font_40.c
 ******************************************************************************/

#ifdef LV_LVGL_H_INCLUDE_SIMPLE
#include "lvgl.h"
#else
#include "lvgl.h"
#endif

#ifndef UI_FONT_40
#define UI_FONT_40 1
#endif

#if UI_FONT_40

/*-----------------
 *    BITMAPS
 *----------------*/

/*Store the image of the glyphs*/
static LV_ATTRIBUTE_LARGE_CONST const uint8_t glyph_bitmap[] = {
    /* U+0020 " " */

    /* U+0021 "!" */
    0x3f, 0xfa, 0xc0, 0x3f, 0xf9, 0x62, 0x2, 0x1,
    0xff, 0xc9, 0x30, 0xf, 0xfe, 0x9, 0x80, 0x7f,
    0xf0, 0xc4, 0x3, 0xff, 0x82, 0x20, 0x1f, 0xfc,
    0x3f, 0x0, 0x2a, 0xc4, 0x0, 0xaa, 0x94, 0x3,
    0xff, 0x86, 0x42, 0x0, 0x1d, 0xd7, 0x38, 0x59,
    0x0, 0x20, 0x9c, 0x3, 0x3a, 0x0, 0x64, 0x95,
    0x2, 0xb1,

    /* U+0022 "\"" */
    0xef, 0xf6, 0x80, 0xf, 0xfe, 0x83, 0x0, 0xfe,
    0xf1, 0x0, 0x8, 0x0, 0x40, 0x21, 0x0, 0xf1,
    0x80, 0x67, 0x0, 0x38, 0x7, 0x8c, 0x40, 0x2,
    0x0, 0x10, 0xf, 0xfe, 0x10, 0x98, 0x0, 0xc0,
    0x3c, 0xe0, 0x1f, 0x8, 0x4, 0x20, 0x1, 0x0,
    0xf0, 0xf8, 0x3, 0xc0, 0x23, 0x0, 0x9f, 0xfc,
    0xe0, 0x16, 0xff, 0x88,

    /* U+0023 "#" */
    0x0, 0xfd, 0x5f, 0xe5, 0x0, 0xf3, 0x7f, 0xa0,
    0x3, 0xfe, 0x60, 0x3, 0x80, 0x7b, 0xc0, 0x1c,
    0x1, 0xff, 0x18, 0x0, 0x80, 0x3c, 0x40, 0x5,
    0x0, 0xff, 0x10, 0x0, 0x80, 0x3e, 0x50, 0x1,
    0x0, 0x7f, 0x98, 0x0, 0xe0, 0x1f, 0x8, 0x8,
    0x80, 0x3f, 0xc6, 0x0, 0x20, 0xf, 0x18, 0x1,
    0x40, 0x3f, 0xee, 0x0, 0x68, 0x7, 0x94, 0x0,
    0x40, 0x1f, 0xf2, 0x80, 0x1c, 0x3, 0xdc, 0x0,
    0xf0, 0xf, 0x1f, 0xfe, 0x30, 0x6, 0xff, 0xf9,
    0xc0, 0x13, 0xff, 0x40, 0x1, 0x80, 0x3f, 0xf9,
    0x3c, 0x0, 0xd0, 0xf, 0xfe, 0x49, 0x0, 0x23,
    0xfe, 0x80, 0x3, 0xff, 0xfb, 0x0, 0x7, 0xff,
    0x90, 0x3, 0xdc, 0x0, 0xd0, 0xf, 0x28, 0x1,
    0x40, 0x3f, 0xe5, 0x0, 0x30, 0x7, 0xb8, 0x1,
    0xe0, 0x1f, 0xf1, 0x0, 0xc, 0x3, 0xc6, 0x0,
    0x20, 0xf, 0xf0, 0x88, 0x8, 0x3, 0xe5, 0x0,
    0x28, 0x7, 0xf9, 0x40, 0xc, 0x1, 0xf0, 0x80,
    0x88, 0x3, 0xfc, 0x40, 0x3, 0x0, 0xf1, 0x80,
    0x8, 0x3, 0xed, 0xee, 0xa4, 0x0, 0xfd, 0xde,
    0xc0, 0x1, 0xf7, 0x58, 0x0, 0x12, 0x11, 0x80,
    0x30, 0x8f, 0x80, 0x30, 0x8c, 0xe0, 0x2, 0x0,
    0xff, 0xe4, 0x98, 0x0, 0xff, 0xee, 0x0, 0x17,
    0xff, 0xc4, 0x0, 0xef, 0xfa, 0x0, 0x3c, 0x40,
    0x6, 0x0, 0xf8, 0x80, 0x2, 0x1, 0xfe, 0x50,
    0x1, 0x80, 0x78, 0xc0, 0x6, 0x1, 0xff, 0x78,
    0x3, 0x80, 0x3c, 0xc0, 0x5, 0x0, 0xff, 0x88,
    0x0, 0xa0, 0x1e, 0xd0, 0x7, 0x0, 0x7f, 0xca,
    0x0, 0x30, 0xf, 0x18, 0x0, 0xc0, 0x3f, 0xc2,
    0x20, 0x10, 0xf, 0x98, 0x0, 0xa0, 0x1f, 0xe2,
    0x0, 0x28, 0x7, 0xc4, 0x0, 0x10, 0xf, 0x80,

    /* U+0024 "$" */
    0x0, 0xfe, 0x28, 0x80, 0x7, 0xff, 0x1d, 0xde,
    0x0, 0xff, 0xff, 0x80, 0x7c, 0x4f, 0x74, 0x0,
    0xdc, 0x83, 0x0, 0xff, 0x15, 0xec, 0x20, 0x4,
    0x46, 0xf9, 0x83, 0x0, 0xf9, 0x75, 0x0, 0x3f,
    0xc7, 0x8e, 0x1, 0xcb, 0x40, 0x10, 0xb2, 0x0,
    0x25, 0x84, 0x2, 0x87, 0x0, 0x86, 0x80, 0x27,
    0xe9, 0xe0, 0x3, 0x4f, 0x38, 0x5, 0x4, 0x0,
    0x90, 0x9, 0xe0, 0x3, 0xf4, 0x40, 0x2, 0xb0,
    0x2, 0x0, 0x6, 0x0, 0x3f, 0xce, 0x20, 0x7,
    0x0, 0x10, 0x0, 0x80, 0x3f, 0xf8, 0x16, 0xee,
    0x60, 0x1, 0x80, 0x4, 0x3, 0xff, 0x80, 0xb1,
    0x10, 0x1, 0x80, 0x4, 0x60, 0x1f, 0xfc, 0x5e,
    0x0, 0xb8, 0xc0, 0x3f, 0xf8, 0x8a, 0x60, 0x2,
    0xc9, 0x30, 0xf, 0xfe, 0x1e, 0x98, 0x4, 0xd9,
    0x40, 0x1f, 0xfc, 0x21, 0xc7, 0x0, 0xfb, 0xf1,
    0xc4, 0x3, 0xfd, 0x1c, 0xe4, 0x1, 0xc7, 0x1d,
    0x66, 0x1, 0xfc, 0x31, 0xb8, 0x40, 0x1e, 0x4c,
    0x90, 0xf, 0xf8, 0xe0, 0x1, 0x6c, 0x1, 0x9a,
    0xc0, 0x3f, 0xf8, 0x49, 0x3f, 0x0, 0x12, 0x38,
    0x7, 0xff, 0x11, 0xf4, 0x40, 0x12, 0x1, 0xff,
    0xc5, 0x29, 0x0, 0x9, 0x80, 0x7f, 0xf1, 0x4c,
    0x2, 0x69, 0xee, 0x88, 0x3, 0xff, 0x80, 0x20,
    0x18, 0x47, 0x28, 0x7, 0xff, 0x3, 0xc0, 0x26,
    0xb0, 0xa, 0x8, 0x3, 0xfc, 0xaa, 0x0, 0x9,
    0x99, 0x0, 0x2c, 0x50, 0xf, 0xd1, 0x40, 0x14,
    0x80, 0x28, 0x40, 0x3, 0x5b, 0x3c, 0x0, 0x7a,
    0xe7, 0x0, 0x8d, 0xc0, 0x3, 0x84, 0x1, 0x13,
    0x20, 0x2, 0x14, 0x40, 0x24, 0xc0, 0xc, 0x5a,
    0xe0, 0x1f, 0xf0, 0xcd, 0x80, 0x7d, 0x1d, 0x4a,
    0x60, 0x10, 0x9b, 0x57, 0x30, 0x7, 0xf0, 0xad,
    0x65, 0x0, 0x3b, 0x25, 0x40, 0x3f, 0xfd, 0xee,
    0xf0, 0x7, 0xf8,

    /* U+0025 "%" */
    0x0, 0x9b, 0x3b, 0xf6, 0x48, 0x3, 0xff, 0x82,
    0xff, 0xed, 0x0, 0xf6, 0x49, 0x88, 0x13, 0x6a,
    0x0, 0x7f, 0xc5, 0x0, 0xf, 0x0, 0xea, 0x30,
    0x2, 0xb1, 0x0, 0x28, 0x40, 0x3f, 0xdc, 0x0,
    0x82, 0x0, 0xc2, 0xa0, 0xc, 0xa9, 0xd4, 0x1,
    0x90, 0xf, 0xe8, 0x30, 0x37, 0x0, 0xe7, 0x0,
    0x29, 0x80, 0x5e, 0x0, 0x40, 0xf, 0xc6, 0xe0,
    0xe, 0x0, 0xf0, 0x80, 0x8, 0x3, 0x28, 0x0,
    0x80, 0x3f, 0x70, 0x2, 0x48, 0x3, 0xde, 0x0,
    0xf0, 0xf, 0xfe, 0x1c, 0x90, 0x23, 0x0, 0x7d,
    0xe0, 0xf, 0x0, 0xc6, 0x0, 0x30, 0xf, 0x23,
    0x0, 0xd0, 0x7, 0xe3, 0x0, 0x28, 0x6, 0x50,
    0x3, 0x0, 0x70, 0xd0, 0x2, 0xc4, 0x3, 0xf2,
    0x8, 0x14, 0x90, 0x2c, 0x0, 0x38, 0x3, 0xac,
    0x41, 0x54, 0x1, 0xfe, 0xb0, 0x3, 0x6f, 0xd0,
    0x1, 0x14, 0x3, 0x2a, 0x80, 0x68, 0x3, 0xfe,
    0x5a, 0x10, 0xe, 0x5b, 0x0, 0xc3, 0x60, 0xa,
    0x0, 0xff, 0xe0, 0xaf, 0x54, 0x3c, 0xed, 0x0,
    0x75, 0x8, 0x32, 0x0, 0x7f, 0xf0, 0xd5, 0xe1,
    0x88, 0x3, 0x99, 0x0, 0xa4, 0x3, 0xff, 0x9a,
    0x52, 0x0, 0xe0, 0xf, 0xfe, 0x77, 0x0, 0x20,
    0xc0, 0x39, 0x1d, 0xca, 0x20, 0x1f, 0xfc, 0x37,
    0x30, 0x37, 0x0, 0xc9, 0xd7, 0x10, 0xae, 0x70,
    0xf, 0xfe, 0x9, 0xc0, 0x3, 0x80, 0x32, 0x58,
    0x80, 0x74, 0x38, 0x7, 0xff, 0x3, 0x80, 0x12,
    0x40, 0x1a, 0x80, 0xf, 0xdf, 0x20, 0x8, 0x20,
    0xf, 0xf4, 0x10, 0x23, 0x0, 0x65, 0x10, 0x28,
    0x10, 0x65, 0x0, 0x28, 0x7, 0xf2, 0x38, 0xd,
    0x0, 0x76, 0x80, 0x28, 0x3, 0x78, 0x3, 0x40,
    0x3f, 0xa8, 0x1, 0x62, 0x1, 0xc2, 0x0, 0x10,
    0xc, 0xc0, 0x6, 0x0, 0xfd, 0x42, 0xa, 0xa0,
    0xf, 0x18, 0x7, 0xff, 0x19, 0x54, 0x3, 0x60,
    0x1f, 0x18, 0x7, 0xce, 0x0, 0x70, 0xf, 0xd,
    0x80, 0x28, 0x40, 0x3e, 0xe0, 0x6, 0x0, 0x63,
    0x0, 0x10, 0x7, 0xa8, 0x41, 0x90, 0x3, 0xf2,
    0x80, 0x14, 0x80, 0x2a, 0x0, 0x68, 0x7, 0x32,
    0x1, 0x48, 0x7, 0xf1, 0x28, 0x3, 0x26, 0x5c,
    0x40, 0x68, 0x1, 0x8a, 0x40, 0x1c, 0x1, 0xff,
    0x59, 0x80, 0xb3, 0x4, 0xb, 0x80, 0x3b, 0x80,
    0xe, 0x60, 0x1f, 0xf0, 0xe4, 0x98, 0x81, 0x3e,
    0x10, 0x0,

    /* U+0026 "&" */
    0x0, 0xe1, 0x6c, 0xef, 0xec, 0x71, 0x0, 0xff,
    0xe1, 0x27, 0xc9, 0x88, 0x9, 0xc7, 0xa8, 0x7,
    0xff, 0x0, 0xec, 0x40, 0x3e, 0x1a, 0x40, 0xf,
    0xfb, 0x40, 0x26, 0xdf, 0xd7, 0x0, 0xa8, 0x3,
    0xfc, 0x82, 0x0, 0x79, 0x20, 0x28, 0x80, 0x0,
    0x54, 0x3, 0xf8, 0xc0, 0x29, 0x0, 0xe7, 0x0,
    0xb4, 0x3, 0xfb, 0x80, 0x21, 0x0, 0xff, 0xe3,
    0x88, 0x4, 0x20, 0x1c, 0x60, 0x17, 0x0, 0x7f,
    0x60, 0x4, 0xe0, 0x18, 0x78, 0x2, 0x70, 0xf,
    0xe4, 0x10, 0x4, 0x8, 0x0, 0xb4, 0x80, 0x10,
    0x20, 0x1f, 0xe8, 0x0, 0xd, 0x2, 0xe1, 0x80,
    0x11, 0xc0, 0x3f, 0xe6, 0x40, 0x2, 0x7d, 0x8,
    0x1, 0x6c, 0x3, 0xff, 0x83, 0x42, 0x1, 0xe9,
    0xa0, 0xf, 0xfe, 0x10, 0xa0, 0x7, 0x6b, 0x0,
    0x7f, 0xf0, 0xed, 0x40, 0x38, 0xc0, 0x3f, 0xf8,
    0x45, 0xa8, 0x1, 0xed, 0x0, 0xff, 0xe0, 0x96,
    0x10, 0x0, 0xf9, 0x40, 0x7, 0x40, 0x1d, 0x99,
    0x20, 0x5, 0xc2, 0x0, 0x6c, 0x1a, 0x30, 0x2,
    0xc0, 0x4, 0x26, 0x70, 0x80, 0x14, 0xc0, 0xb,
    0x20, 0x16, 0x88, 0x1, 0xd4, 0x0, 0x40, 0x10,
    0x80, 0x38, 0x2, 0xb0, 0xc, 0x38, 0x1, 0x51,
    0x82, 0x0, 0x4a, 0x0, 0x50, 0x1, 0x88, 0x7,
    0x15, 0x80, 0x5a, 0x54, 0x0, 0x21, 0x0, 0x8,
    0x1, 0x80, 0x3e, 0x48, 0x0, 0xe, 0x90, 0x2,
    0x80, 0x22, 0x0, 0x38, 0x7, 0xe7, 0x60, 0xe,
    0x17, 0x0, 0x90, 0x0, 0x46, 0x1, 0xfa, 0x48,
    0x3, 0x50, 0x6, 0xa0, 0xb, 0x48, 0x3, 0xe5,
    0x20, 0xc, 0x40, 0x18, 0xdc, 0x0, 0x3b, 0x6,
    0x22, 0x36, 0xca, 0x0, 0xe9, 0x30, 0xd, 0xa,
    0x1, 0x3e, 0x77, 0x32, 0x4c, 0x2, 0x30, 0xb,
    0x48, 0x3, 0x54, 0x80, 0x7f, 0x8a, 0xb2, 0x80,
    0x3, 0xe0, 0x1c, 0xdd, 0x28, 0x40, 0x1, 0x37,
    0xbd, 0x50, 0x57, 0x0, 0x15, 0x80,

    /* U+0027 "'" */
    0xef, 0xf6, 0x98, 0x4, 0x20, 0x1, 0x0, 0xce,
    0x0, 0x71, 0x0, 0x8, 0x6, 0x30, 0x1, 0x80,
    0x61, 0x0, 0xf, 0x80, 0x3d, 0xff, 0xce,

    /* U+0028 "(" */
    0x0, 0xee, 0xff, 0x38, 0x6, 0x81, 0x0, 0x30,
    0x4, 0x2e, 0x0, 0x61, 0x0, 0x98, 0x2, 0xb0,
    0xd, 0x40, 0x3, 0x20, 0x9, 0x8, 0x1, 0x40,
    0x1b, 0x40, 0x27, 0x0, 0xce, 0x0, 0x31, 0x0,
    0x8c, 0x40, 0x16, 0x1, 0x90, 0x2, 0x50, 0xd,
    0x80, 0x1, 0x20, 0xc, 0xa0, 0x5, 0x0, 0xc4,
    0x20, 0xc, 0x0, 0xcc, 0x1, 0x18, 0x6, 0x20,
    0x9, 0x80, 0x37, 0x0, 0x44, 0x1, 0x84, 0x3,
    0xf1, 0x80, 0x4, 0x3, 0x84, 0x0, 0x60, 0x1f,
    0xfc, 0x21, 0x0, 0x18, 0x7, 0x18, 0x0, 0x40,
    0x3b, 0x80, 0x21, 0x0, 0xc4, 0x1, 0x28, 0x6,
    0x70, 0x8, 0xc0, 0x31, 0x0, 0x58, 0x1, 0xc8,
    0x0, 0x50, 0xe, 0xc0, 0x0, 0xa0, 0x6, 0x60,
    0xb, 0x40, 0x30, 0x98, 0x1, 0xc0, 0x3a, 0x80,
    0x2, 0x80, 0x19, 0x80, 0x2f, 0x0, 0xe7, 0x0,
    0x20, 0x80, 0x69, 0x0, 0xa4, 0x3, 0xb, 0x80,
    0x1c, 0x40, 0x34, 0x8, 0x1, 0x80,

    /* U+0029 ")" */
    0xe, 0xff, 0x48, 0x7, 0xa4, 0x0, 0xc4, 0x1,
    0xce, 0x20, 0x8, 0x0, 0xf3, 0x0, 0x14, 0x40,
    0x3a, 0x80, 0x26, 0x0, 0xe2, 0x30, 0x5, 0x0,
    0x7a, 0xc0, 0x4, 0x60, 0x1c, 0xa0, 0x15, 0x80,
    0x71, 0x10, 0x0, 0x80, 0x1e, 0x40, 0x1, 0x88,
    0x7, 0x60, 0x4, 0xa0, 0x1c, 0x80, 0x16, 0x0,
    0x70, 0x88, 0x0, 0x60, 0x1e, 0x50, 0x3, 0x0,
    0x78, 0x80, 0x4, 0x1, 0xee, 0x0, 0x88, 0x3,
    0x88, 0x2, 0x10, 0xe, 0x10, 0x9, 0xc0, 0x3f,
    0xf9, 0xa2, 0x1, 0xfc, 0x60, 0x13, 0x80, 0x77,
    0x0, 0x44, 0x1, 0xc4, 0x1, 0x8, 0x7, 0x38,
    0x0, 0xc0, 0x38, 0x48, 0x0, 0x80, 0x1c, 0x80,
    0x16, 0x0, 0x77, 0x80, 0x48, 0x1, 0xca, 0x0,
    0x40, 0xe, 0x50, 0xb, 0x80, 0x3b, 0x80, 0x25,
    0x0, 0xc2, 0x80, 0x6, 0x0, 0xe9, 0x0, 0xac,
    0x3, 0x98, 0x0, 0xa4, 0x1, 0x98, 0x40, 0x10,
    0x1, 0xd0, 0x0, 0x62, 0x0, 0xc0,

    /* U+002A "*" */
    0x0, 0xf2, 0xff, 0x98, 0x3, 0xff, 0x86, 0x60,
    0x1f, 0xfc, 0x1, 0x0, 0xff, 0x5c, 0x88, 0x1,
    0xc0, 0x2, 0x1, 0x4e, 0x2, 0x21, 0xbd, 0x40,
    0x3c, 0x9c, 0xc6, 0xa2, 0x20, 0x1a, 0xb7, 0x0,
    0xd, 0x58, 0x80, 0x9a, 0xf4, 0x0, 0x12, 0xc0,
    0x14, 0xa0, 0x7, 0xf6, 0x0, 0x3f, 0x38, 0x7,
    0x9f, 0xa0, 0x40, 0x30, 0xd9, 0x80, 0x63, 0xb1,
    0x0, 0xe2, 0xbc, 0x30, 0xc, 0x79, 0x66, 0x0,
    0x2a, 0xd4, 0x1, 0x80, 0x3, 0x88, 0x26, 0x51,
    0x2a, 0x80, 0xb, 0xea, 0x0, 0xbe, 0x60, 0x2,
    0xd3, 0x91, 0x2e, 0x84, 0x40, 0x7, 0x9, 0xc2,
    0x18, 0xf, 0xd4, 0x0, 0x38, 0x0, 0x40, 0x7,
    0xb8, 0x0, 0x20, 0xc, 0x20, 0x1f, 0x10, 0x7,
    0xf8, 0xc0, 0x3f, 0xf8, 0x9, 0x76, 0x70, 0xf,
    0x0,

    /* U+002B "+" */
    0x0, 0xfc, 0xdf, 0xee, 0x0, 0xff, 0xff, 0x80,
    0x7f, 0xfa, 0x84, 0x7e, 0xe0, 0x0, 0x8f, 0xe0,
    0x3e, 0xef, 0x9c, 0x2, 0xee, 0xfa, 0x80, 0x3f,
    0xfb, 0x87, 0xff, 0xf4, 0x80, 0x7, 0xff, 0xea,
    0x0, 0xff, 0xff, 0x80, 0x7f, 0xfd, 0x40,

    /* U+002C "," */
    0x0, 0xfe, 0xdf, 0xf8, 0x40, 0x4, 0x0, 0x21,
    0x2, 0x0, 0x94, 0x0, 0xe0, 0x16, 0x0, 0x8,
    0x2, 0x40, 0x6, 0x80, 0x10, 0x2, 0x60, 0x6,
    0x0, 0x46, 0x0, 0x50, 0x0, 0x80, 0x4, 0x80,
    0xa, 0x0, 0x70, 0x8, 0x80, 0x18, 0x1, 0x0,

    /* U+002D "-" */
    0x3, 0x3f, 0xfe, 0x1, 0x1e, 0x67, 0xff, 0x2,
    0xc0, 0x3f, 0xfa, 0x0,

    /* U+002E "." */
    0x0, 0x18, 0x80, 0xb, 0x73, 0xa0, 0x20, 0x80,
    0xe, 0x6e, 0x1, 0x99, 0x0, 0x33, 0xca, 0x81,
    0x59, 0x0,

    /* U+002F "/" */
    0x0, 0xff, 0x34, 0x40, 0xc0, 0x3f, 0xd2, 0xee,
    0x0, 0xff, 0x20, 0x4, 0x60, 0x1f, 0xd8, 0x0,
    0x40, 0xf, 0xf2, 0x0, 0x34, 0x3, 0xf8, 0x4c,
    0x0, 0x80, 0x1f, 0xc8, 0x0, 0x12, 0x0, 0xfe,
    0xc0, 0x3, 0x80, 0x7f, 0x9c, 0x1, 0x80, 0x1f,
    0xc4, 0x20, 0x4, 0x0, 0xfe, 0x50, 0x1, 0x88,
    0x7, 0xf6, 0x0, 0x10, 0x3, 0xfc, 0x80, 0xc,
    0x0, 0xfe, 0x40, 0x9, 0x0, 0x3f, 0xb0, 0x0,
    0x80, 0x1f, 0xe4, 0x0, 0x60, 0x7, 0xf0, 0x98,
    0x1, 0x40, 0x3f, 0x90, 0x0, 0x24, 0x1, 0xfd,
    0x80, 0x7, 0x0, 0xff, 0x38, 0x3, 0x0, 0x3f,
    0x88, 0x40, 0x8, 0x1, 0xfc, 0x80, 0x3, 0x10,
    0xf, 0xed, 0x0, 0x20, 0x7, 0xf9, 0x0, 0x18,
    0x1, 0xfc, 0x60, 0x12, 0x0, 0x7f, 0x58, 0x1,
    0x0, 0x3f, 0xc8, 0x0, 0xc0, 0xf, 0xe1, 0x30,
    0x2, 0x80, 0x7f, 0x20, 0x0, 0x48, 0x3, 0xfb,
    0x0, 0x8, 0x1, 0xfe, 0x40, 0x7, 0x80, 0x7f,
    0x11, 0x0, 0x8, 0x1, 0xfc, 0x80, 0x2, 0x10,
    0xf, 0xed, 0x0, 0x28, 0x7, 0xf9, 0x0, 0x18,
    0x1, 0xfc,

    /* U+0030 "0" */
    0x0, 0xf0, 0xc6, 0x77, 0xfb, 0x64, 0xc0, 0x3f,
    0xe8, 0xe7, 0x31, 0x0, 0x13, 0x65, 0x8, 0x7,
    0xeb, 0x70, 0xf, 0xe5, 0xc2, 0x0, 0xf5, 0x20,
    0x4, 0xb5, 0x96, 0xe2, 0x0, 0x2f, 0x0, 0xe5,
    0x50, 0x0, 0x72, 0x94, 0xd2, 0x3c, 0xc0, 0x5,
    0x20, 0x1a, 0x0, 0x2d, 0x30, 0xe, 0x1d, 0x20,
    0x3, 0x10, 0x1, 0x8, 0x0, 0xe6, 0x1, 0xf0,
    0xc8, 0x5, 0x40, 0xe, 0x0, 0xa4, 0x3, 0xf9,
    0x8, 0x0, 0xc0, 0x4, 0x0, 0x20, 0x80, 0x7f,
    0xa8, 0x0, 0x24, 0x41, 0x0, 0x60, 0x7, 0xfc,
    0x80, 0x12, 0x38, 0x4, 0x60, 0x1f, 0xf1, 0x80,
    0x5e, 0x40, 0x12, 0x80, 0x7f, 0xf0, 0x4, 0x0,
    0x5e, 0x1, 0x8, 0x7, 0xff, 0x0, 0x80, 0xe,
    0x20, 0x1f, 0xfc, 0x71, 0x0, 0xff, 0xe2, 0xb8,
    0x7, 0xff, 0x21, 0xc0, 0x21, 0x0, 0xff, 0xe3,
    0x8f, 0x80, 0x42, 0x1, 0xff, 0xc0, 0x20, 0x3,
    0x90, 0x4, 0xa0, 0x1f, 0xfc, 0x1, 0x0, 0x13,
    0x80, 0x46, 0x1, 0xff, 0x18, 0x5, 0xe4, 0x1,
    0x60, 0x7, 0xfc, 0x80, 0x12, 0x82, 0x80, 0x10,
    0x40, 0x3f, 0xd4, 0x0, 0x13, 0xf, 0x0, 0xa4,
    0x3, 0xf9, 0x8, 0x0, 0xe0, 0x5, 0x10, 0x3,
    0x98, 0x7, 0xc3, 0x40, 0x15, 0x80, 0x56, 0x1,
    0x69, 0x80, 0x70, 0xe8, 0x80, 0x18, 0x80, 0x25,
    0x50, 0x0, 0x72, 0x95, 0x16, 0x38, 0xc0, 0x5,
    0x0, 0x1d, 0x48, 0x1, 0x2d, 0x5d, 0x38, 0x4,
    0x3e, 0x20, 0x1e, 0xb7, 0x0, 0xfe, 0x4f, 0x20,
    0xf, 0xd1, 0xae, 0x62, 0x0, 0x26, 0xcb, 0x10,
    0xc,

    /* U+0031 "1" */
    0x0, 0xf3, 0xff, 0xec, 0x0, 0xc3, 0x70, 0x1,
    0xf9, 0x3d, 0x0, 0x3f, 0x45, 0x88, 0x1, 0x4,
    0x3, 0x63, 0x80, 0x51, 0x60, 0x18, 0x8c, 0x0,
    0x38, 0xe0, 0x1f, 0x97, 0xcc, 0x3, 0xf4, 0xd0,
    0x80, 0x7c, 0x78, 0xc0, 0x1f, 0xc2, 0x60, 0x1f,
    0xff, 0xf0, 0xf, 0xff, 0xf8, 0x7, 0xff, 0xfc,
    0x3, 0xff, 0x82,

    /* U+0032 "2" */
    0x0, 0xe5, 0xad, 0xff, 0x75, 0xb8, 0x80, 0x7e,
    0x3d, 0xa5, 0x20, 0x0, 0xa4, 0x73, 0x0, 0x79,
    0xb0, 0x80, 0x3f, 0xa6, 0x80, 0x32, 0x48, 0x4,
    0x73, 0x79, 0x4a, 0x1, 0x2c, 0x0, 0x54, 0x1,
    0x4e, 0x32, 0x1a, 0xd6, 0x8, 0x1, 0xcc, 0x18,
    0x40, 0x10, 0xc0, 0x1e, 0x3d, 0x0, 0xa4, 0x30,
    0x2, 0x70, 0xf, 0xc6, 0x80, 0x4, 0x7, 0x0,
    0x18, 0x7, 0xf8, 0xc0, 0x2, 0x14, 0xee, 0x90,
    0xf, 0xfe, 0x1b, 0xc4, 0x14, 0x3, 0xfc, 0x40,
    0x1, 0x0, 0xff, 0xe1, 0xa8, 0x1, 0x0, 0x3f,
    0xf8, 0x50, 0x1, 0x70, 0x7, 0xff, 0x4, 0xdc,
    0x0, 0x68, 0x1, 0xff, 0xc0, 0x1d, 0x0, 0xb8,
    0x3, 0xff, 0x80, 0x38, 0x20, 0x9, 0x20, 0xf,
    0xfe, 0x6, 0x90, 0x1, 0x98, 0x1, 0xff, 0xc0,
    0xb3, 0x0, 0x24, 0x80, 0x7f, 0xf0, 0x29, 0x0,
    0x7, 0x60, 0x1f, 0xfc, 0x9, 0x50, 0x1, 0x68,
    0x7, 0xff, 0x2, 0x18, 0x0, 0x38, 0x20, 0x1f,
    0xf3, 0xb8, 0x0, 0x38, 0x20, 0x1f, 0xf3, 0x40,
    0x0, 0x70, 0x80, 0x3f, 0xe6, 0x90, 0x0, 0xe9,
    0x0, 0x7f, 0xcb, 0x20, 0x16, 0x98, 0x7, 0xfc,
    0x94, 0x1, 0x59, 0x80, 0x7f, 0xc7, 0x60, 0x12,
    0x8a, 0xaf, 0xfc, 0x7a, 0x1, 0x96, 0xab, 0xff,
    0x81, 0x62, 0x1, 0xff, 0xd9,

    /* U+0033 "3" */
    0x0, 0xf2, 0x4e, 0x77, 0xfb, 0x65, 0x0, 0x3f,
    0xcb, 0xb6, 0xc6, 0x20, 0x2, 0x6b, 0xc2, 0x0,
    0xfa, 0x68, 0x80, 0x3f, 0x8f, 0x4c, 0x3, 0xa1,
    0x80, 0x23, 0x8b, 0xcb, 0x71, 0x0, 0xb4, 0x40,
    0x23, 0x70, 0xa, 0xf1, 0xd0, 0xd2, 0x39, 0x40,
    0x3, 0x0, 0x14, 0x80, 0x56, 0x80, 0x1f, 0x51,
    0x0, 0x18, 0x2, 0x70, 0x1, 0xa0, 0x7, 0xf2,
    0x80, 0x46, 0x0, 0xeb, 0xb7, 0x0, 0x7f, 0xb8,
    0x3, 0xc6, 0x88, 0x20, 0xf, 0xf7, 0x0, 0x42,
    0x1, 0xff, 0xc4, 0x50, 0x0, 0x90, 0x7, 0xff,
    0xe, 0x88, 0x1, 0x0, 0x1f, 0xfc, 0x12, 0x7e,
    0x50, 0x3, 0x30, 0x3, 0xf9, 0xff, 0xed, 0x81,
    0x1, 0x89, 0x0, 0xff, 0xe2, 0x9f, 0xb8, 0x7,
    0xff, 0x18, 0xfa, 0xc8, 0x3, 0xfc, 0xd9, 0x8b,
    0xa6, 0x10, 0x2, 0x6a, 0x0, 0x7f, 0x9, 0x99,
    0x16, 0x7a, 0x0, 0x2b, 0x20, 0xf, 0xfe, 0x1b,
    0xc8, 0x5, 0x0, 0x1f, 0xfc, 0x46, 0x20, 0x2,
    0x80, 0x7f, 0xf1, 0x68, 0x2, 0x30, 0xf, 0xfe,
    0x20, 0x80, 0x4e, 0xd9, 0x91, 0x80, 0x7f, 0xc2,
    0x1, 0xc6, 0x75, 0x80, 0x7f, 0xd6, 0x1, 0x2b,
    0x80, 0x4e, 0x40, 0x1f, 0xca, 0x60, 0x3, 0x11,
    0x28, 0x5, 0x86, 0x1, 0xf3, 0xd0, 0x5, 0x0,
    0xb, 0x20, 0x0, 0xe5, 0xba, 0xa2, 0xc6, 0xc0,
    0x4, 0xe8, 0x0, 0x1c, 0x20, 0x9, 0x22, 0xae,
    0x9c, 0x80, 0x26, 0x80, 0xc, 0x3a, 0xe0, 0x1f,
    0xe2, 0xb9, 0x0, 0xfa, 0x3a, 0x54, 0x84, 0x0,
    0x4d, 0x7a, 0x80, 0x18,

    /* U+0034 "4" */
    0x0, 0xff, 0xe0, 0x1f, 0xfe, 0x90, 0xf, 0xfe,
    0x27, 0x0, 0x7f, 0xf2, 0x20, 0x80, 0x3f, 0xf8,
    0xe4, 0xe0, 0x1f, 0xfc, 0x8e, 0x0, 0x8, 0x7,
    0xff, 0x15, 0x8c, 0x1, 0x40, 0x1f, 0xfc, 0x41,
    0x90, 0x2, 0xa0, 0x7, 0xff, 0x12, 0x80, 0x3,
    0x60, 0x1f, 0xfc, 0x45, 0x40, 0x5, 0x88, 0x7,
    0xff, 0xc, 0x6c, 0x0, 0x8a, 0x1, 0xff, 0xc4,
    0x81, 0x0, 0x48, 0x7, 0xff, 0x11, 0x18, 0x1,
    0x4, 0x1, 0xff, 0xc4, 0x90, 0x1, 0x38, 0x7,
    0xff, 0x12, 0x8, 0x1, 0xc0, 0x1f, 0xfc, 0x42,
    0x70, 0x3, 0x18, 0x7, 0xff, 0x13, 0x80, 0x3,
    0x20, 0x1f, 0xfc, 0x47, 0x30, 0x5, 0x0, 0x7f,
    0xf1, 0x6, 0x0, 0xa, 0x80, 0x1f, 0xfc, 0x4a,
    0x0, 0xd, 0x80, 0x7f, 0xf1, 0x15, 0x0, 0xa,
    0x8a, 0xbf, 0x80, 0x26, 0x55, 0x8f, 0xc0, 0x24,
    0xaa, 0xfe, 0x0, 0xd5, 0x55, 0x80, 0x7f, 0xf8,
    0x2b, 0xff, 0xff, 0x82, 0x1, 0x37, 0xfd, 0x0,
    0x1f, 0xff, 0xf0, 0xf, 0xfe, 0xb8,

    /* U+0035 "5" */
    0x0, 0x37, 0xff, 0xff, 0xc, 0x3, 0x70, 0x7,
    0xff, 0x1c, 0x80, 0x3f, 0xf8, 0xec, 0x0, 0x3c,
    0xcf, 0xfe, 0x0, 0x6, 0x20, 0x3, 0x19, 0xff,
    0xf0, 0x0, 0x30, 0x80, 0x8, 0x3, 0xff, 0x86,
    0x20, 0x17, 0x0, 0x7f, 0xf0, 0xc8, 0x2, 0x20,
    0xf, 0xfe, 0x1b, 0x0, 0x4c, 0x1, 0xff, 0xc3,
    0x20, 0x8, 0x80, 0x2, 0x66, 0x10, 0xf, 0xee,
    0x0, 0x8, 0x3e, 0xf6, 0x63, 0xb9, 0x24, 0x1,
    0xe2, 0x0, 0xb6, 0x8, 0x3, 0xb, 0x6c, 0x0,
    0x73, 0x0, 0x4, 0x80, 0x3f, 0x9e, 0x80, 0x31,
    0x0, 0x45, 0x19, 0xdf, 0xb4, 0x60, 0x12, 0xc0,
    0x5, 0xb7, 0x32, 0xd7, 0x31, 0x2, 0x5c, 0x70,
    0x9, 0xc8, 0x0, 0x48, 0xcc, 0x0, 0xfd, 0xc,
    0x1, 0x58, 0x7, 0xff, 0xe, 0x44, 0x0, 0xe0,
    0x1f, 0xfc, 0x47, 0x0, 0x9, 0x0, 0x7f, 0xf0,
    0xfc, 0x2, 0x60, 0xf, 0xfe, 0x19, 0x0, 0x42,
    0x1, 0xff, 0xc3, 0x20, 0x8, 0x52, 0xaa, 0x10,
    0xf, 0xf7, 0x80, 0x4a, 0x2a, 0xb3, 0x80, 0x7f,
    0x98, 0x0, 0x42, 0x80, 0x14, 0x0, 0x7f, 0x50,
    0x5, 0x40, 0x2a, 0x0, 0x1c, 0x20, 0xf, 0x4a,
    0x80, 0x5, 0xc0, 0x16, 0x20, 0x3, 0xda, 0x54,
    0x58, 0xe6, 0x0, 0xb4, 0x2, 0x1c, 0x10, 0x9,
    0x6a, 0xe9, 0xc4, 0x2, 0xa3, 0x0, 0xc5, 0xea,
    0x1, 0xfc, 0x7a, 0xa0, 0x1e, 0x1a, 0xd7, 0x31,
    0x0, 0x13, 0x5e, 0x10, 0x6,

    /* U+0036 "6" */
    0x0, 0xf9, 0x6b, 0x7f, 0xdb, 0x6c, 0x20, 0x1f,
    0xe3, 0xda, 0x52, 0x0, 0x12, 0x4f, 0x30, 0x7,
    0xe6, 0xc2, 0x0, 0xfe, 0x9a, 0x0, 0xf2, 0x48,
    0x4, 0x71, 0x76, 0x94, 0x0, 0x96, 0x40, 0x30,
    0xd0, 0x5, 0x58, 0xe8, 0x86, 0xba, 0x0, 0x98,
    0xc0, 0x29, 0x10, 0x6, 0x28, 0x7, 0x96, 0x80,
    0x29, 0x0, 0xb, 0x80, 0x1c, 0xc0, 0x3f, 0x29,
    0x80, 0x14, 0x0, 0xe0, 0x14, 0x0, 0x7f, 0xba,
    0xee, 0x0, 0x68, 0x1, 0x40, 0x3f, 0xe2, 0x44,
    0x80, 0x8, 0x0, 0xc0, 0xe, 0x22, 0x8, 0x7,
    0xe2, 0x0, 0x90, 0x0, 0xb7, 0xfb, 0xae, 0xe4,
    0x90, 0x7, 0x38, 0x4, 0x43, 0x74, 0x80, 0x18,
    0x5b, 0x5c, 0x3, 0x10, 0x4, 0x38, 0x80, 0x1f,
    0xd1, 0x40, 0x17, 0x80, 0x5a, 0x40, 0x31, 0xbf,
    0xd6, 0x80, 0x12, 0xc0, 0x7, 0x8c, 0x17, 0x9c,
    0x80, 0x52, 0xe8, 0x2, 0x73, 0x1, 0x0, 0xc7,
    0x40, 0x1f, 0x2c, 0x80, 0x50, 0x1, 0xee, 0x0,
    0xfe, 0x62, 0x0, 0x20, 0x8, 0x4, 0x84, 0x1,
    0xfe, 0xa0, 0x9, 0x3c, 0x2, 0x30, 0xf, 0xf8,
    0xc0, 0x21, 0x20, 0xb, 0xc0, 0x3f, 0xe7, 0x0,
    0x8d, 0xc0, 0x2f, 0x0, 0xff, 0x98, 0x2, 0x32,
    0x10, 0x2, 0x80, 0x7f, 0xd8, 0x1, 0x38, 0x30,
    0x0, 0x90, 0x3, 0xf8, 0x5c, 0x0, 0x24, 0x14,
    0x1, 0x50, 0x80, 0x7e, 0xa1, 0x0, 0x30, 0x0,
    0x98, 0x0, 0x38, 0x40, 0x1e, 0xa4, 0x0, 0xc,
    0x80, 0x52, 0x40, 0x2, 0xda, 0x64, 0x59, 0xf5,
    0x0, 0xa8, 0x40, 0x36, 0x10, 0x4, 0xb3, 0x74,
    0xc0, 0x1a, 0x90, 0x3, 0x87, 0x58, 0x3, 0xf8,
    0xb1, 0x40, 0x3f, 0x4e, 0xc1, 0x88, 0x0, 0x96,
    0xf4, 0xc0, 0x30,

    /* U+0037 "7" */
    0x1f, 0xff, 0xfe, 0x35, 0x80, 0x7f, 0xf7, 0x6,
    0xab, 0xff, 0x84, 0xc0, 0x10, 0x82, 0xaf, 0xff,
    0x8, 0x80, 0x28, 0x0, 0xff, 0xe1, 0x1a, 0x0,
    0x14, 0x80, 0x3f, 0xf8, 0x50, 0x1, 0x40, 0x7,
    0xff, 0x8, 0xd0, 0x0, 0xa4, 0x1, 0xff, 0xc2,
    0xf0, 0xa, 0x0, 0x3f, 0xf8, 0x48, 0x60, 0x5,
    0x20, 0xf, 0xfe, 0x14, 0x0, 0x50, 0x1, 0xff,
    0xc2, 0x43, 0x0, 0x29, 0x0, 0x7f, 0xf0, 0xa0,
    0x2, 0x80, 0xf, 0xfe, 0x12, 0x18, 0x1, 0x48,
    0x3, 0xff, 0x85, 0x0, 0x14, 0x0, 0x7f, 0xf0,
    0x90, 0xc0, 0xa, 0x40, 0x1f, 0xfc, 0x28, 0x0,
    0xa0, 0x3, 0xff, 0x84, 0x86, 0x0, 0x62, 0x0,
    0xff, 0xe1, 0x40, 0x5, 0x60, 0x1f, 0xfc, 0x24,
    0x30, 0x3, 0x10, 0x7, 0xff, 0xa, 0x0, 0x2b,
    0x0, 0xff, 0xe1, 0x21, 0x80, 0x18, 0x80, 0x3f,
    0xf8, 0x50, 0x1, 0x40, 0x7, 0xff, 0x9, 0x4c,
    0x0, 0xc2, 0x1, 0xff, 0xc2, 0x80, 0xa, 0x0,
    0x3f, 0xf8, 0x4a, 0x40, 0x6, 0x10, 0xf, 0xfe,
    0x14, 0x0, 0x50, 0x1, 0xff, 0xc2, 0x52, 0x0,
    0x30, 0x80, 0x7f, 0xf0, 0xa0, 0x2, 0x80, 0xf,
    0xfe, 0x0,

    /* U+0038 "8" */
    0x0, 0xf2, 0x56, 0xf7, 0xf6, 0x41, 0x80, 0x7f,
    0x93, 0x6d, 0x48, 0x40, 0x4d, 0xf2, 0xc8, 0x3,
    0xe7, 0xb2, 0x0, 0xfe, 0x4d, 0x30, 0xe, 0x58,
    0x0, 0x8e, 0x2f, 0x2d, 0xc4, 0x2, 0xd2, 0x0,
    0xd6, 0x1, 0x4e, 0x3a, 0x1a, 0x47, 0x28, 0x0,
    0x60, 0x2, 0x51, 0x0, 0x33, 0x0, 0x3e, 0xa2,
    0x0, 0x28, 0x5, 0xa0, 0x15, 0x80, 0x7f, 0x50,
    0x4, 0x60, 0x1e, 0x30, 0xf, 0xe2, 0x0, 0xf7,
    0x0, 0x46, 0x1, 0xfc, 0x40, 0x11, 0x0, 0x10,
    0x2, 0xa0, 0xf, 0xea, 0x0, 0x10, 0x80, 0x9,
    0x40, 0xe, 0x80, 0x1f, 0x49, 0x0, 0x20, 0x3,
    0x59, 0x0, 0x2e, 0x50, 0x40, 0x57, 0x18, 0x0,
    0xaa, 0x0, 0xc3, 0x8a, 0x0, 0x6b, 0xef, 0xea,
    0x30, 0x4, 0x50, 0x7, 0x86, 0xdc, 0x3, 0xf0,
    0xd3, 0x80, 0x7c, 0xdc, 0xe0, 0x1f, 0x86, 0xb4,
    0xc0, 0x3a, 0x24, 0x2, 0x5a, 0xde, 0xc9, 0x30,
    0x1, 0x62, 0x0, 0x48, 0xe0, 0x1, 0xca, 0x52,
    0x13, 0x6c, 0x90, 0xa, 0x84, 0x1, 0x20, 0x16,
    0x18, 0x7, 0xcd, 0x20, 0x1, 0x80, 0x32, 0x0,
    0x39, 0x0, 0x7f, 0x31, 0x0, 0x1c, 0x10, 0x2,
    0xa0, 0xf, 0xf9, 0x40, 0x2, 0x7c, 0x1, 0x18,
    0x7, 0xfd, 0xc0, 0x13, 0x0, 0x63, 0x0, 0xff,
    0x84, 0x3, 0x78, 0x4, 0x80, 0x1f, 0xf6, 0x0,
    0x4e, 0x80, 0x15, 0x88, 0x7, 0xf2, 0x20, 0x0,
    0x45, 0x28, 0x0, 0xb4, 0x80, 0x3e, 0x5b, 0x0,
    0xac, 0x1, 0x64, 0x0, 0x3d, 0xa6, 0x43, 0x47,
    0xca, 0x0, 0x95, 0x80, 0x3, 0xe4, 0x1, 0x2c,
    0xde, 0x5c, 0x18, 0x4, 0x94, 0x1, 0x8b, 0x5c,
    0x3, 0xfc, 0x35, 0x60, 0x1f, 0x47, 0x42, 0x10,
    0x4, 0x4b, 0x5c, 0xa0, 0x18,

    /* U+0039 "9" */
    0x0, 0xf3, 0x56, 0xff, 0xba, 0xdc, 0x40, 0x3f,
    0xcb, 0xd2, 0xa4, 0x0, 0x14, 0x8e, 0x70, 0xf,
    0xd3, 0x42, 0x1, 0xfd, 0x16, 0x1, 0xe8, 0x60,
    0x8, 0x9e, 0xae, 0x50, 0x2, 0x4b, 0x0, 0xc8,
    0xe0, 0x14, 0x6c, 0x2a, 0x35, 0xe1, 0x0, 0x11,
    0x80, 0x29, 0x0, 0xa5, 0xc0, 0x3c, 0x78, 0x20,
    0x8, 0x0, 0x19, 0x0, 0x11, 0x80, 0x3f, 0xd,
    0x0, 0x5, 0x41, 0x0, 0x2f, 0x0, 0xff, 0x21,
    0x0, 0x38, 0x38, 0x2, 0x50, 0xf, 0xf9, 0xc0,
    0x8, 0x1, 0xc2, 0x1, 0xff, 0x18, 0x4, 0x42,
    0x1, 0x18, 0x7, 0xfc, 0xa0, 0x13, 0x68, 0x5,
    0x60, 0x1f, 0xe2, 0x30, 0x8, 0x54, 0x2, 0x72,
    0x0, 0xfe, 0xe0, 0xc, 0x60, 0xc0, 0x17, 0x90,
    0x7, 0x86, 0xcc, 0x3, 0xd2, 0x40, 0x2, 0xd9,
    0x31, 0x2, 0x7f, 0x40, 0x40, 0x8, 0xc0, 0x1e,
    0x20, 0x13, 0x67, 0x7e, 0xc0, 0x81, 0xd0, 0x4,
    0x20, 0x2, 0xf4, 0x0, 0xfe, 0x5c, 0x30, 0xf,
    0x86, 0xe9, 0x0, 0x39, 0x2e, 0x80, 0x40, 0x26,
    0x0, 0xe5, 0xbf, 0xdc, 0xdf, 0xb4, 0x0, 0x28,
    0x4, 0x40, 0x1f, 0x88, 0xc8, 0x3, 0xb0, 0x0,
    0x60, 0x1f, 0xfc, 0x54, 0x0, 0x20, 0x1f, 0xfc,
    0xe0, 0x1f, 0xe5, 0x10, 0x5, 0x81, 0x80, 0x54,
    0x1, 0xfe, 0x80, 0x1, 0x18, 0x1, 0x40, 0x4,
    0xc0, 0x1f, 0xa0, 0x80, 0x10, 0x1, 0x40, 0x5,
    0x28, 0x1, 0xe8, 0x70, 0x1, 0xa8, 0x4, 0x4e,
    0x1, 0x5d, 0x99, 0x16, 0x39, 0xc0, 0x3, 0xc0,
    0x1d, 0xa, 0x1, 0x24, 0xdd, 0x38, 0x80, 0x5a,
    0x40, 0x1e, 0xa9, 0x0, 0xfe, 0x3e, 0x30, 0xf,
    0xcd, 0xd2, 0x84, 0x0, 0x25, 0xbc, 0x10, 0xe,

    /* U+003A ":" */
    0xa, 0xfd, 0x40, 0x95, 0x2, 0xb2, 0x40, 0xc,
    0xee, 0x0, 0xcd, 0x4, 0x0, 0x73, 0x2d, 0xce,
    0x80, 0x8, 0xc4, 0x3, 0xff, 0xd0, 0x62, 0x0,
    0x2d, 0xce, 0x80, 0x82, 0x0, 0x39, 0xb8, 0x6,
    0x64, 0x0, 0xcf, 0x2a, 0x5, 0x64,

    /* U+003B ";" */
    0x0, 0x26, 0xfd, 0x8, 0xd, 0x90, 0x2d, 0x82,
    0x80, 0x64, 0x6, 0x0, 0xc4, 0x5, 0x0, 0x1,
    0xe0, 0x3, 0xf6, 0x71, 0x0, 0x42, 0x60, 0x1f,
    0xff, 0xed, 0xff, 0x84, 0x0, 0x40, 0x2, 0x10,
    0x20, 0x9, 0x40, 0xe, 0x1, 0x60, 0x0, 0x80,
    0x24, 0x0, 0x68, 0x1, 0x0, 0x26, 0x0, 0x60,
    0x4, 0x60, 0x5, 0x0, 0x8, 0x0, 0x48, 0x0,
    0xa0, 0x7, 0x0, 0x88, 0x1, 0x80, 0x10,

    /* U+003C "<" */
    0x0, 0xff, 0xe2, 0x94, 0x0, 0x7f, 0xf0, 0xca,
    0xb5, 0x40, 0x3f, 0xf8, 0x25, 0x5a, 0xa0, 0x1f,
    0xfc, 0x12, 0xad, 0x50, 0xf, 0xfe, 0x9, 0x56,
    0xa8, 0x6, 0x5f, 0x0, 0xf8, 0xa7, 0x54, 0x3,
    0x37, 0x51, 0x0, 0x71, 0x4e, 0xb0, 0x6, 0x7e,
    0x91, 0x0, 0xe2, 0x9d, 0x60, 0x8, 0x63, 0xe0,
    0x40, 0x38, 0xa7, 0x58, 0x2, 0x29, 0xe7, 0x0,
    0xf9, 0xb5, 0x80, 0x22, 0xad, 0x60, 0xf, 0xef,
    0x0, 0xd5, 0xaa, 0x1, 0xff, 0xc4, 0xb7, 0x0,
    0xff, 0xe0, 0x4c, 0x8, 0x0, 0x63, 0xa0, 0x40,
    0x3f, 0xcf, 0xd0, 0x20, 0x1, 0x7e, 0x91, 0x0,
    0xff, 0x3f, 0x40, 0x80, 0x4d, 0xd2, 0x40, 0x1f,
    0xe7, 0xe8, 0x10, 0x9, 0xb6, 0x8c, 0x3, 0xfc,
    0xfd, 0x2, 0x1, 0x2e, 0x5a, 0x0, 0x7f, 0x9f,
    0xa0, 0x40, 0x24, 0xbb, 0x0, 0x7f, 0xcf, 0xd0,
    0x20, 0x13, 0x0, 0x7f, 0xf0, 0x5f, 0xa0, 0x40,
    0x3f, 0xf8, 0xaf, 0xd0, 0x20, 0x1f, 0xfc, 0x57,
    0xc0,

    /* U+003D "=" */
    0x9f, 0xff, 0xfe, 0x28, 0x80, 0x7f, 0xf6, 0xaf,
    0x33, 0xff, 0x8a, 0x24, 0x67, 0xff, 0xc5, 0x0,
    0xff, 0xf7, 0x11, 0x9f, 0xff, 0x14, 0x2f, 0x33,
    0xff, 0x8a, 0x20, 0x1f, 0xfd, 0xa0,

    /* U+003E ">" */
    0x45, 0x0, 0xff, 0xe3, 0x15, 0x6a, 0x80, 0x7f,
    0xf1, 0x8a, 0xb5, 0x40, 0x3f, 0xf8, 0xc5, 0x5a,
    0xa0, 0x1f, 0xfc, 0x6, 0x92, 0x0, 0x8a, 0xb5,
    0x40, 0x3f, 0xe6, 0xda, 0x20, 0x8, 0xab, 0x54,
    0x3, 0xfe, 0x5d, 0xb3, 0x0, 0x8a, 0xb5, 0x40,
    0x3f, 0xe4, 0xcc, 0x20, 0x4, 0x55, 0xaa, 0x1,
    0xff, 0x1d, 0xe2, 0x80, 0x45, 0x5a, 0xa0, 0x1f,
    0xf1, 0xd6, 0xb0, 0x4, 0x55, 0xa0, 0x1f, 0xfc,
    0x2, 0x9e, 0x30, 0x8, 0x84, 0x3, 0xff, 0x80,
    0x74, 0x60, 0x18, 0x40, 0x3f, 0xc9, 0x98, 0x40,
    0x9, 0x74, 0x3, 0xf9, 0x72, 0xcc, 0x2, 0x5d,
    0xa2, 0x0, 0xf9, 0xb6, 0x8c, 0x2, 0x5d, 0xa2,
    0x0, 0xf9, 0xfa, 0x48, 0x2, 0x4c, 0xa2, 0x0,
    0xf0, 0xc7, 0x40, 0x80, 0x49, 0x96, 0x60, 0x1f,
    0x27, 0x38, 0x80, 0x49, 0x96, 0x60, 0x1f, 0xc4,
    0x1, 0x93, 0x2c, 0xc0, 0x3f, 0xf8, 0x49, 0x96,
    0x60, 0x1f, 0xfc, 0x13, 0x4c, 0xb3, 0x0, 0xff,
    0xe1, 0xad, 0x98, 0x7, 0xff, 0x14,

    /* U+003F "?" */
    0x0, 0xe4, 0xad, 0xef, 0xdb, 0x61, 0x0, 0xf8,
    0xf6, 0xd4, 0x84, 0x9, 0x27, 0xd4, 0x3, 0x93,
    0x8, 0x3, 0xf0, 0xd3, 0x80, 0x45, 0x60, 0x11,
    0xd6, 0xea, 0xd4, 0x2, 0x84, 0x0, 0x48, 0x4,
    0xd8, 0xa4, 0x44, 0xaa, 0x0, 0x52, 0x2, 0x80,
    0x2, 0x90, 0xf, 0x2b, 0x0, 0x8, 0xd4, 0x2,
    0x50, 0xf, 0xda, 0x1, 0x2b, 0xbe, 0xb0, 0xf,
    0xcc, 0x1, 0x8e, 0x22, 0x30, 0xf, 0xcc, 0x1,
    0xff, 0xc5, 0xf0, 0x9, 0x40, 0x3f, 0xf8, 0xa,
    0x80, 0x2, 0x30, 0xf, 0xf9, 0xe8, 0x2, 0x80,
    0xf, 0xf1, 0x64, 0x0, 0x4e, 0xa0, 0x1f, 0xcb,
    0xa6, 0x1, 0x44, 0x0, 0x3f, 0x92, 0x80, 0x22,
    0xc7, 0x0, 0xff, 0x48, 0x4, 0xba, 0x60, 0x1f,
    0xe2, 0x20, 0x0, 0xe8, 0x3, 0xff, 0x80, 0xe0,
    0x14, 0x80, 0x7f, 0xf0, 0x48, 0x2, 0x40, 0xf,
    0xfe, 0xf, 0x80, 0x42, 0x1, 0xff, 0xc1, 0x8f,
    0xf8, 0x3, 0xff, 0xce, 0x24, 0x1, 0xff, 0xc3,
    0x7e, 0xdd, 0x10, 0x7, 0xff, 0x0, 0xa0, 0x0,
    0x52, 0x1, 0xff, 0xc0, 0x60, 0xc, 0xc0, 0x1f,
    0xfc, 0x5, 0x0, 0xc8, 0x1, 0xff, 0xc0, 0x1b,
    0x20, 0x58, 0x0, 0xf8,

    /* U+0040 "@" */
    0x0, 0xff, 0xe0, 0x12, 0xc5, 0x5e, 0x62, 0xe9,
    0xd0, 0x3, 0xff, 0x92, 0x31, 0xba, 0xa7, 0x54,
    0x33, 0x22, 0xc5, 0xfd, 0x18, 0x7, 0xff, 0x10,
    0x67, 0x9c, 0x80, 0x3f, 0xf8, 0xb, 0x94, 0x40,
    0x1f, 0xfc, 0x14, 0xf6, 0x0, 0x89, 0xef, 0x7f,
    0xee, 0xc9, 0x50, 0x9, 0x75, 0x80, 0x3f, 0xe7,
    0xb1, 0x0, 0x26, 0x6c, 0x21, 0x0, 0x42, 0x6d,
    0x5f, 0x0, 0x14, 0xc0, 0x7, 0xf3, 0x40, 0x0,
    0x6e, 0xc6, 0x1, 0xff, 0xc0, 0x7e, 0x40, 0x3,
    0xc0, 0x7, 0xc9, 0x20, 0x2, 0xc4, 0x0, 0xff,
    0xe1, 0x8d, 0xb0, 0x1, 0xd0, 0x3, 0xd4, 0x0,
    0x1c, 0x20, 0xf, 0xfe, 0x34, 0xa0, 0x2, 0x80,
    0x39, 0xc4, 0x1, 0x42, 0x1, 0xff, 0xc8, 0xa1,
    0x1, 0x80, 0xd, 0x20, 0x5, 0x40, 0xf, 0x1d,
    0x6f, 0xf6, 0x38, 0x84, 0x44, 0x1, 0xc, 0x0,
    0x1c, 0x2, 0x61, 0x0, 0x40, 0x7, 0xa7, 0x14,
    0x80, 0x4e, 0x3d, 0x1d, 0xe0, 0xc, 0xc2, 0x0,
    0x50, 0x6, 0x80, 0x10, 0x80, 0x3a, 0xd8, 0x3,
    0xe1, 0xb0, 0xf, 0xcc, 0x0, 0xf0, 0x2, 0x0,
    0x34, 0x3, 0xa1, 0x0, 0xd, 0xbf, 0xee, 0x91,
    0x0, 0xfe, 0xc0, 0x2, 0x1, 0x80, 0x48, 0x1,
    0x89, 0xc0, 0x15, 0x24, 0x0, 0x16, 0xf1, 0x0,
    0xfc, 0xa0, 0x1, 0x13, 0x0, 0x44, 0x1, 0xac,
    0x0, 0xaa, 0x0, 0xf0, 0xc8, 0x7, 0xe1, 0x0,
    0x8c, 0x80, 0x4, 0x1, 0xce, 0x0, 0x90, 0xf,
    0xca, 0x1, 0xfc, 0x20, 0x1, 0xf0, 0x0, 0x80,
    0x61, 0x10, 0x0, 0xc0, 0x3f, 0x10, 0x7, 0xf1,
    0x80, 0x42, 0x0, 0x60, 0xc, 0x40, 0x2, 0x0,
    0xff, 0xe3, 0x98, 0x0, 0x40, 0x3f, 0x8, 0x7,
    0xff, 0x34, 0xc0, 0x21, 0x0, 0xc6, 0x0, 0x20,
    0xf, 0xfe, 0x38, 0x80, 0x7, 0x80, 0xe, 0x1,
    0x84, 0x2, 0x20, 0xf, 0xc6, 0x1, 0xf8, 0x40,
    0x30, 0x80, 0x8, 0x3, 0x8c, 0x0, 0x80, 0x1f,
    0x90, 0x3, 0xf1, 0x0, 0xc, 0x14, 0x0, 0x22,
    0x0, 0xd6, 0x0, 0xb0, 0xf, 0xd2, 0x1, 0x8,
    0x6, 0x40, 0x2, 0x1, 0x80, 0x48, 0x1, 0x98,
    0x0, 0x56, 0x1, 0xeb, 0x10, 0x9, 0xc0, 0x35,
    0x0, 0x2c, 0x0, 0x60, 0xc, 0x0, 0xc3, 0x0,
    0x4, 0xe8, 0x66, 0x4f, 0x20, 0x88, 0x1, 0x8,
    0x5, 0x64, 0x6, 0x60, 0x5, 0x80, 0x18, 0x40,
    0x33, 0xa8, 0x0, 0x5e, 0x64, 0xc2, 0x11, 0x20,
    0x1, 0xbf, 0xd4, 0x0, 0x78, 0x4, 0xc0, 0x14,
    0x80, 0x75, 0x30, 0x7, 0xd0, 0xce, 0xc0, 0x1f,
    0x51, 0x80, 0x42, 0xa0, 0x7, 0x20, 0xe, 0x9d,
    0x85, 0x45, 0x8e, 0x70, 0x4, 0xec, 0x2a, 0x2c,
    0x72, 0x80, 0x74, 0x0, 0x5e, 0x1, 0xe2, 0x7a,
    0xba, 0x71, 0x0, 0xc4, 0xf5, 0x74, 0xe2, 0x1,
    0xe2, 0x80, 0x1, 0x58, 0x7, 0xff, 0x49, 0xd0,
    0x0, 0x9a, 0x40, 0x1f, 0xfd, 0x1b, 0x40, 0x1,
    0x6c, 0x88, 0x7, 0xff, 0x4, 0x80, 0x3f, 0xf8,
    0x56, 0xc0, 0x13, 0x75, 0xb9, 0x80, 0x78, 0x52,
    0x37, 0x46, 0x1, 0xff, 0xc2, 0x9b, 0x20, 0x9,
    0x23, 0x3f, 0xdd, 0xba, 0xfe, 0xb7, 0x20, 0xb0,
    0xf, 0xfe, 0x1a, 0x6d, 0x20, 0x7, 0x84, 0x88,
    0x1, 0xc5, 0xc0, 0x1f, 0xfc, 0x55, 0xbe, 0xa7,
    0x42, 0x10, 0x0, 0x92, 0x35, 0x6e, 0x98, 0x3,
    0xf0,

    /* U+0041 "A" */
    0x0, 0xff, 0x4f, 0xfe, 0x10, 0xf, 0xfe, 0x43,
    0x0, 0x67, 0x0, 0xff, 0xe3, 0xa8, 0x7, 0x50,
    0x7, 0xff, 0x1f, 0x80, 0xa, 0x0, 0x32, 0x0,
    0xff, 0xe2, 0x8a, 0x0, 0x38, 0x80, 0x14, 0x1,
    0xff, 0xc5, 0x70, 0x9, 0x14, 0x0, 0xc0, 0x1f,
    0xfc, 0x5a, 0x0, 0x28, 0x58, 0x0, 0x50, 0x3,
    0xff, 0x86, 0x46, 0x0, 0xf0, 0x31, 0x0, 0x70,
    0x7, 0xff, 0xe, 0x80, 0x24, 0x0, 0x38, 0x1,
    0x40, 0x3f, 0xf8, 0x6c, 0x0, 0x41, 0x0, 0x68,
    0x4, 0xc0, 0x1f, 0xfc, 0x13, 0x10, 0x6, 0x80,
    0x48, 0x20, 0xd, 0x0, 0xff, 0xe0, 0xd0, 0x4,
    0xe0, 0x19, 0xc0, 0x8, 0x20, 0x1f, 0xfc, 0x6,
    0x0, 0x20, 0x80, 0x6d, 0x0, 0x98, 0x3, 0xfe,
    0x50, 0xb, 0x80, 0x39, 0x4, 0x1, 0x40, 0x1f,
    0xf7, 0x0, 0x4a, 0x1, 0xe6, 0x0, 0x11, 0x80,
    0x7f, 0xa, 0x0, 0x14, 0x3, 0xea, 0x0, 0xa8,
    0x3, 0xf9, 0xc0, 0x2f, 0x0, 0xf8, 0x88, 0x0,
    0x70, 0xf, 0xea, 0x0, 0x84, 0xcf, 0xf3, 0x0,
    0x5, 0x40, 0x3e, 0x23, 0x0, 0xaf, 0x33, 0xf2,
    0x0, 0x5c, 0x1, 0xf5, 0x0, 0x7f, 0xf1, 0x50,
    0x40, 0x3c, 0xc0, 0x1f, 0xfc, 0x66, 0x0, 0xe4,
    0x10, 0x3, 0x7f, 0xff, 0xf0, 0x0, 0x2b, 0x0,
    0xed, 0x0, 0xa8, 0x3, 0xff, 0x80, 0xa0, 0x3,
    0x20, 0xc, 0xc0, 0x1, 0x30, 0xf, 0xfe, 0x7,
    0x0, 0x54, 0x1, 0x28, 0x4, 0xc0, 0x1f, 0xfc,
    0x14, 0x10, 0x3, 0x0, 0x5c, 0x1, 0x50, 0x7,
    0xff, 0x9, 0xc0, 0x2, 0x80, 0x28, 0x0, 0x22,
    0x0, 0x7f, 0xf0, 0xa8, 0x2, 0xe0, 0x60, 0xa,
    0x80, 0x3f, 0xf8, 0x66, 0x40, 0x5, 0xb, 0x0,
    0x94, 0x3, 0xff, 0x88, 0xa0, 0x13, 0x0,

    /* U+0042 "B" */
    0x7f, 0xff, 0xfb, 0xad, 0xc4, 0x3, 0xff, 0x8a,
    0x29, 0x1d, 0x0, 0x1f, 0xfc, 0x87, 0xb0, 0xf,
    0xa2, 0xef, 0xd5, 0x8, 0x1, 0x24, 0x80, 0x79,
    0x13, 0xe5, 0x7b, 0xb0, 0x4, 0xc2, 0x1, 0xff,
    0xc3, 0x49, 0x0, 0x98, 0x3, 0xff, 0x88, 0xc0,
    0x16, 0x80, 0x7f, 0xf1, 0x48, 0x0, 0x20, 0x1f,
    0xfd, 0x91, 0x20, 0x1, 0x0, 0x7f, 0xf1, 0x20,
    0x2, 0xa0, 0xf, 0xfe, 0x1b, 0xb0, 0x1, 0xc,
    0x3, 0x98, 0x47, 0xc6, 0xd9, 0x0, 0x4, 0xb0,
    0xf, 0x57, 0x77, 0xb2, 0x4c, 0xe, 0xac, 0x3,
    0xff, 0x8c, 0xe6, 0x1, 0xff, 0xc7, 0x49, 0xe3,
    0x0, 0xf6, 0x7f, 0xfd, 0xb4, 0x60, 0x1, 0xc3,
    0x0, 0xff, 0xe0, 0x92, 0xe4, 0x0, 0x5a, 0x1,
    0xff, 0xc4, 0x76, 0x0, 0xa, 0x80, 0x7f, 0xf1,
    0x20, 0x2, 0xe0, 0xf, 0xfe, 0x20, 0x98, 0x1,
    0xc0, 0x3f, 0xf8, 0xae, 0x0, 0x20, 0xf, 0xfe,
    0x2b, 0x0, 0x8, 0x3, 0xff, 0x88, 0xa4, 0x0,
    0x50, 0xf, 0xfe, 0x1a, 0x50, 0x5, 0xa0, 0x19,
    0x13, 0xf2, 0xbe, 0x58, 0x4, 0x88, 0x0, 0xd1,
    0x77, 0xf5, 0x41, 0x80, 0x47, 0x40, 0x1f, 0xfc,
    0x67, 0xc1, 0x0, 0xff, 0xe1, 0x12, 0xcf, 0x40,
    0x4,

    /* U+0043 "C" */
    0x0, 0xfc, 0x4f, 0x7b, 0xfe, 0xed, 0x95, 0x0,
    0xff, 0xe1, 0x15, 0x6c, 0x21, 0x0, 0x4, 0x9a,
    0xb9, 0xc0, 0x3f, 0xe6, 0xd5, 0x0, 0xff, 0xc,
    0x69, 0x0, 0x7e, 0x89, 0x0, 0xc4, 0xd1, 0x7,
    0x40, 0xc, 0x58, 0x40, 0x1e, 0x77, 0x0, 0x47,
    0x9b, 0x2e, 0xe8, 0xbf, 0x91, 0x0, 0xf, 0x80,
    0x71, 0xc0, 0x4, 0xf8, 0x60, 0x1f, 0x37, 0x98,
    0x0, 0xa8, 0x3, 0x78, 0x4, 0xf0, 0x1, 0xfe,
    0x1d, 0x10, 0x2, 0x90, 0x1, 0xc, 0x0, 0x70,
    0x1, 0xff, 0xc0, 0x1b, 0x0, 0xa8, 0x1, 0xc0,
    0x17, 0x80, 0x7f, 0xf0, 0x94, 0x40, 0xa, 0x0,
    0x50, 0x1, 0x98, 0x3, 0xff, 0x87, 0xb7, 0x69,
    0x3, 0x0, 0xac, 0x3, 0xff, 0x88, 0x68, 0x90,
    0x28, 0x4, 0x60, 0x1f, 0xfc, 0x9e, 0x0, 0x94,
    0x3, 0xff, 0x92, 0x20, 0x10, 0x80, 0x7f, 0xff,
    0x44, 0x2, 0x10, 0xf, 0xfe, 0x4f, 0x0, 0x4a,
    0x1, 0xff, 0xc9, 0x50, 0x8, 0xc0, 0x3f, 0xf9,
    0x26, 0x1, 0x58, 0x7, 0xff, 0x10, 0xd5, 0x48,
    0x0, 0x50, 0x1, 0x98, 0x3, 0xff, 0x87, 0xb5,
    0x49, 0x0, 0x70, 0x5, 0xe0, 0x1f, 0xfc, 0x25,
    0x10, 0x2, 0x80, 0x10, 0xc0, 0x7, 0x0, 0x1f,
    0xfc, 0x1, 0xb0, 0xa, 0x80, 0x2f, 0x0, 0x9e,
    0x0, 0x3f, 0xc3, 0xa2, 0x0, 0x62, 0x0, 0x8e,
    0x0, 0x27, 0xc3, 0x0, 0xf9, 0xbc, 0xc0, 0x5,
    0x20, 0x1c, 0xec, 0x1, 0x1e, 0x6c, 0xbb, 0xa2,
    0xbe, 0x44, 0x0, 0x3e, 0x1, 0xf4, 0xc0, 0x6,
    0x26, 0x88, 0x3a, 0x80, 0x62, 0xc2, 0x0, 0xfc,
    0xfa, 0x80, 0x1f, 0xe1, 0x8d, 0x20, 0xf, 0xf1,
    0x5e, 0xc2, 0x8, 0x0, 0x49, 0xab, 0x9c, 0x3,
    0xc0,

    /* U+0044 "D" */
    0x7f, 0xff, 0xf7, 0x65, 0x30, 0x80, 0x7f, 0xf1,
    0xc4, 0xd6, 0x7a, 0x48, 0x3, 0xff, 0x94, 0xda,
    0xc0, 0x1f, 0xcf, 0x77, 0xe9, 0x72, 0x0, 0xd3,
    0x0, 0x1f, 0xad, 0x13, 0xcd, 0x1b, 0x88, 0x1,
    0x3b, 0x80, 0x3f, 0xf8, 0xa7, 0x70, 0x1, 0x41,
    0x0, 0x7f, 0xf1, 0x9e, 0x0, 0x29, 0x0, 0xff,
    0xe3, 0xb9, 0x80, 0x10, 0xc0, 0x3f, 0xf8, 0xf0,
    0x1, 0x50, 0x7, 0xff, 0x1d, 0x8, 0x0, 0xe0,
    0x1f, 0xfc, 0x84, 0x0, 0x8, 0x80, 0x3f, 0xf8,
    0xf8, 0x1, 0x28, 0x7, 0xff, 0x1d, 0x80, 0x22,
    0x0, 0xff, 0xe3, 0x88, 0x4, 0x20, 0x1f, 0xfc,
    0x73, 0x0, 0xff, 0xe5, 0x98, 0x4, 0x20, 0x1f,
    0xfc, 0x71, 0x0, 0xff, 0xe5, 0xb0, 0x4, 0x40,
    0x1f, 0xfc, 0x7c, 0x0, 0x94, 0x3, 0xff, 0x8e,
    0xe0, 0x2, 0x10, 0xf, 0xfe, 0x32, 0x8, 0x1,
    0x40, 0x3f, 0xf8, 0xf0, 0x1, 0x50, 0x7, 0xff,
    0x1a, 0xc, 0x0, 0x84, 0x1, 0xff, 0xc5, 0x87,
    0x0, 0xa4, 0x3, 0xff, 0x88, 0x98, 0xe0, 0x14,
    0x90, 0x7, 0xad, 0x13, 0x95, 0xa7, 0x6c, 0xc0,
    0x28, 0x60, 0xf, 0x9e, 0xef, 0xaa, 0x58, 0x80,
    0x21, 0xa7, 0x0, 0xff, 0xe4, 0x3f, 0xa8, 0x7,
    0xff, 0x10, 0x4d, 0xab, 0xe0, 0x40, 0x3c,

    /* U+0045 "E" */
    0x7f, 0xff, 0xfe, 0x2a, 0x0, 0x7f, 0xf7, 0xa2,
    0xef, 0xff, 0x82, 0xa0, 0x19, 0x13, 0xff, 0x84,
    0x20, 0x1f, 0xff, 0xf0, 0xf, 0xff, 0x92, 0x27,
    0xff, 0x4, 0x40, 0x3a, 0x2e, 0xff, 0xf8, 0xa,
    0x1, 0xff, 0xdf, 0xcf, 0xff, 0xfe, 0x2, 0x0,
    0x7f, 0xff, 0xc0, 0x3f, 0xff, 0xe0, 0x1f, 0x22,
    0x7f, 0xf0, 0x84, 0x3, 0x45, 0xdf, 0xff, 0x5,
    0xc0, 0x3f, 0xfb, 0x40,

    /* U+0046 "F" */
    0x7f, 0xff, 0xfe, 0x28, 0x80, 0x7f, 0xf7, 0xa2,
    0xef, 0xff, 0x82, 0x20, 0x19, 0x13, 0xff, 0x84,
    0x1, 0xff, 0xff, 0x0, 0xff, 0xff, 0x80, 0x7d,
    0x9f, 0xff, 0xf6, 0x0, 0x7f, 0xf8, 0x22, 0xef,
    0xfe, 0xf0, 0xf, 0x22, 0x7f, 0xf0, 0xc, 0x3,
    0xff, 0xfe, 0x1, 0xff, 0xff, 0x0, 0xff, 0xf8,
    0x80,

    /* U+0047 "G" */
    0x0, 0xfc, 0x4f, 0x7d, 0xfe, 0xec, 0x95, 0x0,
    0xff, 0xe1, 0x1d, 0xec, 0x20, 0x80, 0x4, 0xda,
    0xb9, 0xc0, 0x3f, 0xe7, 0xc4, 0x0, 0xff, 0xc,
    0x69, 0x0, 0x7e, 0x98, 0x0, 0xc4, 0xd1, 0x7,
    0x40, 0xc, 0x58, 0x60, 0x1e, 0x76, 0x0, 0x8f,
    0x36, 0x5d, 0xd1, 0x7f, 0x0, 0x10, 0xe8, 0x80,
    0x63, 0x80, 0xa, 0x30, 0xc0, 0x3e, 0x7d, 0x20,
    0x0, 0xd0, 0x6, 0xf0, 0xa, 0x1c, 0x3, 0xfc,
    0x5e, 0x20, 0x4, 0x40, 0x1, 0xc, 0x0, 0x6e,
    0x1, 0xff, 0xc0, 0x28, 0x0, 0xb8, 0x1, 0xc0,
    0x17, 0x80, 0x7f, 0xf0, 0x98, 0x40, 0xa, 0x0,
    0x50, 0x1, 0x98, 0x3, 0xff, 0x87, 0xdf, 0xf0,
    0x18, 0x5, 0x60, 0x1f, 0xfc, 0x95, 0x0, 0x8c,
    0x3, 0xff, 0x93, 0xc0, 0x12, 0x80, 0x7f, 0xf2,
    0x44, 0x2, 0x10, 0xf, 0xfe, 0xbe, 0xff, 0xff,
    0x94, 0x3, 0xff, 0x9c, 0x20, 0x10, 0x80, 0x7f,
    0xf2, 0x78, 0x2, 0x50, 0xf, 0xee, 0xcc, 0xf3,
    0x80, 0x65, 0x0, 0x8c, 0x3, 0xf8, 0xcf, 0xee,
    0x0, 0x84, 0xc0, 0x2b, 0x0, 0xff, 0xe2, 0x78,
    0x4, 0xc0, 0xa0, 0x3, 0x30, 0x7, 0xff, 0xd,
    0x0, 0x22, 0xe, 0x0, 0xbc, 0x3, 0xff, 0x84,
    0xa4, 0x0, 0x50, 0x2, 0x18, 0x0, 0xe0, 0x3,
    0xff, 0x80, 0x36, 0x1, 0x70, 0x5, 0xe0, 0x13,
    0xc0, 0x7, 0xf8, 0x74, 0x40, 0x8, 0x80, 0x8,
    0xe0, 0x2, 0x7c, 0x40, 0xf, 0x97, 0xcc, 0x2,
    0x90, 0xe, 0x76, 0x0, 0x8e, 0xf6, 0x5d, 0x9e,
    0xba, 0x84, 0x2, 0xb2, 0x0, 0xf4, 0xc0, 0x6,
    0x26, 0x89, 0x85, 0x10, 0x8, 0x71, 0x0, 0x3f,
    0x3e, 0x20, 0x7, 0xfc, 0xdc, 0x60, 0x1f, 0xe3,
    0xbd, 0x84, 0x20, 0x8, 0x96, 0x7a, 0x40, 0x3c,

    /* U+0048 "H" */
    0x7f, 0xf8, 0xc0, 0x3f, 0xf8, 0x51, 0xff, 0x18,
    0x7, 0xff, 0xfc, 0x3, 0xff, 0xfe, 0x1, 0xff,
    0xff, 0x0, 0xff, 0xef, 0xa2, 0x7f, 0xf0, 0xc8,
    0x3, 0xf4, 0x5d, 0xff, 0xf0, 0x94, 0x3, 0xff,
    0xd9, 0x9f, 0xff, 0xfc, 0x27, 0x0, 0xff, 0xff,
    0x80, 0x7f, 0xff, 0xc0, 0x3f, 0xff, 0xe0, 0x1f,
    0xff, 0x70,

    /* U+0049 "I" */
    0x7f, 0xf8, 0xc0, 0x3f, 0xff, 0xe0, 0x1f, 0xff,
    0x50,

    /* U+004A "J" */
    0x0, 0xff, 0xe1, 0x37, 0xfc, 0xa0, 0x1f, 0xff,
    0xf0, 0xf, 0xff, 0xf8, 0x7, 0xff, 0xfc, 0x3,
    0xff, 0xfe, 0x1, 0xff, 0xcc, 0x22, 0x84, 0x3,
    0xff, 0x87, 0xbb, 0x58, 0x7, 0xff, 0x50, 0x40,
    0x33, 0x0, 0x7f, 0x8, 0x4, 0xe0, 0x40, 0x3,
    0x0, 0xfe, 0xc0, 0x8, 0x81, 0x0, 0x26, 0x0,
    0xf8, 0x90, 0x0, 0x42, 0x14, 0x1, 0x4a, 0x0,
    0x70, 0xf8, 0x5, 0x40, 0x3, 0x50, 0xa, 0xe9,
    0x51, 0x67, 0x88, 0x0, 0x2e, 0x1, 0x51, 0x80,
    0x4b, 0x57, 0x4c, 0x1, 0xe, 0x0, 0x76, 0x30,
    0x7, 0xf1, 0xe1, 0x0, 0x7a, 0x75, 0xcc, 0x40,
    0x4, 0xd7, 0x84, 0x1, 0x0,

    /* U+004B "K" */
    0x7f, 0xf8, 0xc0, 0x3f, 0xf8, 0x13, 0xff, 0x90,
    0x3, 0xff, 0x89, 0xc, 0x1, 0x52, 0x0, 0x7f,
    0xf0, 0xdd, 0xc0, 0x14, 0xa8, 0x7, 0xff, 0xd,
    0xa0, 0x2, 0x86, 0x0, 0xff, 0xe1, 0xac, 0x80,
    0x4e, 0xe0, 0xf, 0xfe, 0x1a, 0x50, 0x4, 0xd0,
    0x1, 0xff, 0xc3, 0x3b, 0x0, 0x96, 0x40, 0x3f,
    0xf8, 0x65, 0xa0, 0x12, 0x50, 0x7, 0xff, 0xc,
    0x70, 0x40, 0x7, 0x60, 0x1f, 0xfc, 0x31, 0xc1,
    0x0, 0x1e, 0x0, 0x7f, 0xf1, 0x34, 0x80, 0x5,
    0xa0, 0x1f, 0xfc, 0x4b, 0x30, 0x1, 0x60, 0x80,
    0x7f, 0xf0, 0xe5, 0x0, 0x2e, 0x10, 0xf, 0xfe,
    0x1b, 0x30, 0x3, 0x48, 0x7, 0xff, 0xd, 0x64,
    0x3, 0x95, 0x80, 0x3f, 0xf8, 0x52, 0x0, 0x19,
    0x0, 0xa4, 0x80, 0x3f, 0xf8, 0x63, 0x8c, 0xe0,
    0x17, 0x0, 0x7f, 0xf0, 0x87, 0x8, 0x20, 0xc0,
    0x7, 0x0, 0x1f, 0xfc, 0x1d, 0x20, 0xb, 0x80,
    0x27, 0x40, 0xf, 0xfa, 0xc, 0x3, 0x14, 0x80,
    0x54, 0x20, 0x1f, 0xe4, 0x0, 0xf3, 0x20, 0x0,
    0x6c, 0x3, 0xff, 0x8d, 0x42, 0x0, 0x56, 0x0,
    0xff, 0xe2, 0x8d, 0x0, 0x52, 0x40, 0x1f, 0xfc,
    0x54, 0x70, 0xb, 0x80, 0x3f, 0xf8, 0xd0, 0x40,
    0x3, 0x80, 0xf, 0xfe, 0x37, 0x80, 0x4e, 0x80,
    0x1f, 0xfc, 0x52, 0x90, 0xa, 0x84, 0x3, 0xff,
    0x8a, 0xc8, 0x0, 0x1a, 0x0, 0xff, 0xe3, 0x50,
    0x80, 0x11, 0x80,

    /* U+004C "L" */
    0x7f, 0xf8, 0xc0, 0x3f, 0xff, 0xe0, 0x1f, 0xff,
    0xf0, 0xf, 0xff, 0xf8, 0x7, 0xff, 0xfc, 0x3,
    0xff, 0xfe, 0x1, 0xff, 0xfe, 0x44, 0xff, 0xe0,
    0x90, 0x6, 0x8b, 0xbf, 0xfe, 0x4, 0x80, 0x7f,
    0xf6, 0x0,

    /* U+004D "M" */
    0x7f, 0xfe, 0x0, 0xff, 0xe3, 0x6f, 0xfe, 0xa0,
    0xf, 0x30, 0x7, 0xff, 0x11, 0x8, 0x3, 0xfe,
    0xa0, 0xf, 0xfe, 0x27, 0x0, 0x7f, 0xf0, 0xc,
    0x80, 0x3f, 0xf8, 0x42, 0xa0, 0x1f, 0xc2, 0x20,
    0x5, 0x0, 0x7f, 0xf0, 0x9c, 0x0, 0x22, 0x0,
    0xf0, 0xb8, 0x1, 0x80, 0x3f, 0xf8, 0x54, 0x0,
    0x70, 0xf, 0xda, 0x0, 0x15, 0x0, 0xff, 0xe0,
    0x19, 0x80, 0x1a, 0x20, 0x1f, 0x20, 0x80, 0x38,
    0x3, 0xff, 0x81, 0x40, 0x1, 0x40, 0xf, 0xe7,
    0x0, 0x21, 0x0, 0x7f, 0xce, 0x0, 0x70, 0xf,
    0xf5, 0x0, 0x54, 0x1, 0xfe, 0x51, 0x0, 0x68,
    0x7, 0xf8, 0xc8, 0x0, 0xc0, 0x1f, 0xee, 0x0,
    0xa, 0x0, 0x7f, 0xca, 0x0, 0x14, 0x0, 0xfc,
    0x48, 0x0, 0x60, 0xf, 0xfe, 0x5, 0x0, 0x5c,
    0x1, 0xfa, 0x80, 0x2a, 0x0, 0xff, 0xe0, 0x12,
    0x0, 0x14, 0x40, 0x3e, 0x60, 0x1, 0x90, 0x7,
    0xff, 0x7, 0x80, 0x26, 0x0, 0xf2, 0x8, 0x2,
    0x40, 0x3f, 0xf8, 0x4a, 0x20, 0xa, 0x0, 0xf7,
    0x0, 0x5, 0x40, 0x3f, 0xf8, 0x6c, 0x0, 0x24,
    0x0, 0xc2, 0xa0, 0x7, 0x0, 0xff, 0xe2, 0x50,
    0x5, 0xc0, 0x19, 0x80, 0x2b, 0x0, 0xff, 0xe2,
    0x12, 0x0, 0x14, 0x40, 0x2a, 0x0, 0x19, 0x0,
    0x7f, 0xf1, 0x78, 0x2, 0x70, 0x1, 0x10, 0x1,
    0x40, 0x1f, 0xfc, 0x65, 0x10, 0x6, 0x80, 0x28,
    0x2, 0x60, 0xf, 0xfe, 0x3b, 0x0, 0x10, 0x41,
    0x40, 0xc, 0x1, 0xff, 0xc8, 0xa0, 0x9, 0x8,
    0x80, 0xa, 0x0, 0xff, 0xe4, 0x12, 0x0, 0x3d,
    0x40, 0x4, 0x60, 0x1f, 0xfc, 0x9e, 0x0, 0x2d,
    0x80, 0x2c, 0x3, 0xff, 0x94, 0xa2, 0x0, 0x30,
    0x3, 0x80, 0x7f, 0xf2, 0xd8, 0x3, 0x28, 0x80,
    0x7f, 0xf2, 0xe8, 0x3, 0x70, 0x7, 0xff, 0x30,
    0x90, 0x0, 0x48, 0x1, 0xff, 0xc0,

    /* U+004E "N" */
    0x7f, 0xfc, 0x60, 0x1f, 0xfc, 0x11, 0xff, 0xa8,
    0x3, 0xb8, 0x3, 0xff, 0x96, 0x4e, 0x1, 0xff,
    0xcb, 0x82, 0x0, 0xff, 0xe5, 0xf0, 0x7, 0xff,
    0x22, 0x0, 0x6, 0xc0, 0x1f, 0xfc, 0x76, 0x10,
    0x4, 0x88, 0x7, 0xff, 0x1e, 0xc0, 0x2b, 0x0,
    0xff, 0xe3, 0x1a, 0x98, 0x1, 0x54, 0x1, 0xff,
    0xc7, 0xf0, 0xa, 0xc4, 0x3, 0xff, 0x88, 0x20,
    0x6c, 0x0, 0x18, 0x0, 0xff, 0xe3, 0xc0, 0x80,
    0x19, 0x0, 0x3f, 0xf8, 0xc3, 0x60, 0x14, 0x80,
    0x7f, 0xf0, 0xdc, 0x2, 0x54, 0x0, 0x14, 0x0,
    0x7f, 0xf1, 0xe8, 0x2, 0x72, 0x0, 0xff, 0xe3,
    0xc, 0x0, 0x5c, 0x1, 0xff, 0xc7, 0x73, 0x0,
    0x1b, 0x80, 0x7f, 0xf1, 0xf8, 0x2, 0x82, 0x0,
    0xff, 0xe3, 0x13, 0x80, 0x52, 0x1, 0xff, 0xc7,
    0x82, 0x0, 0x22, 0x80, 0x7f, 0xf1, 0xf8, 0x2,
    0xb0, 0x10, 0xf, 0xfe, 0x29, 0xb0, 0x0, 0x60,
    0x3, 0xff, 0x8f, 0x22, 0x0, 0x71, 0x0, 0xff,
    0xe3, 0xd8, 0x5, 0x2, 0x1, 0xff, 0xc6, 0x55,
    0x0, 0x18, 0x40, 0x3f, 0xf8, 0xf6, 0x1, 0xff,
    0xcb, 0x19, 0x0, 0xff, 0xe5, 0xb1, 0x80, 0x7f,
    0xf2, 0xf8, 0x3, 0x80,

    /* U+004F "O" */
    0x0, 0xfc, 0x2f, 0x7b, 0xfe, 0xed, 0x95, 0x0,
    0xff, 0xe1, 0x95, 0x74, 0x21, 0x0, 0x4, 0x9a,
    0xb9, 0xc0, 0x3f, 0xf8, 0xd, 0xaa, 0x1, 0xfe,
    0x18, 0xd2, 0x0, 0xfe, 0x89, 0x0, 0xc4, 0xd1,
    0x7, 0x40, 0xc, 0x58, 0x60, 0x1f, 0x33, 0x80,
    0x47, 0x9b, 0x2e, 0xe8, 0xbf, 0x80, 0x8, 0x74,
    0x40, 0x38, 0xa4, 0x2, 0x7c, 0x30, 0xf, 0x9f,
    0x88, 0x0, 0x3a, 0x1, 0xdc, 0x1, 0x3c, 0x0,
    0x7f, 0x87, 0x8, 0x0, 0x6a, 0x1, 0x21, 0x80,
    0xe, 0x0, 0x3f, 0xf8, 0x3, 0xc0, 0x14, 0x0,
    0x5c, 0x1, 0x78, 0x7, 0xff, 0x8, 0xd4, 0x0,
    0x46, 0x0, 0x50, 0x1, 0x98, 0x3, 0xff, 0x87,
    0x20, 0x15, 0x81, 0x80, 0x56, 0x1, 0xff, 0xc4,
    0x31, 0x0, 0x20, 0x28, 0x4, 0x60, 0x1f, 0xfc,
    0x54, 0x0, 0x18, 0x70, 0x4, 0xa0, 0x1f, 0xfc,
    0x52, 0x0, 0x84, 0x40, 0x10, 0x80, 0x7f, 0xf1,
    0x7c, 0x2, 0x30, 0xf, 0xfe, 0x50, 0x80, 0x42,
    0x1, 0xff, 0xca, 0x10, 0x8, 0x44, 0x1, 0x8,
    0x7, 0xff, 0x17, 0xc0, 0x23, 0xe0, 0x9, 0x40,
    0x3f, 0xf8, 0xa4, 0x1, 0xa, 0x80, 0x46, 0x1,
    0xff, 0xc5, 0x40, 0x1, 0x81, 0x80, 0x56, 0x1,
    0xff, 0xc4, 0x31, 0x0, 0x20, 0x1, 0x40, 0x6,
    0x60, 0xf, 0xfe, 0x1c, 0x80, 0x58, 0x0, 0xe0,
    0xb, 0xc0, 0x3f, 0xf8, 0x46, 0xa0, 0x2, 0x40,
    0x2, 0x18, 0x0, 0xe0, 0x3, 0xff, 0x80, 0x3c,
    0x1, 0x58, 0x6, 0xf0, 0x9, 0xe0, 0x3, 0xfc,
    0x38, 0x40, 0x3, 0x60, 0xc, 0x70, 0x1, 0x3e,
    0x18, 0x7, 0xcd, 0xe4, 0x0, 0x1d, 0x0, 0xf3,
    0xb8, 0x2, 0x3c, 0xd9, 0x77, 0x45, 0x7c, 0x88,
    0x0, 0x74, 0x40, 0x3e, 0x89, 0x0, 0xc4, 0xd1,
    0x7, 0x50, 0xc, 0x58, 0x60, 0x1f, 0xcd, 0xaa,
    0x1, 0xfe, 0x18, 0xd2, 0x0, 0xff, 0x8a, 0xb6,
    0x10, 0x40, 0x2, 0x4b, 0x5c, 0xe0, 0x1f, 0x0,

    /* U+0050 "P" */
    0x7f, 0xff, 0xfb, 0x6d, 0x84, 0x3, 0xff, 0x8a,
    0x49, 0x3c, 0xe0, 0x1f, 0xfc, 0x88, 0xb0, 0xf,
    0xa7, 0x33, 0xae, 0xa0, 0x80, 0x24, 0xa0, 0xf,
    0x29, 0x9f, 0x22, 0xbe, 0xd0, 0x4, 0xa8, 0x1,
    0xff, 0xc3, 0x5a, 0x0, 0xa0, 0x3, 0xff, 0x88,
    0xa6, 0x0, 0x31, 0x0, 0xff, 0xe2, 0x58, 0x4,
    0xa0, 0x1f, 0xfc, 0x42, 0x0, 0x84, 0x3, 0xff,
    0x90, 0x60, 0x1f, 0xfc, 0x42, 0x0, 0x88, 0x3,
    0xff, 0x89, 0x80, 0x13, 0x0, 0x7f, 0xf0, 0xcd,
    0x0, 0x4, 0x40, 0xf, 0xfe, 0x11, 0x70, 0x5,
    0x60, 0x1f, 0xfc, 0x1, 0x39, 0xd2, 0x0, 0x13,
    0x0, 0x76, 0x7f, 0xfb, 0xb1, 0x80, 0x21, 0xf0,
    0xf, 0xfe, 0x32, 0x79, 0x0, 0x7f, 0xf1, 0x16,
    0xec, 0x20, 0x1f, 0x45, 0xdf, 0x66, 0x3b, 0xe9,
    0x0, 0x3f, 0x91, 0x3c, 0x66, 0x10, 0xf, 0xff,
    0xf8, 0x7, 0xff, 0xfc, 0x3, 0xff, 0xc6,

    /* U+0051 "Q" */
    0x0, 0xfc, 0x2f, 0x7b, 0xfe, 0xed, 0x95, 0x0,
    0xff, 0xe1, 0x95, 0x74, 0x21, 0x0, 0x4, 0x9a,
    0xb9, 0xc0, 0x3f, 0xf8, 0xd, 0xaa, 0x1, 0xfe,
    0x18, 0xd2, 0x0, 0xfe, 0x89, 0x0, 0xc4, 0xd1,
    0x7, 0x40, 0xc, 0x58, 0x60, 0x1f, 0x33, 0x80,
    0x47, 0x9b, 0x2e, 0xe8, 0xbf, 0x80, 0x8, 0x74,
    0x40, 0x38, 0xa4, 0x2, 0x7c, 0x30, 0xf, 0x9f,
    0x88, 0x0, 0x3a, 0x1, 0xdc, 0x1, 0x3c, 0x0,
    0x7f, 0x87, 0x8, 0x0, 0x6a, 0x1, 0x21, 0x80,
    0xe, 0x0, 0x3f, 0xf8, 0x3, 0xc0, 0x14, 0x0,
    0x5c, 0x1, 0x78, 0x7, 0xff, 0x8, 0xd4, 0x0,
    0x46, 0x0, 0x50, 0x1, 0x98, 0x3, 0xff, 0x87,
    0x20, 0x15, 0x81, 0x80, 0x56, 0x1, 0xff, 0xc4,
    0x31, 0x0, 0x20, 0x28, 0x4, 0x60, 0x1f, 0xfc,
    0x54, 0x0, 0x18, 0x70, 0x4, 0xa0, 0x1f, 0xfc,
    0x52, 0x0, 0x84, 0x40, 0x10, 0x80, 0x7f, 0xf1,
    0x7c, 0x2, 0x30, 0xf, 0xfe, 0x50, 0x80, 0x42,
    0x1, 0xff, 0xca, 0x10, 0x8, 0x44, 0x1, 0x8,
    0x7, 0xff, 0x17, 0xc0, 0x23, 0xe0, 0x9, 0x40,
    0x3f, 0xf8, 0xa4, 0x1, 0xa, 0x80, 0x46, 0x1,
    0xff, 0xc5, 0x40, 0x1, 0x81, 0x80, 0x56, 0x1,
    0xf1, 0xa2, 0x40, 0x1c, 0x62, 0x0, 0x40, 0x2,
    0x80, 0xc, 0xc0, 0x1e, 0x7b, 0xba, 0x0, 0x34,
    0x80, 0x58, 0x0, 0xe0, 0xb, 0xc0, 0x3c, 0x8e,
    0x0, 0x75, 0x0, 0x1a, 0x80, 0x9, 0x0, 0x8,
    0x60, 0x3, 0x80, 0xf, 0x41, 0x80, 0x28, 0x87,
    0x80, 0x2b, 0x0, 0xde, 0x1, 0x3c, 0x0, 0x7b,
    0x44, 0x1, 0x98, 0x20, 0x1, 0xb0, 0x6, 0x38,
    0x0, 0x9f, 0xc, 0x3, 0xd, 0x0, 0x4, 0x80,
    0x3, 0xa0, 0x1e, 0x77, 0x0, 0x47, 0x9b, 0x2e,
    0xe8, 0xe0, 0xe, 0x1d, 0x10, 0xf, 0xa2, 0x40,
    0x31, 0x34, 0x41, 0xd4, 0x3, 0xac, 0xc0, 0x3f,
    0x9b, 0x54, 0x3, 0xff, 0x83, 0x20, 0x1f, 0xf1,
    0x56, 0xc2, 0x8, 0x0, 0x49, 0x6a, 0xc0, 0x7,
    0x20, 0x1f, 0xfc, 0x2, 0x7b, 0xef, 0xf7, 0x6d,
    0x2a, 0x40, 0x1, 0x94, 0x3, 0xff, 0x94, 0xe8,
    0x0, 0xa2, 0x0, 0xff, 0xe5, 0x54, 0x3b, 0xc0,
    0x0,

    /* U+0052 "R" */
    0x7f, 0xff, 0xfb, 0x6d, 0xc4, 0x3, 0xff, 0x8c,
    0x49, 0x1d, 0x0, 0x1f, 0xfc, 0x97, 0xc1, 0x0,
    0xfa, 0x73, 0x3a, 0xea, 0xc, 0x2, 0x3a, 0x0,
    0xf9, 0x4c, 0xf9, 0x15, 0xf2, 0x84, 0x0, 0x8a,
    0x1, 0xff, 0xc4, 0x5a, 0x0, 0xa4, 0x3, 0xff,
    0x8a, 0x86, 0x0, 0x31, 0x0, 0xff, 0xe2, 0xd8,
    0x4, 0xa0, 0x1f, 0xfc, 0x52, 0x0, 0x84, 0x3,
    0xff, 0x92, 0x60, 0x1f, 0xfc, 0x52, 0x0, 0x88,
    0x3, 0xff, 0x8b, 0x80, 0x13, 0x0, 0x7f, 0xf1,
    0x11, 0x0, 0x2, 0x20, 0x7, 0xff, 0xd, 0x28,
    0x2, 0xb0, 0xf, 0x5a, 0x27, 0x9a, 0x32, 0xc4,
    0x0, 0x6c, 0x1, 0xe7, 0xbb, 0xf4, 0xb9, 0x80,
    0x45, 0xa0, 0x1f, 0xfc, 0x76, 0xc1, 0x0, 0xff,
    0xe3, 0x5c, 0x88, 0x7, 0xec, 0xff, 0xf3, 0x80,
    0x5c, 0x1, 0xff, 0xc5, 0x81, 0x0, 0x29, 0x80,
    0x7f, 0xf1, 0x60, 0x2, 0xf0, 0xf, 0xfe, 0x2b,
    0x10, 0x0, 0xd4, 0x3, 0xff, 0x8b, 0x0, 0x15,
    0x80, 0x7f, 0xf1, 0x54, 0xc0, 0x2, 0xe0, 0x1f,
    0xfc, 0x5f, 0x0, 0xa0, 0x40, 0x3f, 0xf8, 0x86,
    0x80, 0x14, 0x0, 0x7f, 0xf1, 0x64, 0x2, 0x62,
    0x0, 0xff, 0xe2, 0x13, 0x0, 0x52, 0x1, 0xff,
    0xc5, 0x80, 0x9, 0x10,

    /* U+0053 "S" */
    0x0, 0xf1, 0x3d, 0xef, 0xfb, 0x72, 0xc, 0x3,
    0xfc, 0x57, 0xb0, 0x84, 0x0, 0x23, 0x7c, 0xc1,
    0x80, 0x7c, 0xba, 0x80, 0x1f, 0xe3, 0xc7, 0x0,
    0xe5, 0xa0, 0x8, 0x5a, 0x6e, 0xd2, 0xc2, 0x1,
    0x43, 0x80, 0x43, 0x40, 0x13, 0xf4, 0xb2, 0x21,
    0xa7, 0x9c, 0x2, 0x82, 0x0, 0x48, 0x4, 0xf0,
    0x1, 0xfa, 0x20, 0x1, 0x58, 0x1, 0x0, 0x3,
    0x0, 0x1f, 0xe7, 0x10, 0x3, 0x80, 0x8, 0x0,
    0x40, 0x1f, 0xfc, 0xb, 0x77, 0x30, 0x0, 0xc0,
    0x2, 0x1, 0xff, 0xc0, 0x58, 0x88, 0x0, 0xc0,
    0x2, 0x30, 0xf, 0xfe, 0x2f, 0x0, 0x5c, 0x60,
    0x1f, 0xfc, 0x45, 0x30, 0x1, 0x64, 0x98, 0x7,
    0xff, 0xf, 0x4c, 0x2, 0x6c, 0xe9, 0x40, 0xf,
    0xfe, 0x0, 0xe3, 0x80, 0x61, 0x6b, 0xfc, 0x71,
    0x0, 0xff, 0x47, 0x39, 0x0, 0x71, 0xc7, 0x59,
    0x80, 0x7f, 0xc, 0x6e, 0x42, 0x0, 0x72, 0x64,
    0x80, 0x7f, 0xc6, 0xf7, 0xf6, 0xc0, 0x19, 0xac,
    0x3, 0xff, 0x84, 0x93, 0xf0, 0x1, 0x23, 0x80,
    0x7f, 0xf1, 0x1f, 0x44, 0x1, 0x20, 0x1f, 0xfc,
    0x52, 0x90, 0x0, 0x98, 0x7, 0xff, 0x14, 0xc0,
    0x26, 0x9e, 0xe8, 0x80, 0x3f, 0xf8, 0x2, 0x1,
    0x84, 0x72, 0x80, 0x7f, 0xf0, 0x3c, 0x2, 0x6b,
    0x0, 0xa0, 0x80, 0x3f, 0xca, 0xa0, 0x0, 0x99,
    0x90, 0x2, 0xc5, 0x0, 0xfd, 0x14, 0x1, 0x48,
    0x2, 0x84, 0x0, 0x35, 0xb2, 0xca, 0xa7, 0xae,
    0x70, 0x8, 0xdc, 0x0, 0x38, 0x40, 0x11, 0x34,
    0xd5, 0x21, 0x44, 0x2, 0x4c, 0x0, 0xc5, 0xae,
    0x1, 0xff, 0xc, 0xd8, 0x7, 0xd1, 0xd4, 0xa6,
    0x20, 0x1, 0x36, 0xae, 0x60, 0xc,

    /* U+0054 "T" */
    0x1f, 0xff, 0xfe, 0x4f, 0x0, 0x7f, 0xf8, 0x86,
    0xef, 0xf8, 0x2, 0x2b, 0xbf, 0xda, 0x8, 0x9f,
    0xc2, 0x0, 0x14, 0x4f, 0xc6, 0x1, 0xff, 0xff,
    0x0, 0xff, 0xff, 0x80, 0x7f, 0xff, 0xc0, 0x3f,
    0xff, 0xe0, 0x1f, 0xff, 0xf0, 0xf, 0xff, 0xf8,
    0x7, 0xff, 0xfc, 0x3, 0xff, 0x9e,

    /* U+0055 "U" */
    0x7f, 0xf8, 0xc0, 0x3f, 0xf8, 0x4f, 0xff, 0x20,
    0x7, 0xff, 0xfc, 0x3, 0xff, 0xfe, 0x1, 0xff,
    0xff, 0x0, 0xff, 0xff, 0x80, 0x7f, 0xff, 0xc0,
    0x3f, 0xfd, 0x8e, 0x1, 0x98, 0x3, 0xff, 0x85,
    0xc0, 0x18, 0x80, 0x2d, 0x0, 0xff, 0xe1, 0x10,
    0x4, 0x4e, 0x1, 0x30, 0x7, 0xff, 0x4, 0x50,
    0x0, 0x22, 0x22, 0x0, 0x5, 0x80, 0x3f, 0xf8,
    0x16, 0x1, 0x38, 0x2, 0x0, 0x29, 0x40, 0xf,
    0xf3, 0xa8, 0x5, 0x60, 0x5, 0x30, 0xa, 0xe0,
    0x40, 0x3c, 0x57, 0x0, 0x13, 0x90, 0x5, 0xa4,
    0x1, 0x3f, 0x5c, 0xbb, 0xa7, 0x35, 0x0, 0x24,
    0x80, 0xc, 0x38, 0x60, 0x19, 0x1a, 0x20, 0xc6,
    0x1, 0x9a, 0xc0, 0x3c, 0x39, 0x2, 0x1, 0xfe,
    0x2b, 0x90, 0xf, 0xe7, 0xea, 0x63, 0x10, 0x0,
    0x9b, 0xde, 0xa0, 0x7, 0x0,

    /* U+0056 "V" */
    0xcf, 0xf8, 0x40, 0x3f, 0xf8, 0x91, 0xff, 0x35,
    0x0, 0x4c, 0x1, 0xff, 0xc4, 0x60, 0x9, 0x9c,
    0x2, 0xa0, 0xf, 0xfe, 0x19, 0x88, 0x1, 0x40,
    0x50, 0x0, 0x44, 0x0, 0xff, 0xe1, 0x50, 0x5,
    0xc0, 0xe, 0x0, 0xa8, 0x3, 0xff, 0x84, 0xe0,
    0x1, 0x40, 0x2, 0x88, 0x1, 0x80, 0x3f, 0xf8,
    0x28, 0x20, 0x7, 0x0, 0xce, 0x0, 0x13, 0x0,
    0xff, 0xe0, 0x70, 0x5, 0x40, 0x1a, 0x80, 0x2a,
    0x0, 0xff, 0xe0, 0x28, 0x0, 0x8c, 0x3, 0x19,
    0x0, 0x1c, 0x3, 0xfe, 0x50, 0xa, 0x80, 0x3d,
    0x40, 0x1, 0x50, 0xf, 0xf7, 0x80, 0x4c, 0x1,
    0xe6, 0x0, 0xbc, 0x3, 0xfc, 0xa0, 0x4, 0x10,
    0xf, 0xa, 0x0, 0x14, 0x40, 0x3f, 0x28, 0x5,
    0xa0, 0x1f, 0xb8, 0x2, 0x70, 0xf, 0xdc, 0x1,
    0x30, 0x7, 0xe5, 0x0, 0xa8, 0x3, 0xe1, 0x40,
    0x2, 0x80, 0x7f, 0x94, 0x0, 0x62, 0x1, 0xe7,
    0x0, 0xb8, 0x3, 0xfd, 0xc0, 0x13, 0x0, 0x7a,
    0x80, 0x2, 0x80, 0x1f, 0xe4, 0x10, 0x5, 0x0,
    0x70, 0x98, 0x1, 0x80, 0x3f, 0xf8, 0xc, 0x0,
    0x22, 0x0, 0x66, 0x0, 0xac, 0x3, 0xff, 0x81,
    0x40, 0x15, 0x0, 0x6b, 0x0, 0x11, 0x80, 0x7f,
    0xf0, 0x8, 0xc0, 0xa, 0x1, 0x9, 0x80, 0x28,
    0x3, 0xff, 0x85, 0x40, 0x2, 0x20, 0x1, 0x80,
    0x26, 0x0, 0xff, 0xe1, 0x38, 0x4, 0xa0, 0xb,
    0x0, 0x20, 0x80, 0x7f, 0xf0, 0x85, 0x40, 0x16,
    0x2, 0x60, 0xe, 0x0, 0xff, 0xe2, 0x78, 0x0,
    0xc5, 0xc0, 0x25, 0x0, 0xff, 0xe2, 0x28, 0x80,
    0x1f, 0x0, 0xa, 0x1, 0xff, 0xc6, 0x70, 0x6,
    0xa8, 0x3, 0x80, 0x3f, 0xf8, 0xd4, 0x0, 0x40,
    0x0, 0xa0, 0x7, 0xff, 0x18, 0xc8, 0x3, 0x30,
    0x7, 0xff, 0x22, 0x80, 0x35, 0x0, 0x7f, 0x80,

    /* U+0057 "W" */
    0xdf, 0xf7, 0x0, 0x7f, 0xf0, 0x23, 0xfe, 0xe0,
    0xf, 0xfe, 0x4, 0x7f, 0xc8, 0x80, 0x0, 0x98,
    0x7, 0xfc, 0x80, 0x10, 0x98, 0x7, 0xfc, 0xa0,
    0x12, 0x68, 0x4, 0x80, 0x1f, 0xe1, 0x30, 0xc,
    0x80, 0x1f, 0xe1, 0x20, 0x2, 0x2, 0x0, 0x58,
    0x1, 0xfe, 0x40, 0xe, 0xc0, 0xf, 0xf2, 0x0,
    0x58, 0x0, 0x30, 0x2, 0x0, 0x7f, 0xb0, 0x0,
    0x40, 0x4, 0x0, 0xff, 0x60, 0x4, 0xa0, 0xb,
    0x0, 0x8c, 0x3, 0xf9, 0x0, 0x14, 0x1, 0x20,
    0x7, 0xf2, 0x0, 0x4, 0x80, 0x8, 0x1, 0x20,
    0x7, 0xe1, 0x20, 0x2, 0x10, 0x3, 0x0, 0x3f,
    0x9, 0x0, 0x1c, 0x2, 0x31, 0x0, 0x58, 0x7,
    0xe7, 0x0, 0x8d, 0xc0, 0x8, 0x1, 0xf9, 0x0,
    0x2c, 0x0, 0xc8, 0x0, 0x30, 0xf, 0xd8, 0x0,
    0x30, 0xc0, 0x1, 0x80, 0x7e, 0xc0, 0x9, 0x0,
    0x36, 0x0, 0x48, 0x1, 0xf2, 0x0, 0x10, 0x10,
    0x2, 0x40, 0xf, 0x90, 0x0, 0x62, 0x1, 0x9c,
    0x2, 0xc0, 0xf, 0x10, 0x80, 0x30, 0x8, 0x40,
    0x1a, 0x1, 0xe2, 0x20, 0x1, 0x0, 0x38, 0x48,
    0x0, 0x80, 0x1e, 0x50, 0x9, 0x0, 0x8, 0x0,
    0x40, 0xf, 0x20, 0x5, 0x60, 0x1e, 0x40, 0x1,
    0x80, 0x7b, 0x0, 0x6, 0x1, 0x60, 0x0, 0x84,
    0x3, 0xb0, 0x2, 0x30, 0xf, 0x68, 0x4, 0x80,
    0x1c, 0x80, 0xb, 0x0, 0x9c, 0x2, 0x40, 0xe,
    0x40, 0x2, 0x0, 0x7c, 0x80, 0x16, 0x80, 0x63,
    0x0, 0x90, 0x2, 0x12, 0x0, 0x60, 0x6, 0x21,
    0x0, 0x68, 0x7, 0xe4, 0x0, 0x20, 0x6, 0xb0,
    0x0, 0x98, 0x6, 0x40, 0x3, 0x80, 0x64, 0x0,
    0x90, 0x3, 0xf6, 0x0, 0x8, 0x40, 0x24, 0x0,
    0x20, 0x7, 0x68, 0x0, 0x48, 0x2, 0xc0, 0x1,
    0x10, 0x3, 0xf2, 0x0, 0x48, 0x1, 0x18, 0x3,
    0x0, 0x39, 0x0, 0x24, 0x0, 0x90, 0x0, 0x80,
    0x1f, 0xc6, 0x20, 0xc, 0x0, 0x20, 0x4, 0x80,
    0x1e, 0x30, 0x6, 0x0, 0xc, 0x40, 0x18, 0x1,
    0xfe, 0x40, 0x2, 0x0, 0x30, 0x0, 0x44, 0x0,
    0xf5, 0x80, 0x10, 0x0, 0x80, 0x12, 0x80, 0x7f,
    0xb0, 0x0, 0x42, 0x8, 0x0, 0x40, 0xf, 0x90,
    0x0, 0x24, 0x18, 0x0, 0x30, 0xf, 0xf9, 0xc0,
    0x25, 0x3, 0x0, 0x60, 0x7, 0xc6, 0x20, 0x4,
    0x5, 0x0, 0x58, 0x7, 0xfc, 0x24, 0x0, 0xc3,
    0x0, 0x94, 0x3, 0xf2, 0x0, 0x30, 0x84, 0x0,
    0x80, 0x1f, 0xfc, 0x5, 0x0, 0x1a, 0x0, 0xc,
    0x3, 0xfb, 0x0, 0xe, 0xe0, 0x0, 0x98, 0x7,
    0xff, 0x3, 0x0, 0xb, 0xa0, 0x4, 0x0, 0xfe,
    0x70, 0x1, 0x60, 0x1, 0x0, 0x3f, 0xf8, 0x28,
    0x0, 0x15, 0x0, 0x58, 0x7, 0xf0, 0x90, 0x1,
    0x80, 0x18, 0x1, 0xff, 0xc2, 0x40, 0xe, 0x30,
    0xf, 0xf2, 0x0, 0x73, 0x80, 0x7f, 0xf0, 0xb0,
    0x3, 0x28, 0x7, 0xfd, 0xa0, 0x18, 0x84, 0x3,
    0xff, 0x84, 0xa0, 0x1b, 0x0, 0x3f, 0xe4, 0x0,
    0xc8, 0x1, 0xf8,

    /* U+0058 "X" */
    0xd, 0xff, 0x98, 0x3, 0xff, 0x85, 0xbf, 0xf2,
    0x0, 0x38, 0x2, 0x92, 0x0, 0xff, 0xe0, 0x49,
    0x0, 0x19, 0x0, 0x6, 0xe0, 0x17, 0x0, 0x7f,
    0xc8, 0xc0, 0x2, 0x90, 0xd, 0x6, 0x0, 0x37,
    0x0, 0xfe, 0x1a, 0x0, 0xb8, 0x3, 0xdc, 0x1,
    0x41, 0x0, 0x7e, 0xa1, 0x0, 0x41, 0x80, 0x78,
    0xa4, 0x2, 0xe0, 0xf, 0x99, 0x0, 0x6, 0xe0,
    0x1f, 0x99, 0x0, 0x6, 0xe0, 0x1c, 0x52, 0x1,
    0x70, 0x7, 0xfa, 0x80, 0x28, 0x20, 0xd, 0xc0,
    0x14, 0x90, 0x7, 0xf8, 0x68, 0x2, 0xe0, 0x9,
    0x8c, 0x0, 0x8c, 0x1, 0xff, 0xc0, 0x55, 0x0,
    0xd, 0x80, 0x64, 0x0, 0x34, 0x1, 0xff, 0xc2,
    0xb1, 0x0, 0x40, 0x40, 0x5, 0x42, 0x1, 0xff,
    0xc2, 0x1a, 0x0, 0xd, 0xb0, 0x1, 0x90, 0x3,
    0xff, 0x88, 0x8c, 0x0, 0x40, 0x1, 0x48, 0x7,
    0xff, 0x1a, 0x40, 0x3b, 0x80, 0x3f, 0xf9, 0x2,
    0x1, 0xff, 0xcc, 0x61, 0x0, 0xdc, 0x1, 0xff,
    0xc6, 0x29, 0x0, 0xe2, 0x80, 0xf, 0xfe, 0x2f,
    0x0, 0x5a, 0x40, 0x7, 0x30, 0xf, 0xfe, 0x1c,
    0x18, 0x1, 0xcb, 0x80, 0x2d, 0x0, 0xff, 0xe1,
    0x1b, 0x80, 0xa, 0x0, 0xd4, 0x0, 0x32, 0x1,
    0xff, 0xc1, 0xe0, 0xa, 0x40, 0x2b, 0x10, 0x3,
    0x28, 0x7, 0xfd, 0x24, 0x0, 0x64, 0x0, 0x86,
    0x80, 0x2b, 0x10, 0xf, 0xe5, 0x60, 0x1, 0x48,
    0x7, 0x23, 0x0, 0x6, 0x80, 0x3f, 0xd, 0x80,
    0x5c, 0x1, 0xf4, 0x90, 0x1, 0x18, 0x3, 0xea,
    0x10, 0x4, 0x18, 0x7, 0xee, 0x0, 0xa4, 0x40,
    0x39, 0x90, 0x0, 0x6e, 0x1, 0xfc, 0x6e, 0x1,
    0x68, 0x6, 0x29, 0x0, 0xb8, 0x3, 0xfe, 0x82,
    0x0, 0x1b, 0x80, 0x5c, 0x1, 0x51, 0x0, 0x7f,
    0xf0, 0x3c, 0x2, 0x82, 0x8, 0x30, 0x2, 0xa8,
    0x3, 0xff, 0x82, 0x50, 0x1, 0x70, 0x0,

    /* U+0059 "Y" */
    0xaf, 0xfa, 0x40, 0x3f, 0xf8, 0x6f, 0xff, 0x60,
    0x58, 0x4, 0xc6, 0x1, 0xff, 0xc1, 0x18, 0x0,
    0xbc, 0x6, 0x40, 0x2e, 0x0, 0xff, 0xe0, 0xd8,
    0x4, 0xc6, 0x0, 0x63, 0x0, 0x13, 0x80, 0x7f,
    0xc8, 0xa0, 0x1, 0x90, 0xd, 0xe0, 0x14, 0x8,
    0x7, 0xfa, 0x40, 0x2b, 0x0, 0xe3, 0x70, 0xa,
    0x80, 0x3f, 0xa0, 0x80, 0x8, 0xa0, 0x1e, 0x81,
    0x0, 0x22, 0x80, 0x7c, 0x4e, 0x1, 0x50, 0x7,
    0xea, 0x0, 0xac, 0x3, 0xe9, 0x0, 0xa0, 0x40,
    0x3f, 0x22, 0x80, 0x6, 0x0, 0x39, 0x50, 0x0,
    0x6e, 0x1, 0xfe, 0xb0, 0x9, 0xc8, 0x3, 0x58,
    0x5, 0xe0, 0x1f, 0xf0, 0xc8, 0x5, 0x20, 0x14,
    0x8, 0x1, 0x8c, 0x3, 0xff, 0x80, 0xc6, 0x0,
    0x44, 0x1, 0x38, 0x0, 0x64, 0x3, 0xff, 0x85,
    0xe0, 0x14, 0x84, 0x0, 0x56, 0x1, 0xff, 0xc3,
    0x37, 0x0, 0x13, 0xa8, 0x1, 0x14, 0x3, 0xff,
    0x89, 0x2, 0x0, 0x80, 0xa, 0x80, 0x3f, 0xf8,
    0xd4, 0x1, 0xd0, 0x20, 0x1f, 0xfc, 0x64, 0x50,
    0x8, 0xdc, 0x3, 0xff, 0x91, 0xc0, 0x15, 0x80,
    0x7f, 0xff, 0xc0, 0x3f, 0xff, 0xe0, 0x1f, 0xff,
    0xf0, 0xf, 0xff, 0xe0,

    /* U+005A "Z" */
    0x9f, 0xff, 0xfe, 0x3d, 0x0, 0x7f, 0xf7, 0x4e,
    0x33, 0x3f, 0xf8, 0x60, 0x10, 0xc0, 0x99, 0xff,
    0xf0, 0xa8, 0x2, 0xb1, 0x0, 0xff, 0xe1, 0x23,
    0x0, 0x11, 0x40, 0x3f, 0xf8, 0x43, 0x40, 0x1,
    0xa0, 0xf, 0xfe, 0x1d, 0x8, 0x2, 0xc4, 0x3,
    0xff, 0x84, 0xc8, 0x0, 0x55, 0x0, 0x7f, 0xf0,
    0x86, 0x40, 0x3, 0x60, 0x1f, 0xfc, 0x3a, 0x0,
    0xac, 0x40, 0x3f, 0xf8, 0x4c, 0x80, 0x5, 0x50,
    0x7, 0xff, 0x8, 0xa4, 0x0, 0x36, 0x1, 0xff,
    0xc3, 0xe0, 0xa, 0x84, 0x3, 0xff, 0x84, 0xe6,
    0x0, 0x64, 0x0, 0xff, 0xe1, 0x14, 0x0, 0x6,
    0x40, 0x3f, 0xf8, 0x7c, 0x1, 0x50, 0x7, 0xff,
    0xd, 0xcc, 0x0, 0xc8, 0x1, 0xff, 0xc2, 0x28,
    0x0, 0x14, 0x80, 0x7f, 0xf0, 0xf8, 0x2, 0x90,
    0xf, 0xfe, 0x1b, 0x98, 0x1, 0x90, 0x3, 0xff,
    0x84, 0x50, 0x0, 0x29, 0x0, 0xff, 0xe1, 0xf0,
    0x5, 0xc0, 0x1f, 0xfc, 0x38, 0x30, 0x4, 0x18,
    0x7, 0xff, 0x8, 0xdc, 0x0, 0x8e, 0x1, 0xff,
    0xc3, 0xe0, 0xb, 0xc8, 0xbf, 0xf8, 0x6c, 0x40,
    0x15, 0xee, 0xff, 0xf0, 0xb8, 0x40, 0x3f, 0xfb,
    0xa0,

    /* U+005B "[" */
    0x9f, 0xff, 0x8c, 0x3, 0xff, 0x8a, 0x20, 0x11,
    0xff, 0xe2, 0x0, 0xff, 0xff, 0x80, 0x7f, 0xff,
    0xc0, 0x3f, 0xff, 0xe0, 0x1f, 0xfd, 0xb3, 0xff,
    0xc4, 0x1, 0xf8, 0x40, 0x3f, 0x80,

    /* U+005C "\\" */
    0x7, 0x88, 0x8, 0x7, 0xfa, 0x9d, 0xe0, 0xf,
    0xf2, 0x80, 0x30, 0x3, 0xfd, 0x80, 0x5, 0x0,
    0xff, 0x20, 0x4, 0x60, 0x1f, 0xe4, 0x0, 0x20,
    0x7, 0xfb, 0x0, 0x16, 0x1, 0xfe, 0x40, 0x1,
    0x80, 0x7f, 0x8c, 0x40, 0xa, 0x1, 0xfe, 0x40,
    0x6, 0x0, 0x7f, 0xb0, 0x0, 0x80, 0x1f, 0xe7,
    0x0, 0x11, 0x0, 0x3f, 0x84, 0x80, 0x8, 0x1,
    0xfe, 0x40, 0x6, 0x0, 0x7f, 0xb4, 0x0, 0x80,
    0x1f, 0xe4, 0x0, 0x9, 0x80, 0x7f, 0x90, 0x0,
    0x80, 0x1f, 0xec, 0x0, 0x58, 0x7, 0xf9, 0x0,
    0x6, 0x1, 0xfe, 0x31, 0x0, 0x20, 0x7, 0xf9,
    0x0, 0x1a, 0x1, 0xfe, 0xc0, 0x2, 0x0, 0x7f,
    0x9c, 0x0, 0x42, 0x1, 0xfc, 0x24, 0x0, 0x70,
    0xf, 0xf2, 0x0, 0x30, 0x3, 0xfd, 0xa0, 0x4,
    0x0, 0xff, 0x20, 0x0, 0x4c, 0x3, 0xfc, 0x60,
    0x4, 0x0, 0xff, 0x58, 0x3, 0x0, 0x3f, 0xc8,
    0x0, 0x40, 0xf, 0xf1, 0x88, 0x1, 0x0, 0x3f,
    0xc8, 0x0, 0xd0, 0xf, 0xf6, 0x0, 0x10, 0x3,
    0xfc, 0x80, 0x2, 0x10, 0xf, 0xe2, 0x20, 0x1,
    0xc0,

    /* U+005D "]" */
    0x9f, 0xff, 0x88, 0x3, 0xff, 0x8d, 0x3f, 0xf6,
    0x0, 0x7f, 0xff, 0xc0, 0x3f, 0xff, 0xe0, 0x1f,
    0xff, 0xf0, 0xf, 0xfe, 0xe4, 0xff, 0xd8, 0x1,
    0xff, 0xca,

    /* U+005E "^" */
    0x0, 0xf3, 0xd5, 0x4a, 0x1, 0xff, 0xc, 0x2a,
    0xd6, 0x1, 0xff, 0x40, 0x6, 0x16, 0x0, 0xfe,
    0x16, 0x0, 0x8, 0x2, 0x0, 0x3f, 0xa4, 0x0,
    0x7c, 0x40, 0x2c, 0x1, 0xf0, 0xb8, 0x2, 0x2,
    0xc0, 0x10, 0x1, 0xf4, 0x80, 0x9, 0x1, 0x84,
    0x5, 0x80, 0x38, 0x5c, 0x1, 0x0, 0x14, 0x80,
    0x2c, 0x3, 0xa4, 0x0, 0x4a, 0x1, 0x38, 0x0,
    0x94, 0x2, 0x17, 0x0, 0x58, 0x7, 0x38, 0x2,
    0x0, 0x26, 0x0, 0xb, 0x0, 0x74, 0x80, 0x9,
    0x40, 0x12, 0x0, 0x90, 0xf, 0xb, 0x0, 0x20,
    0x6, 0xea, 0x8e, 0x1, 0xf4, 0x55, 0x20, 0x0,

    /* U+005F "_" */
    0x33, 0xff, 0xe3, 0x6, 0x67, 0xff, 0x19, 0x0,
    0x3f, 0xfb, 0x40,

    /* U+0060 "`" */
    0x9, 0xbb, 0x80, 0x36, 0xa2, 0x4e, 0x1, 0x23,
    0x0, 0x24, 0x3, 0x48, 0x80, 0xb0, 0x6, 0xa0,
    0x5, 0x80, 0x64, 0x50, 0x25,

    /* U+0061 "a" */
    0x0, 0xe1, 0x6a, 0xdf, 0xf7, 0x63, 0x90, 0x7,
    0xe8, 0xe9, 0x52, 0x0, 0x9, 0xc6, 0xc8, 0x7,
    0xb1, 0xc0, 0x3f, 0xcd, 0x60, 0x1a, 0xcc, 0x2,
    0x6b, 0xde, 0xc8, 0x10, 0x2, 0x30, 0x1, 0x10,
    0x0, 0x1c, 0x94, 0x21, 0x37, 0xf1, 0x0, 0x40,
    0x1, 0x60, 0xc3, 0x4c, 0x3, 0xc3, 0x20, 0x1,
    0x20, 0x17, 0xcf, 0x30, 0xf, 0xc8, 0x1, 0x30,
    0x7, 0xff, 0x18, 0x40, 0x3f, 0xf8, 0x2, 0x9e,
    0x1, 0x18, 0x7, 0x91, 0xa7, 0x3b, 0xfa, 0xcc,
    0x3, 0xe3, 0xbf, 0xb9, 0x63, 0x10, 0xf, 0xf4,
    0x62, 0x0, 0x70, 0x9a, 0xcd, 0x80, 0x73, 0x38,
    0x4, 0x91, 0x9f, 0xd9, 0x4c, 0xc0, 0xe, 0x80,
    0xa, 0xec, 0xe6, 0x1, 0xfe, 0x21, 0x0, 0x3a,
    0x0, 0x7e, 0x10, 0xc, 0x20, 0x16, 0x80, 0x7f,
    0x58, 0x6, 0x20, 0x8, 0x80, 0x3f, 0xb, 0x0,
    0x61, 0x10, 0x2, 0x44, 0x3, 0xc5, 0x82, 0x1,
    0xd2, 0x0, 0x1f, 0x73, 0x12, 0x49, 0xd2, 0x20,
    0x7, 0x39, 0x80, 0x6, 0x33, 0xb6, 0xd8, 0x7,
    0x80, 0x3d, 0xaa, 0x1, 0xf8, 0xb0, 0x80, 0x3c,
    0x35, 0x8c, 0x42, 0x2, 0x93, 0xa4, 0x1, 0xc0,

    /* U+0062 "b" */
    0xef, 0xf4, 0x80, 0x7f, 0xff, 0xc0, 0x3f, 0xfe,
    0xe3, 0x1b, 0xdf, 0xd6, 0xc0, 0x1f, 0xf2, 0xf3,
    0x90, 0x80, 0xa4, 0xf2, 0x0, 0x7e, 0x4a, 0x0,
    0xfc, 0x36, 0xc0, 0x1e, 0x2a, 0x0, 0x3d, 0xee,
    0xa4, 0xc0, 0x29, 0x40, 0xe, 0x41, 0x2e, 0x84,
    0x22, 0x36, 0x38, 0x5, 0x40, 0x1e, 0x1c, 0x10,
    0xf, 0x42, 0x80, 0x5, 0x80, 0x3a, 0x44, 0x3,
    0xf5, 0x80, 0x54, 0x1, 0xcc, 0x1, 0xfc, 0x2a,
    0x0, 0x31, 0x0, 0x8c, 0x40, 0x3f, 0xd8, 0x1,
    0x28, 0x4, 0xc0, 0x1f, 0xf2, 0x80, 0x44, 0x1,
    0x18, 0x7, 0xfc, 0x20, 0x10, 0x80, 0x7f, 0xf2,
    0xcc, 0x3, 0xfe, 0x10, 0x8, 0x40, 0x27, 0x0,
    0xff, 0x94, 0x2, 0x20, 0x8, 0x84, 0x3, 0xfd,
    0xa0, 0x12, 0x80, 0x69, 0x0, 0xfe, 0x24, 0x0,
    0x18, 0x80, 0x67, 0x10, 0xf, 0xd0, 0x1, 0x50,
    0x7, 0xb0, 0x40, 0x3d, 0x2a, 0x0, 0x16, 0x0,
    0xcc, 0x44, 0xe8, 0x42, 0x23, 0x63, 0x0, 0x54,
    0x1, 0xdd, 0xc0, 0x3, 0xde, 0xea, 0x4c, 0x2,
    0x94, 0x0, 0xf1, 0xd8, 0x80, 0x7c, 0x36, 0xc0,
    0x1f, 0x93, 0xdc, 0x84, 0x5, 0x27, 0x90, 0x3,
    0x0,

    /* U+0063 "c" */
    0x0, 0xe1, 0x6b, 0xef, 0xf7, 0x5b, 0x0, 0x7f,
    0x37, 0x4a, 0x8, 0x0, 0x52, 0x79, 0x80, 0x3d,
    0x52, 0x1, 0xfc, 0x33, 0x40, 0x1a, 0x54, 0x2,
    0x6b, 0xdd, 0x5a, 0x80, 0x4b, 0x0, 0x4, 0x60,
    0x0, 0xe4, 0xa1, 0x11, 0x2b, 0x4, 0x0, 0xe6,
    0x12, 0x1, 0x69, 0x80, 0x78, 0xf4, 0x2, 0x93,
    0x20, 0x3, 0x18, 0x7, 0xe3, 0x67, 0xba, 0xb0,
    0xa, 0xc0, 0x3f, 0xd3, 0x8, 0x8, 0x0, 0x12,
    0x0, 0xff, 0xe1, 0x10, 0x1, 0x40, 0x3f, 0xf8,
    0x62, 0x0, 0x10, 0xf, 0xfe, 0xb0, 0x80, 0x4,
    0x3, 0xff, 0x86, 0x40, 0x5, 0x0, 0xff, 0xe1,
    0xa0, 0x0, 0x48, 0x3, 0xff, 0x85, 0x60, 0x15,
    0x80, 0x7f, 0xab, 0x1c, 0xcc, 0x40, 0x6, 0x30,
    0xf, 0xc6, 0xa7, 0x12, 0x12, 0x1, 0x69, 0x80,
    0x78, 0xf4, 0x2, 0x90, 0x46, 0x0, 0xe, 0x4a,
    0x11, 0x12, 0xb0, 0x40, 0xe, 0x60, 0x9, 0x50,
    0x9, 0xaf, 0x75, 0x6a, 0x1, 0x2c, 0x0, 0x6a,
    0x80, 0xf, 0xe1, 0x9a, 0x0, 0xf3, 0xf4, 0xa0,
    0x80, 0x5, 0x27, 0x98, 0x2,

    /* U+0064 "d" */
    0x0, 0xff, 0xe1, 0x8f, 0xfc, 0xc0, 0x1f, 0xff,
    0xf0, 0xf, 0xff, 0x31, 0xce, 0xff, 0xba, 0xd4,
    0x3, 0xfc, 0x35, 0x8c, 0x40, 0x1, 0x4a, 0xb0,
    0xf, 0xc3, 0x8a, 0x1, 0xf9, 0x2c, 0x3, 0xed,
    0x20, 0x9, 0xef, 0x72, 0x8c, 0x12, 0x0, 0x39,
    0xcc, 0x0, 0x3b, 0x8, 0x46, 0xb9, 0x0, 0xc0,
    0x1d, 0x20, 0x16, 0x10, 0x7, 0x9d, 0xc0, 0x1c,
    0xa2, 0x0, 0x72, 0x0, 0xfd, 0x2, 0x1, 0xb0,
    0x2, 0xa0, 0xf, 0xf3, 0x80, 0x65, 0x0, 0x11,
    0x0, 0x3f, 0xda, 0x1, 0x88, 0x0, 0xc0, 0x1f,
    0xf3, 0x0, 0x61, 0x0, 0x8, 0x7, 0xfc, 0x60,
    0x1f, 0xfc, 0xc1, 0x0, 0x8, 0x7, 0xfc, 0x40,
    0x18, 0x80, 0xa, 0x1, 0xff, 0x30, 0x6, 0x50,
    0x0, 0x90, 0x7, 0xfb, 0x0, 0x36, 0x80, 0x56,
    0x1, 0xfc, 0x2e, 0x1, 0x90, 0x40, 0xc, 0x60,
    0x1f, 0xa0, 0x40, 0x3a, 0x0, 0x2d, 0x20, 0xf,
    0x3b, 0x0, 0x79, 0x8c, 0x0, 0x3b, 0x28, 0x46,
    0xd9, 0x1, 0x0, 0x1e, 0xd2, 0x0, 0x9a, 0xf7,
    0x24, 0xc1, 0x5c, 0x3, 0xc3, 0xaa, 0x1, 0xf9,
    0x68, 0x3, 0xfa, 0xb1, 0x88, 0x0, 0x29, 0x54,
    0x0, 0xf0,

    /* U+0065 "e" */
    0x0, 0xe1, 0x7b, 0xef, 0xf6, 0xd2, 0x80, 0x7f,
    0x9f, 0xa1, 0x4, 0x0, 0x4b, 0x5c, 0x80, 0x1f,
    0x54, 0x0, 0x7f, 0xd, 0xb8, 0x7, 0x4a, 0x80,
    0x4d, 0x7b, 0x94, 0x80, 0x14, 0x28, 0x4, 0x8c,
    0x0, 0x2d, 0x94, 0x23, 0x5b, 0xa0, 0xa, 0xc0,
    0x29, 0x0, 0xe, 0x10, 0x7, 0x96, 0x40, 0x2,
    0xe0, 0x64, 0x0, 0xb1, 0x0, 0xfc, 0xc4, 0x0,
    0xb0, 0xb0, 0x9, 0x40, 0x3f, 0xca, 0x0, 0x31,
    0x30, 0x2, 0x0, 0x7f, 0xda, 0x1, 0x12, 0x80,
    0x13, 0xff, 0xfe, 0xa0, 0x9, 0xc4, 0x3, 0xff,
    0x8c, 0x20, 0x1f, 0xfc, 0x81, 0x0, 0x2f, 0xff,
    0xff, 0xd, 0x48, 0x0, 0xc0, 0x1f, 0xfc, 0x44,
    0x0, 0x18, 0x80, 0x7f, 0xf0, 0xf0, 0x2, 0x70,
    0xf, 0xf1, 0x10, 0x2, 0x42, 0x0, 0x49, 0x0,
    0x7f, 0x7e, 0xf4, 0x80, 0x20, 0x2, 0xf3, 0x0,
    0xfa, 0x88, 0x4, 0x2, 0x56, 0x0, 0x16, 0x52,
    0x99, 0x1b, 0xea, 0x80, 0x6, 0x0, 0x29, 0x50,
    0x9, 0x6b, 0x37, 0x20, 0x80, 0x3, 0xa2, 0x1,
    0xaa, 0x44, 0x3, 0xf9, 0x3c, 0xc0, 0x3c, 0xdd,
    0x2a, 0x40, 0x1, 0x37, 0xcb, 0x10, 0x8,

    /* U+0066 "f" */
    0x0, 0xfe, 0x13, 0x30, 0x80, 0x7f, 0x2e, 0x76,
    0x63, 0xb8, 0x1, 0xf5, 0x50, 0xc0, 0x31, 0x0,
    0x79, 0xd4, 0x3, 0xd6, 0x1, 0xe9, 0x0, 0xa3,
    0xbf, 0x58, 0x3, 0x8c, 0x40, 0xc, 0xe2, 0x4,
    0x20, 0x1c, 0xe0, 0x16, 0x80, 0x7f, 0x84, 0x2,
    0x70, 0xf, 0xfe, 0x4c, 0xff, 0xd4, 0x1, 0x67,
    0xfe, 0x40, 0xf, 0xfe, 0x9c, 0xff, 0xd4, 0x1,
    0x67, 0xfe, 0x40, 0xf, 0xff, 0xf8, 0x7, 0xff,
    0xfc, 0x3, 0xff, 0xfe, 0x1, 0xff, 0xe2,

    /* U+0067 "g" */
    0x0, 0xe2, 0x8c, 0xff, 0x75, 0xa8, 0x5, 0xff,
    0x38, 0x6, 0x9d, 0x73, 0x0, 0xa, 0x56, 0x8,
    0x7, 0xec, 0x60, 0xf, 0xc7, 0xa0, 0x1f, 0x51,
    0x80, 0x4d, 0x7b, 0xaa, 0x40, 0x39, 0x0, 0xe5,
    0x50, 0x0, 0x72, 0x50, 0x88, 0xb7, 0x0, 0xc0,
    0x1d, 0x0, 0x16, 0x98, 0x7, 0x9d, 0xc0, 0x1c,
    0x84, 0x0, 0x63, 0x0, 0xfd, 0x2, 0x1, 0xb0,
    0x2, 0xa0, 0xf, 0xf3, 0x80, 0x63, 0x0, 0x9,
    0x80, 0x7f, 0xb0, 0x3, 0x28, 0x1, 0x40, 0x3f,
    0xe7, 0x0, 0xc2, 0x0, 0x10, 0xf, 0xf8, 0xc0,
    0x3f, 0xf8, 0xe2, 0x1, 0x84, 0x0, 0x20, 0x1f,
    0xf1, 0x0, 0x62, 0x0, 0x30, 0x7, 0xfc, 0xc0,
    0x19, 0x80, 0x4, 0x20, 0x1f, 0xec, 0x0, 0xde,
    0x1, 0x48, 0x7, 0xf9, 0x40, 0x32, 0x80, 0x4e,
    0x20, 0x1f, 0x98, 0x80, 0x39, 0xc0, 0x2c, 0x10,
    0xf, 0x2c, 0x80, 0x7a, 0x8, 0x0, 0x5d, 0x28,
    0x46, 0xb7, 0x40, 0xa0, 0x1e, 0xf1, 0x0, 0x9a,
    0xf7, 0x29, 0x0, 0xec, 0x3, 0xc5, 0xe8, 0x1,
    0xf8, 0xf4, 0x3, 0xf0, 0xde, 0x31, 0x0, 0x5,
    0x2b, 0x4, 0x3, 0xfc, 0x73, 0xbf, 0xee, 0xb5,
    0x0, 0xf0, 0x80, 0x7f, 0xf0, 0xc8, 0x2, 0x30,
    0x0, 0xc1, 0x0, 0x7f, 0xa8, 0x2, 0x70, 0x8e,
    0x7c, 0x30, 0xf, 0xcc, 0xc0, 0x1, 0x90, 0x6,
    0x1c, 0xa5, 0x21, 0x11, 0xb6, 0x48, 0x5, 0xe0,
    0x8, 0x60, 0x9, 0x6b, 0x7b, 0x99, 0x26, 0x1,
    0x59, 0x80, 0x53, 0x42, 0x1, 0xfe, 0x3c, 0x40,
    0xe, 0x5e, 0xb6, 0x31, 0x0, 0x11, 0xbe, 0x60,
    0xc0, 0x20,

    /* U+0068 "h" */
    0xef, 0xf4, 0x80, 0x7f, 0xff, 0xc0, 0x3f, 0xfd,
    0x25, 0x1b, 0xfe, 0xda, 0x40, 0xf, 0xe7, 0xd7,
    0x20, 0x1, 0x2d, 0xd8, 0x40, 0x3c, 0xd0, 0x1,
    0xf9, 0x30, 0x3, 0x8a, 0x40, 0xe7, 0x36, 0x94,
    0x2, 0x28, 0x0, 0xc8, 0x11, 0x8c, 0x64, 0xb5,
    0x20, 0x13, 0x0, 0x73, 0x38, 0x7, 0x99, 0x40,
    0x2, 0x80, 0x1a, 0x0, 0x3f, 0x70, 0x4, 0x40,
    0x11, 0x88, 0x7, 0xe4, 0x0, 0x84, 0x2, 0x60,
    0xf, 0xfe, 0xf, 0x80, 0x46, 0x1, 0xff, 0xc1,
    0x10, 0xf, 0xff, 0xf8, 0x7, 0xff, 0xfc, 0x3,
    0xff, 0xec,

    /* U+0069 "i" */
    0x8, 0xee, 0x28, 0x2b, 0x88, 0xa8, 0xb4, 0x3,
    0x35, 0x80, 0x44, 0x87, 0x8e, 0xec, 0x0, 0x1c,
    0x40, 0x40, 0x3f, 0xf8, 0x5d, 0xfe, 0x90, 0xf,
    0xff, 0xf8, 0x7, 0xff, 0xa0,

    /* U+006A "j" */
    0x0, 0xd1, 0xda, 0xa0, 0x19, 0x9c, 0x4a, 0x84,
    0x2, 0xe0, 0xc, 0xa0, 0x15, 0x80, 0x44, 0x80,
    0x11, 0xe3, 0xc6, 0x0, 0x71, 0xc3, 0x88, 0x7,
    0xff, 0x2f, 0xfe, 0x90, 0xf, 0xff, 0xf8, 0x7,
    0xff, 0xfc, 0x3, 0xff, 0xe2, 0x20, 0x10, 0x80,
    0x66, 0x0, 0xb4, 0x5, 0x22, 0x0, 0x12, 0x4,
    0xdb, 0x80, 0x4e, 0x20, 0x1e, 0x58, 0x0, 0xc4,
    0xb7, 0x40, 0x10,

    /* U+006B "k" */
    0xef, 0xf4, 0x80, 0x7f, 0xff, 0xc0, 0x3f, 0xfe,
    0xc5, 0xdf, 0xf2, 0x0, 0x7f, 0xf0, 0xb, 0x4,
    0x1, 0x68, 0x1, 0xff, 0xe, 0x8, 0x2, 0x90,
    0x3, 0xfe, 0x1c, 0x10, 0x4, 0xa8, 0x7, 0xfc,
    0x38, 0x40, 0x9, 0x60, 0xf, 0xfe, 0x6, 0x90,
    0x2, 0x18, 0x3, 0xff, 0x81, 0x66, 0x0, 0x77,
    0x0, 0x7f, 0xf0, 0x2d, 0x0, 0xd, 0x0, 0x1f,
    0xfc, 0xa, 0x40, 0x3, 0x48, 0x7, 0xfc, 0x52,
    0xa0, 0x14, 0x80, 0x7f, 0xf0, 0x11, 0x80, 0x32,
    0x80, 0x7f, 0xf1, 0xa8, 0x80, 0x3f, 0xf8, 0x38,
    0xc0, 0x17, 0x80, 0x7f, 0xf0, 0x30, 0xe4, 0xc0,
    0x5, 0x40, 0x1f, 0xe5, 0x30, 0x6, 0x88, 0x1,
    0x5c, 0x3, 0xf8, 0xc0, 0x21, 0xd0, 0xa, 0x10,
    0x3, 0xff, 0x82, 0x70, 0x1, 0x51, 0x0, 0x7f,
    0xf0, 0x5d, 0x40, 0x3, 0xc0, 0x1f, 0xfc, 0x2a,
    0x20, 0x1, 0xd0, 0x7, 0xff, 0xb, 0xc4, 0x0,
    0xac, 0x1, 0xff, 0xc1, 0x2a, 0x0, 0xa4, 0xc0,
    0x3f, 0xf8, 0x28, 0xe0, 0x16, 0x88,

    /* U+006C "l" */
    0xef, 0xf4, 0x80, 0x7f, 0xff, 0xc0, 0x3f, 0xfb,
    0x20,

    /* U+006D "m" */
    0xef, 0xf4, 0x0, 0xa, 0x77, 0xfa, 0xd0, 0x3,
    0x8a, 0x37, 0xfd, 0xb2, 0x40, 0x1f, 0x9f, 0x58,
    0x80, 0x52, 0xdc, 0x2, 0x8d, 0x72, 0x0, 0x13,
    0x6b, 0x80, 0x79, 0xa0, 0x3, 0xe8, 0x50, 0xa7,
    0x0, 0xfd, 0xe, 0x1, 0x8a, 0x41, 0x6b, 0x2d,
    0x80, 0x28, 0x55, 0x1, 0x4e, 0x5c, 0x90, 0x5,
    0x2, 0x1, 0x28, 0x65, 0x29, 0xa4, 0xd8, 0x0,
    0xa8, 0x17, 0x58, 0xd1, 0xb5, 0x80, 0x26, 0x0,
    0xd4, 0x60, 0x1c, 0x8c, 0x1, 0x15, 0x0, 0x7a,
    0x44, 0x1, 0x60, 0x10, 0xa8, 0x7, 0xda, 0x1,
    0x50, 0x7, 0xe4, 0x0, 0x8, 0x4, 0xa0, 0x1f,
    0x9c, 0x2, 0x20, 0xf, 0xc6, 0x0, 0x20, 0x8,
    0x80, 0x3f, 0xf8, 0x2, 0x1, 0xff, 0xff, 0x0,
    0xff, 0xff, 0x80, 0x7f, 0xff, 0xc0, 0x3f, 0xff,
    0xe0, 0x1f, 0xff, 0xf0, 0xf, 0xfe, 0x10,

    /* U+006E "n" */
    0xef, 0xf3, 0x80, 0xa, 0x77, 0xfd, 0xb4, 0x80,
    0x1f, 0xd1, 0xac, 0x40, 0x2, 0x5b, 0xb0, 0x80,
    0x7a, 0x1c, 0x3, 0xf2, 0x68, 0x7, 0x6b, 0x81,
    0xce, 0x6d, 0x28, 0x4, 0x6e, 0x1, 0x94, 0x23,
    0x18, 0xc9, 0x6a, 0x40, 0x29, 0x0, 0xe6, 0x70,
    0xf, 0x32, 0x80, 0x4, 0xc0, 0x34, 0x0, 0x7e,
    0xe0, 0x9, 0x40, 0x23, 0x10, 0xf, 0xc8, 0x1,
    0x8, 0x4, 0xc0, 0x1f, 0xfc, 0x1f, 0x0, 0x8c,
    0x3, 0xff, 0xfe, 0x1, 0xff, 0xff, 0x0, 0xff,
    0xff, 0x80, 0x70,

    /* U+006F "o" */
    0x0, 0xe1, 0x6b, 0xef, 0xf7, 0x5b, 0x0, 0x7f,
    0x9b, 0xa5, 0x4, 0x0, 0x29, 0x3c, 0xc0, 0x1f,
    0x54, 0x80, 0x7f, 0xc, 0xd0, 0x7, 0x4a, 0x80,
    0x4d, 0x7b, 0xab, 0x60, 0x9, 0x64, 0x2, 0x46,
    0x0, 0xe, 0x4a, 0x11, 0x12, 0x70, 0x2, 0x64,
    0x0, 0x48, 0x5, 0xa6, 0x1, 0xe3, 0xc0, 0xa,
    0x40, 0xc8, 0x0, 0xc6, 0x1, 0xf8, 0xd4, 0x0,
    0x47, 0x60, 0x15, 0x80, 0x7f, 0xa0, 0x2, 0xb4,
    0x0, 0x9, 0x0, 0x7f, 0x88, 0x40, 0x6, 0x40,
    0x5, 0x0, 0xff, 0xe0, 0x28, 0x1, 0x84, 0x0,
    0x20, 0x1f, 0xfc, 0x1, 0x0, 0x18, 0x7, 0xff,
    0x20, 0x40, 0x2, 0x1, 0xff, 0xc0, 0x10, 0x1,
    0x90, 0x1, 0x40, 0x3f, 0xf8, 0xa, 0x0, 0x64,
    0x0, 0x9, 0x0, 0x7f, 0x88, 0x40, 0x7, 0x60,
    0x15, 0x80, 0x7f, 0xac, 0x2, 0xb3, 0x20, 0x3,
    0x18, 0x7, 0xe3, 0x60, 0x1, 0x18, 0x48, 0x5,
    0xa6, 0x1, 0xe3, 0xd0, 0xa, 0x40, 0x8, 0xc0,
    0x1, 0xc9, 0x42, 0x22, 0x4e, 0x8, 0x1, 0x90,
    0x2, 0x95, 0x0, 0x9a, 0xf7, 0x56, 0xc0, 0x12,
    0xc8, 0x7, 0x54, 0x0, 0x7f, 0xc, 0xd0, 0x7,
    0xcf, 0xd2, 0x82, 0x0, 0x14, 0x9f, 0x60, 0xc,

    /* U+0070 "p" */
    0xef, 0xf3, 0x80, 0x6, 0x37, 0xbf, 0xad, 0x80,
    0x3f, 0xe5, 0xe7, 0x21, 0x1, 0x49, 0xe4, 0x0,
    0xfc, 0x94, 0x1, 0xf8, 0x6d, 0x80, 0x3d, 0xb4,
    0x0, 0x7b, 0xdd, 0x49, 0x80, 0x52, 0x80, 0x1c,
    0xa2, 0x5d, 0x8, 0x44, 0x6c, 0x70, 0xa, 0x80,
    0x3c, 0x38, 0x20, 0x1e, 0x85, 0x0, 0xb, 0x0,
    0x74, 0x88, 0x7, 0xeb, 0x0, 0xa8, 0x3, 0x98,
    0x3, 0xf8, 0x54, 0x0, 0x62, 0x1, 0x18, 0x80,
    0x7f, 0xb0, 0x2, 0x50, 0x9, 0x80, 0x3f, 0xe5,
    0x0, 0x88, 0x2, 0x30, 0xf, 0xf8, 0x40, 0x21,
    0x0, 0xff, 0xe5, 0x98, 0x7, 0xfc, 0x20, 0x10,
    0x80, 0x4e, 0x1, 0xff, 0x28, 0x4, 0x40, 0x11,
    0x8, 0x7, 0xfb, 0x40, 0x25, 0x0, 0xd2, 0x1,
    0xfc, 0x48, 0x0, 0x31, 0x0, 0xce, 0x20, 0x1f,
    0xa0, 0x2, 0xa0, 0xf, 0x60, 0x80, 0x7a, 0x54,
    0x0, 0x2c, 0x1, 0x90, 0x4b, 0xa1, 0x8, 0x8d,
    0x8c, 0x1, 0x50, 0x7, 0x16, 0x80, 0x1e, 0xf7,
    0x52, 0x60, 0x14, 0xa0, 0x7, 0x8e, 0xc0, 0x3f,
    0xd, 0xb0, 0x7, 0xe4, 0xe7, 0x21, 0x1, 0x49,
    0xe4, 0x0, 0xff, 0xc, 0x6f, 0x7f, 0x5b, 0x0,
    0x7f, 0xff, 0xc0, 0x3f, 0xff, 0x60,

    /* U+0071 "q" */
    0x0, 0xe3, 0x9d, 0xff, 0x75, 0xa8, 0x5, 0xff,
    0x30, 0x4, 0x35, 0x8c, 0x40, 0x1, 0x4a, 0xb0,
    0xf, 0xc3, 0x8a, 0x1, 0xf9, 0x2c, 0x3, 0xed,
    0x20, 0x9, 0xef, 0x72, 0x8c, 0x12, 0x0, 0x39,
    0xcc, 0x0, 0x3b, 0x8, 0x46, 0xb9, 0x0, 0xe0,
    0x1d, 0x20, 0x16, 0x10, 0x7, 0x9d, 0xc0, 0x1c,
    0xa2, 0x0, 0x72, 0x0, 0xfd, 0x2, 0x1, 0xb0,
    0x2, 0xa0, 0xf, 0xf3, 0x80, 0x65, 0x0, 0x11,
    0x0, 0x3f, 0xda, 0x1, 0x88, 0x0, 0xc0, 0x1f,
    0xf3, 0x0, 0x61, 0x0, 0x8, 0x7, 0xfc, 0x60,
    0x1f, 0xfc, 0xc1, 0x0, 0x8, 0x7, 0xfc, 0x40,
    0x18, 0x80, 0xa, 0x1, 0xff, 0x30, 0x6, 0x50,
    0x0, 0x90, 0x7, 0xfb, 0x0, 0x36, 0x80, 0x56,
    0x1, 0xfc, 0x2e, 0x1, 0x90, 0x40, 0xc, 0x60,
    0x1f, 0xa0, 0x40, 0x3a, 0x0, 0x2d, 0x20, 0xf,
    0x3b, 0x0, 0x79, 0x8c, 0x0, 0x3b, 0x28, 0x46,
    0xd9, 0x0, 0xc0, 0x1e, 0xd2, 0x0, 0x9a, 0xf7,
    0x24, 0xc1, 0x20, 0x3, 0xc3, 0xaa, 0x1, 0xf9,
    0x2c, 0x3, 0xfa, 0xb1, 0x88, 0x0, 0x29, 0x56,
    0x1, 0xff, 0x1c, 0xef, 0xfb, 0xad, 0x40, 0x3f,
    0xff, 0xe0, 0x1f, 0xff, 0xc0,

    /* U+0072 "r" */
    0xef, 0xf3, 0x80, 0x12, 0xfb, 0xfc, 0x40, 0x1d,
    0x56, 0x82, 0x1, 0xf5, 0x28, 0x7, 0xf6, 0x28,
    0xb, 0x4c, 0xa0, 0xc0, 0x24, 0x7, 0xe9, 0x66,
    0x38, 0x80, 0x66, 0x80, 0xf, 0xf4, 0x80, 0x7f,
    0x90, 0x3, 0xfe, 0x20, 0xf, 0xff, 0xf8, 0x7,
    0xff, 0xfc, 0x3, 0xff, 0x84,

    /* U+0073 "s" */
    0x0, 0xc2, 0xf7, 0xdf, 0xed, 0xa5, 0x0, 0xfd,
    0x1d, 0x8, 0x20, 0x2, 0x5a, 0xd3, 0x0, 0xea,
    0x70, 0xf, 0xe2, 0xc3, 0x0, 0xa1, 0x40, 0x3,
    0x1b, 0xfe, 0xd7, 0x0, 0xb4, 0x2, 0x60, 0x1,
    0x7b, 0x90, 0x0, 0xa2, 0x40, 0x2, 0xc0, 0x42,
    0x0, 0xb1, 0x0, 0xf3, 0x2a, 0x42, 0x0, 0x80,
    0x7f, 0xf0, 0x2a, 0xdc, 0x80, 0x80, 0x2b, 0x0,
    0xff, 0xe0, 0x8a, 0x0, 0xb, 0x58, 0x40, 0x3f,
    0xe9, 0x10, 0x1, 0x4f, 0x64, 0xa8, 0x80, 0x7c,
    0x58, 0x60, 0x18, 0xda, 0xbb, 0x5c, 0x3, 0xc5,
    0x96, 0xa2, 0x1, 0xc5, 0x1c, 0x60, 0x1e, 0x4a,
    0xed, 0x95, 0x10, 0x8, 0x70, 0x80, 0x3f, 0x13,
    0x57, 0x61, 0x80, 0x52, 0x1, 0xff, 0xc0, 0x3c,
    0x20, 0x2, 0x0, 0x46, 0x60, 0xf, 0xe4, 0x0,
    0x86, 0x7f, 0x38, 0x3, 0xf8, 0x80, 0x21, 0xe0,
    0x1, 0x48, 0x7, 0xca, 0x80, 0x3, 0x6, 0x10,
    0x3, 0x62, 0x90, 0x9a, 0xdd, 0x0, 0x50, 0x3,
    0x40, 0x11, 0xd6, 0xf6, 0x52, 0x0, 0x52, 0x80,
    0x4, 0xc2, 0x0, 0xfe, 0x2b, 0x60, 0xc, 0x7b,
    0x4c, 0x42, 0x2, 0x4d, 0x5a, 0x80, 0x10,

    /* U+0074 "t" */
    0x0, 0x97, 0xfe, 0x30, 0xf, 0xff, 0x6c, 0xff,
    0xa8, 0x2, 0xcf, 0xfa, 0xc0, 0x3f, 0xf9, 0xf3,
    0xfe, 0xa0, 0xb, 0x3f, 0xeb, 0x0, 0xff, 0xff,
    0x80, 0x7f, 0xff, 0xc0, 0x3f, 0xf9, 0x6c, 0x1,
    0x28, 0x7, 0xe3, 0x0, 0xa1, 0x48, 0xa0, 0xe,
    0x70, 0x0, 0xd6, 0xeb, 0x80, 0x3a, 0x10, 0x3,
    0x8c, 0x3, 0xd7, 0x48, 0x20, 0x3, 0x20,

    /* U+0075 "u" */
    0xef, 0xf4, 0x80, 0x7f, 0xbf, 0xe9, 0x0, 0xff,
    0xff, 0x80, 0x7f, 0xff, 0xc0, 0x3f, 0xff, 0xe0,
    0x1f, 0xc6, 0x0, 0x30, 0xf, 0xe2, 0x0, 0xc2,
    0x0, 0x40, 0xf, 0xe4, 0x0, 0xca, 0x0, 0x14,
    0x0, 0xfd, 0x60, 0x1b, 0x40, 0x2a, 0x20, 0xf,
    0x59, 0x0, 0x64, 0x20, 0x0, 0xec, 0x19, 0x1b,
    0xf2, 0x11, 0x0, 0x37, 0x0, 0x67, 0xcd, 0xc8,
    0x10, 0xe0, 0xe, 0x3b, 0x10, 0xf, 0x87, 0xc,
    0x3, 0xc9, 0xf0, 0x62, 0x2, 0x71, 0xc6, 0x1,
    0xc0,

    /* U+0076 "v" */
    0xcf, 0xf8, 0x40, 0x3f, 0xe9, 0xff, 0x8e, 0x40,
    0x26, 0x0, 0xff, 0x9c, 0x0, 0x46, 0xa0, 0x15,
    0x80, 0x7f, 0x94, 0x40, 0x14, 0x0, 0x60, 0x1,
    0x90, 0x7, 0xf7, 0x80, 0x4c, 0x0, 0xa0, 0xa,
    0x80, 0x3f, 0x94, 0x0, 0x82, 0x0, 0x32, 0x0,
    0x28, 0x7, 0xe6, 0x0, 0xb8, 0x3, 0x50, 0x0,
    0x8c, 0x3, 0xed, 0x0, 0xa, 0x80, 0x66, 0x0,
    0xa8, 0x3, 0xc2, 0x80, 0x7, 0x0, 0xe1, 0x40,
    0x3, 0x80, 0x79, 0x80, 0x2a, 0x0, 0xf7, 0x0,
    0x5, 0x0, 0x3a, 0xc0, 0x4, 0x60, 0x1e, 0x51,
    0x0, 0x70, 0x6, 0x23, 0x0, 0x50, 0x7, 0xe7,
    0x0, 0x28, 0x6, 0xa0, 0x9, 0x80, 0x3f, 0x50,
    0x4, 0xa0, 0x12, 0x80, 0x10, 0x40, 0x3f, 0x19,
    0x0, 0x38, 0x0, 0x64, 0x0, 0xf0, 0xf, 0xf5,
    0x0, 0x10, 0x1, 0x60, 0x1, 0x40, 0xf, 0xf3,
    0x0, 0x4a, 0xa, 0x0, 0x60, 0xf, 0xf8, 0x50,
    0x1, 0xe4, 0x40, 0x5, 0x0, 0x7f, 0xf0, 0x38,
    0x0, 0x88, 0x0, 0x19, 0x0, 0x7f, 0xf0, 0x14,
    0x40, 0x60, 0x1, 0x40, 0x1f, 0xfc, 0x26, 0x0,
    0x8, 0x1, 0xc0, 0x3f, 0xf8, 0x54, 0x1, 0x94,
    0x40, 0x3f, 0xf8, 0x44, 0x60, 0x17, 0x0, 0x7e,

    /* U+0077 "w" */
    0x7f, 0xf8, 0xc0, 0x3f, 0x4f, 0xfc, 0xc0, 0x1f,
    0xa3, 0xfe, 0x35, 0x0, 0xac, 0x3, 0xf3, 0x80,
    0x58, 0x1, 0xf9, 0x0, 0x2, 0x64, 0x40, 0x2,
    0x0, 0x7c, 0x42, 0x1, 0x28, 0x7, 0xc2, 0x60,
    0x7, 0x0, 0x20, 0x0, 0xc4, 0x3, 0xc8, 0x1,
    0xc6, 0x1, 0xe4, 0x0, 0xb0, 0x1, 0xa0, 0x12,
    0x0, 0x7b, 0x40, 0x6, 0x0, 0x40, 0xf, 0x60,
    0x4, 0xa0, 0x4, 0x0, 0xb0, 0x3, 0xc8, 0x0,
    0x90, 0x5, 0x80, 0x79, 0xc0, 0x8, 0x1, 0x94,
    0x0, 0xe0, 0x1c, 0x60, 0x3, 0x50, 0x1, 0x80,
    0x71, 0x8, 0x3, 0x40, 0x37, 0x80, 0x4, 0x80,
    0x35, 0x80, 0x10, 0xc, 0x0, 0x80, 0x19, 0x40,
    0x27, 0x0, 0xc8, 0x1, 0x28, 0x6, 0x40, 0x6,
    0x2, 0x0, 0x34, 0x3, 0x60, 0x0, 0x84, 0x3,
    0x9, 0x80, 0x30, 0x2, 0x13, 0x0, 0x20, 0x60,
    0x1, 0x0, 0x32, 0x0, 0x14, 0x3, 0xd6, 0x0,
    0x40, 0x9, 0x0, 0x8, 0x0, 0x40, 0x1, 0x8,
    0x1, 0x0, 0x2b, 0x0, 0xf2, 0x80, 0x48, 0x0,
    0xc0, 0x6, 0x0, 0x48, 0x0, 0x40, 0x6, 0x0,
    0x4, 0xc0, 0x3c, 0x44, 0x0, 0x60, 0x1, 0x0,
    0xa, 0x1, 0x60, 0x3, 0x0, 0x8, 0x0, 0x70,
    0xf, 0xc8, 0x0, 0x40, 0x12, 0x1, 0x20, 0x9,
    0x40, 0x8, 0x0, 0x30, 0x6, 0x80, 0x7e, 0xd0,
    0x1, 0x82, 0x0, 0x1c, 0x3, 0x10, 0x81, 0xa,
    0x0, 0x48, 0x1, 0xf9, 0x0, 0x24, 0xc0, 0x6,
    0x0, 0x73, 0x80, 0x17, 0x0, 0x8, 0x1, 0xfe,
    0x50, 0x1, 0xa8, 0x1, 0x0, 0x3b, 0x0, 0x18,
    0x60, 0xd, 0x0, 0xff, 0x78, 0x3, 0xc, 0xc,
    0x40, 0x39, 0x40, 0x8, 0x80, 0x3, 0x80, 0x7f,
    0x90, 0x0, 0x80, 0xb, 0x0, 0xf9, 0x0, 0xc0,
    0x6, 0x20, 0x1f, 0xe1, 0x30, 0xc, 0x80, 0x1f,
    0x60, 0x6, 0x40, 0xf, 0xfe, 0x5, 0x80, 0x42,
    0x60, 0x1f, 0x28, 0x6, 0xb0, 0xf, 0xfe, 0x2,
    0x80, 0x48, 0x1, 0xf8, 0x84, 0x0, 0x26, 0x1,
    0xe0,

    /* U+0078 "x" */
    0xe, 0xff, 0x88, 0x3, 0xf1, 0x7f, 0xda, 0x0,
    0xa0, 0xb, 0x80, 0x3f, 0x70, 0x5, 0xc0, 0x4,
    0x60, 0x1, 0xb0, 0x7, 0x98, 0xc0, 0xe, 0x60,
    0x14, 0x90, 0x2, 0x44, 0x3, 0x14, 0x80, 0xa,
    0x0, 0x3a, 0x40, 0x2b, 0x0, 0xd2, 0x1, 0x70,
    0x7, 0x91, 0x80, 0xa, 0x80, 0x5, 0x40, 0x3,
    0x98, 0x7, 0xd2, 0x40, 0x9, 0x0, 0x40, 0x0,
    0xa0, 0x3, 0xfb, 0x80, 0x4, 0xcc, 0x20, 0x7,
    0x0, 0x7f, 0x8d, 0xc0, 0x13, 0x20, 0x3, 0x98,
    0x7, 0xfd, 0x4, 0x1, 0x8a, 0x0, 0x3f, 0xf8,
    0x32, 0x1, 0xb8, 0x3, 0xff, 0x85, 0xa0, 0x19,
    0x80, 0x3f, 0xf8, 0x28, 0xc0, 0x1a, 0xc4, 0x3,
    0xff, 0x81, 0x40, 0x5, 0x20, 0x1a, 0x0, 0xff,
    0xa4, 0x40, 0x17, 0x20, 0x4, 0x60, 0xf, 0xe4,
    0x60, 0x3, 0x8a, 0x28, 0x2, 0x48, 0x3, 0xe1,
    0xa0, 0x0, 0xc0, 0x2, 0xc0, 0x2e, 0x0, 0xfa,
    0xc4, 0x1, 0x40, 0x10, 0xc8, 0x0, 0xdc, 0x3,
    0x95, 0x40, 0x5, 0x40, 0xc, 0xc6, 0x0, 0x82,
    0x0, 0x86, 0xc0, 0x3, 0x60, 0x1e, 0xe0, 0xb,
    0xc0, 0x2a, 0x10, 0x5, 0x88, 0x7, 0x8a, 0x0,
    0x5, 0x0, 0xc8, 0x0, 0x55, 0x0, 0x7e, 0x72,
    0x0, 0x39, 0x80,

    /* U+0079 "y" */
    0xcf, 0xf8, 0x40, 0x3f, 0xe9, 0xff, 0x8e, 0x40,
    0x26, 0x0, 0xff, 0x9c, 0x0, 0x46, 0xa0, 0x15,
    0x80, 0x7f, 0x94, 0x40, 0x14, 0x0, 0x60, 0x1,
    0x90, 0x7, 0xf7, 0x80, 0x4c, 0x0, 0xa0, 0xa,
    0x80, 0x3f, 0xa, 0x80, 0x10, 0x40, 0x6, 0x40,
    0x6, 0x0, 0xfc, 0xe0, 0x17, 0x80, 0x6a, 0x0,
    0x9, 0x80, 0x7d, 0x40, 0x1, 0x40, 0xc, 0xc0,
    0x15, 0x0, 0x78, 0x8c, 0x0, 0xc0, 0x1c, 0x28,
    0x0, 0x60, 0xf, 0x50, 0x5, 0x40, 0x1e, 0xe0,
    0x9, 0x40, 0x39, 0x40, 0x6, 0x40, 0x1e, 0x51,
    0x0, 0x70, 0x6, 0x32, 0x0, 0x50, 0x7, 0xe6,
    0x0, 0x20, 0x80, 0x54, 0x1, 0x30, 0x7, 0xea,
    0x0, 0x9c, 0x2, 0x70, 0x2, 0x80, 0x7f, 0x11,
    0x80, 0x34, 0x0, 0x82, 0x0, 0x90, 0xf, 0xf5,
    0x0, 0x10, 0x43, 0x40, 0x4, 0x60, 0x1f, 0xe7,
    0x0, 0x90, 0x1c, 0x1, 0x40, 0x1f, 0xf0, 0xa8,
    0x3, 0xcc, 0x40, 0xc, 0x1, 0xff, 0xc0, 0xe0,
    0x2, 0xd8, 0x1, 0x4, 0x3, 0xff, 0x80, 0x82,
    0x0, 0x70, 0x7, 0x0, 0x7f, 0xf0, 0x98, 0x3,
    0xa, 0x80, 0x7f, 0xf0, 0xa8, 0x3, 0x30, 0x7,
    0xff, 0xc, 0x8c, 0x2, 0xa0, 0xf, 0xfe, 0x20,
    0x80, 0xc, 0x80, 0x3f, 0xf8, 0x64, 0x40, 0x5,
    0x0, 0x7f, 0xf1, 0x2c, 0x2, 0x60, 0xf, 0xfe,
    0x19, 0x30, 0x1, 0x80, 0x3f, 0xf8, 0x4, 0x86,
    0xd8, 0x1, 0x58, 0x7, 0xff, 0x2, 0x2f, 0x24,
    0x40, 0x10, 0x40, 0x1f, 0xfc, 0x4, 0x0, 0xe7,
    0x70, 0x7, 0xff, 0x0, 0x48, 0x40, 0x57, 0x20,
    0x3, 0xff, 0x80,

    /* U+007A "z" */
    0x2f, 0xff, 0xfe, 0x21, 0x80, 0x7f, 0xf6, 0xa,
    0x67, 0xfe, 0x40, 0x9, 0xc, 0x19, 0xbf, 0xca,
    0x80, 0x1, 0xa0, 0xf, 0xfe, 0x7, 0x0, 0x5a,
    0x20, 0x1f, 0xf5, 0x10, 0x2, 0xc, 0x3, 0xfe,
    0x75, 0x0, 0x23, 0x80, 0x7f, 0xc7, 0x0, 0x1,
    0xa0, 0xf, 0xf8, 0x74, 0x2, 0xd1, 0x0, 0xff,
    0xa8, 0x40, 0x10, 0x60, 0x1f, 0xf4, 0x20, 0x1,
    0x1c, 0x3, 0xfe, 0x47, 0x0, 0xd, 0x0, 0x7f,
    0xc3, 0x40, 0x16, 0x88, 0x7, 0xfd, 0xa2, 0x0,
    0x83, 0x0, 0xff, 0xa0, 0xc0, 0x8, 0xe0, 0x1f,
    0xf2, 0xb8, 0x0, 0x68, 0x3, 0xfe, 0x2a, 0x0,
    0xb4, 0x40, 0x3f, 0xef, 0x0, 0x91, 0x95, 0x7f,
    0xc6, 0xe4, 0x1, 0x25, 0x57, 0xfd, 0x3e, 0x1,
    0xff, 0xd7,

    /* U+007B "{" */
    0x0, 0xfc, 0x95, 0xbd, 0x40, 0x1e, 0x1c, 0xb5,
    0x21, 0x0, 0xfb, 0x4c, 0x3, 0x18, 0x7, 0x21,
    0x80, 0xe, 0xfe, 0x40, 0x3b, 0x40, 0x3, 0x88,
    0x1, 0xf2, 0x80, 0x18, 0x3, 0xf8, 0x40, 0x1c,
    0x1, 0xfc, 0x60, 0x3, 0x0, 0xff, 0xf8, 0x88,
    0x7, 0xfc, 0x20, 0x10, 0x80, 0x7e, 0x90, 0x9,
    0x80, 0x3c, 0x50, 0xe0, 0x4, 0x20, 0xc, 0xdf,
    0xae, 0x0, 0x4a, 0x0, 0xfe, 0x2c, 0xb1, 0x0,
    0xfe, 0x29, 0x30, 0xf, 0x28, 0x6, 0x5c, 0x50,
    0xe, 0x3f, 0xf7, 0x10, 0x2, 0xc0, 0x3f, 0xc,
    0x80, 0x4, 0xc0, 0x3f, 0x20, 0x4, 0xe0, 0x1f,
    0xfc, 0x1, 0x0, 0xfe, 0x10, 0xf, 0xff, 0xa1,
    0x80, 0xc, 0x3, 0xf8, 0x40, 0x1e, 0x1, 0xfc,
    0xa0, 0x7, 0x0, 0xfe, 0xd0, 0x0, 0xe1, 0x80,
    0x7c, 0x88, 0x0, 0x1e, 0x7c, 0x80, 0x7a, 0x90,
    0x3, 0x18, 0x7, 0x86, 0xec, 0xa4, 0x0,

    /* U+007C "|" */
    0x78, 0x80, 0xcb, 0xb8, 0x80, 0x3f, 0xff, 0xe0,
    0x1f, 0xff, 0xf0, 0xf, 0xfe, 0xb0,

    /* U+007D "}" */
    0x9e, 0xda, 0x50, 0xf, 0xe1, 0x25, 0xac, 0x10,
    0xf, 0x8, 0x6, 0x3d, 0x0, 0xf4, 0x7e, 0x18,
    0x0, 0xd4, 0x3, 0xe3, 0xc1, 0x0, 0x78, 0x7,
    0xf3, 0x0, 0x1c, 0x3, 0xfb, 0x40, 0x6, 0x1,
    0xfc, 0x20, 0x1, 0x0, 0xff, 0xff, 0x38, 0x4,
    0x40, 0x1f, 0x88, 0x2, 0xa0, 0xf, 0xc2, 0x80,
    0x7, 0x82, 0x0, 0xfa, 0x90, 0x0, 0xfb, 0xee,
    0x1, 0xc3, 0x78, 0x60, 0x17, 0x80, 0x78, 0xa4,
    0xc0, 0x2f, 0x0, 0xe4, 0xd5, 0x0, 0xc8, 0x1,
    0xd2, 0x0, 0x2d, 0xff, 0x18, 0x6, 0x22, 0x0,
    0x20, 0x80, 0x3e, 0x10, 0x9, 0x0, 0x3f, 0x38,
    0x4, 0x20, 0x1f, 0xff, 0xd1, 0x0, 0x8, 0x7,
    0xf6, 0x80, 0x8, 0x3, 0xf9, 0x80, 0xa, 0x1,
    0xf1, 0xd8, 0x80, 0x34, 0x3, 0xa3, 0xf1, 0x0,
    0x6, 0x80, 0x1c, 0x20, 0x18, 0xf4, 0x3, 0xf1,
    0x2d, 0x60, 0x80, 0x78,

    /* U+007E "~" */
    0x0, 0xe2, 0x20, 0x7, 0xff, 0x10, 0xab, 0xf7,
    0x5f, 0x22, 0x1, 0xf3, 0x34, 0x20, 0x7a, 0xa0,
    0x19, 0xb9, 0x40, 0x38, 0xa6, 0x60, 0x6, 0x80,
    0x7e, 0xa9, 0x0, 0xca, 0x1, 0xa, 0x88, 0x1,
    0xbb, 0xe4, 0x2, 0x6d, 0x53, 0x78, 0x0, 0x20,
    0x60, 0x0, 0xe4, 0x41, 0xb4, 0x80, 0x5, 0x59,
    0x0, 0x14, 0x1, 0x80, 0x14, 0x3, 0x16, 0xb0,
    0x7, 0xd2, 0x61, 0x17, 0x68, 0x0, 0xf4, 0xe2,
    0x88, 0xa, 0xe3, 0x0, 0x0,

    /* U+00A0 " " */

    /* U+00A1 "¡" */
    0xa, 0xfd, 0x40, 0x95, 0x2, 0xb1, 0x40, 0xc,
    0x8e, 0x1, 0x9e, 0xc8, 0x1, 0x4, 0x3b, 0xae,
    0x70, 0x8, 0x84, 0x3, 0xff, 0x87, 0x35, 0x45,
    0x0, 0x32, 0xab, 0x40, 0x3f, 0xf8, 0xa2, 0x1,
    0xff, 0xc1, 0x10, 0xf, 0xfe, 0x49, 0x80, 0x7c,
    0x60, 0x1f, 0xfc, 0x91, 0x1, 0x0, 0xff, 0xe5,
    0x80,

    /* U+00A2 "¢" */
    0x0, 0xfc, 0xdf, 0xc0, 0x1f, 0xfe, 0x86, 0xb9,
    0x1, 0xea, 0x60, 0xf, 0xe5, 0xe9, 0x40, 0x8,
    0x56, 0x79, 0x80, 0x3d, 0x14, 0x20, 0x1f, 0x86,
    0x64, 0x1, 0x9d, 0xc0, 0x12, 0xa0, 0x2, 0x90,
    0x2, 0x67, 0x0, 0x1c, 0x0, 0x57, 0x5a, 0x2,
    0xb7, 0x60, 0xa, 0x8, 0x20, 0x2, 0xa4, 0x0,
    0xf2, 0x50, 0x5, 0x64, 0x80, 0x4, 0x50, 0xf,
    0xca, 0x66, 0x8b, 0x50, 0xb, 0xc0, 0x3f, 0xd9,
    0x87, 0x2d, 0x0, 0x90, 0x3, 0xff, 0x84, 0xe0,
    0x3, 0x0, 0xff, 0xe1, 0x98, 0x1, 0xc0, 0x3f,
    0xf8, 0x62, 0x0, 0x10, 0xf, 0xfe, 0x18, 0x80,
    0x7f, 0xf1, 0x8c, 0x0, 0xc0, 0x1f, 0xfc, 0x36,
    0x0, 0x18, 0x7, 0xff, 0xf, 0x0, 0x24, 0x0,
    0xff, 0x8, 0x4, 0xa0, 0x17, 0x80, 0x7f, 0xab,
    0xed, 0x49, 0x0, 0x8, 0x80, 0xf, 0xca, 0x80,
    0x98, 0x10, 0x1, 0x5a, 0x0, 0x79, 0x28, 0x2,
    0xb0, 0x38, 0x0, 0xae, 0xb4, 0x5, 0x6e, 0xc0,
    0x14, 0x10, 0x1, 0xdc, 0x1, 0x2a, 0x0, 0x29,
    0x0, 0x27, 0x70, 0x6, 0x8a, 0x10, 0xf, 0xc3,
    0x50, 0x1, 0xe5, 0xe9, 0x40, 0x8, 0x52, 0x79,
    0x40, 0x3f, 0x9a, 0xe4, 0x7, 0xad, 0x80, 0x3f,
    0xfb, 0xe0,

    /* U+00A3 "£" */
    0x0, 0xf8, 0x5f, 0x3b, 0xfb, 0x64, 0xc0, 0x3f,
    0xe7, 0xe8, 0x31, 0x1, 0x26, 0xca, 0x10, 0xf,
    0xd5, 0x0, 0x1f, 0xcb, 0x82, 0x1, 0xe8, 0x50,
    0x9, 0x66, 0xec, 0xe2, 0x0, 0x2d, 0x0, 0xe2,
    0x70, 0x0, 0xe5, 0x32, 0x22, 0x3c, 0xc0, 0x6,
    0xa0, 0x1a, 0xc0, 0x2d, 0x30, 0xe, 0x1d, 0x10,
    0x4, 0x80, 0x64, 0x0, 0x19, 0x80, 0x3e, 0x16,
    0x0, 0x18, 0x80, 0x44, 0x0, 0x40, 0xf, 0xea,
    0x79, 0xc1, 0x0, 0x8, 0x5, 0xe0, 0x1f, 0xc5,
    0xc, 0x60, 0x10, 0x80, 0x7f, 0xf8, 0x7c, 0x3,
    0xff, 0xaf, 0x9d, 0xc0, 0x9, 0xfb, 0xbf, 0x80,
    0x38, 0x46, 0x0, 0xc2, 0x3f, 0xc0, 0x1f, 0xfc,
    0xed, 0xff, 0x10, 0x1, 0x7f, 0xff, 0x80, 0x3f,
    0xe1, 0x0, 0xff, 0xe2, 0x88, 0x7, 0xff, 0x2d,
    0xc0, 0x3f, 0xf8, 0xae, 0x1, 0xff, 0xc8, 0x10,
    0x0, 0x80, 0x7f, 0xf1, 0x44, 0x0, 0x20, 0x1f,
    0xe1, 0x18, 0x3, 0x30, 0x1, 0x0, 0x3f, 0xdd,
    0xd1, 0x80, 0x10, 0x80, 0x64, 0x3, 0xf8, 0x40,
    0x33, 0xe5, 0x80, 0xda, 0xa2, 0x7f, 0x58, 0x4,
    0x50, 0x60, 0x1, 0xab, 0xbf, 0xf2, 0x80, 0xc,
    0x48, 0x3, 0xff, 0x8d, 0xe0, 0x1f, 0xfc, 0x51,
    0x5d, 0x30,

    /* U+00A4 "¤" */
    0x0, 0x18, 0x7, 0xf0, 0x80, 0x7f, 0x18, 0x4,
    0xb9, 0x40, 0x19, 0xaf, 0xbf, 0xbf, 0xa9, 0x40,
    0x35, 0x62, 0x82, 0x50, 0x2d, 0x3, 0x74, 0xa0,
    0x80, 0x42, 0xb5, 0xaa, 0x14, 0xa1, 0x48, 0xc2,
    0x0, 0x5f, 0x91, 0x0, 0xfe, 0x2a, 0xf5, 0x0,
    0xb, 0x16, 0x8, 0x7, 0x9f, 0x3b, 0xfa, 0xd8,
    0x3, 0xc3, 0x84, 0x5, 0xa0, 0x19, 0x3a, 0xc,
    0x40, 0x52, 0x74, 0x80, 0x36, 0x10, 0x4, 0xa0,
    0x13, 0x58, 0x80, 0x7c, 0x5a, 0x80, 0x13, 0x0,
    0x68, 0x0, 0x1c, 0x80, 0x7f, 0xd4, 0x20, 0x8,
    0x0, 0x98, 0x40, 0x1a, 0x1, 0xff, 0xc0, 0x1a,
    0x0, 0x1a, 0x0, 0x34, 0x0, 0xc2, 0x1, 0xff,
    0xc1, 0x42, 0x0, 0x68, 0x1, 0x0, 0x1a, 0x1,
    0xff, 0xc3, 0x50, 0x2, 0x0, 0x80, 0x4a, 0x1,
    0xff, 0xc3, 0xc0, 0x1, 0x1, 0x80, 0x42, 0x1,
    0xff, 0xc3, 0x70, 0xf, 0xfe, 0x89, 0x80, 0x42,
    0x1, 0xff, 0xc3, 0x60, 0x0, 0x80, 0x88, 0x0,
    0x80, 0x1f, 0xfc, 0x3d, 0x0, 0x10, 0x1, 0x0,
    0x1e, 0x1, 0xff, 0xc3, 0x60, 0x2, 0x0, 0x3c,
    0x0, 0xa6, 0x1, 0xff, 0xc1, 0x61, 0x0, 0x58,
    0x1, 0x48, 0x1, 0xc0, 0x1f, 0xfc, 0x2, 0x90,
    0x2, 0x18, 0x5, 0x0, 0x2, 0xb1, 0x0, 0xfe,
    0x2f, 0x0, 0xa0, 0x3, 0x78, 0x4, 0x98, 0x60,
    0x1f, 0x26, 0x10, 0x5, 0x20, 0x15, 0x28, 0x6,
    0x2c, 0xb6, 0x32, 0x36, 0xcb, 0x10, 0xc, 0xb4,
    0xc, 0xa0, 0x1, 0x30, 0x9, 0x27, 0x37, 0x24,
    0xc0, 0x25, 0x10, 0x2, 0xb3, 0x14, 0x7, 0x31,
    0x64, 0x1, 0xfc, 0x79, 0x58, 0x20, 0xac, 0x14,
    0xd8, 0x40, 0x9b, 0x6c, 0x62, 0x2, 0x6f, 0x98,
    0x30, 0x2c, 0x6a, 0x0,

    /* U+00A5 "¥" */
    0x2f, 0xfb, 0x80, 0x3f, 0xf8, 0x1b, 0xff, 0x19,
    0x28, 0x0, 0x54, 0x3, 0xfc, 0xa4, 0x0, 0x43,
    0x8, 0x0, 0xa0, 0x3, 0xfd, 0x20, 0x14, 0x0,
    0x9, 0x40, 0x4, 0x80, 0x1f, 0x90, 0xc0, 0x8,
    0x60, 0x14, 0x0, 0x5e, 0x1, 0xfb, 0xc0, 0x28,
    0x0, 0xc4, 0xa0, 0x4, 0x30, 0xf, 0x1a, 0x0,
    0x14, 0xc0, 0x3a, 0x0, 0x29, 0x0, 0xf4, 0x80,
    0x52, 0x1, 0xe2, 0x50, 0x2, 0x90, 0x6, 0x25,
    0x0, 0x29, 0x80, 0x7d, 0x0, 0x15, 0x80, 0x6b,
    0x0, 0xa0, 0x3, 0xf1, 0x28, 0x1, 0x84, 0x0,
    0x2c, 0x0, 0x52, 0x0, 0xfe, 0x80, 0xa, 0x40,
    0x12, 0x1, 0x40, 0x7, 0xf8, 0x94, 0x0, 0xc0,
    0x6, 0x0, 0x29, 0x0, 0x7f, 0xd0, 0x0, 0x17,
    0x61, 0x0, 0x40, 0x7, 0xff, 0x0, 0x94, 0x1,
    0x12, 0x0, 0x52, 0x0, 0xfc, 0x55, 0x59, 0x80,
    0x3c, 0xd5, 0x58, 0x40, 0x30, 0xaa, 0xe3, 0x0,
    0xf1, 0xaa, 0xe2, 0x0, 0xff, 0xe7, 0x1f, 0xff,
    0x84, 0x0, 0x3f, 0xfe, 0x30, 0xf, 0xf8, 0xc0,
    0x6, 0x1, 0xff, 0xd5, 0x3f, 0xff, 0x10, 0x0,
    0xbf, 0xfc, 0x60, 0x1f, 0xfc, 0xe1, 0x55, 0xf0,
    0x6, 0x55, 0xf1, 0x0, 0x62, 0xaa, 0xf1, 0x0,
    0xa, 0xab, 0xc2, 0x1, 0xff, 0xff, 0x0, 0xff,
    0xec, 0x80,

    /* U+00A6 "¦" */
    0x4f, 0xf8, 0x3, 0xff, 0xe2, 0x99, 0x90, 0x0,
    0xce, 0x0, 0xff, 0xe9, 0xa7, 0xfc, 0x1, 0xff,
    0xf1, 0x5b, 0xb8, 0x0,

    /* U+00A7 "§" */
    0x0, 0xe2, 0x8c, 0xef, 0xec, 0x81, 0x0, 0xfe,
    0x8d, 0x73, 0x10, 0x13, 0x7e, 0x50, 0xf, 0xa5,
    0xc0, 0x3f, 0xa9, 0x0, 0x38, 0xd8, 0x0, 0x33,
    0xdf, 0xd4, 0x20, 0xa, 0x0, 0xeb, 0x0, 0xbd,
    0x84, 0x5, 0x74, 0x0, 0x2c, 0x1, 0x8c, 0x0,
    0x82, 0x1, 0xc6, 0xc0, 0xa, 0x0, 0xc2, 0x0,
    0x10, 0xf, 0xad, 0x23, 0x80, 0x31, 0x0, 0x10,
    0x3, 0xe2, 0xb7, 0x20, 0xd, 0x20, 0x1, 0xb0,
    0xf, 0xfe, 0x10, 0xc8, 0x1, 0x34, 0xc0, 0x3f,
    0xf8, 0x2d, 0x0, 0x2, 0xc9, 0x10, 0xf, 0xf2,
    0xec, 0x0, 0x66, 0xe7, 0x0, 0xfc, 0xd4, 0x49,
    0xbf, 0x0, 0x14, 0x6a, 0x0, 0x70, 0xc8, 0xd,
    0x90, 0x3f, 0x30, 0x0, 0xae, 0x84, 0x2, 0x70,
    0x3, 0x80, 0x61, 0x9d, 0x40, 0x2, 0xe1, 0x0,
    0x3c, 0x0, 0x20, 0x1e, 0x2b, 0xa1, 0x2, 0xf1,
    0x1, 0x0, 0x20, 0x7, 0xe5, 0xf2, 0x2, 0x80,
    0xc0, 0x1, 0xa0, 0x7, 0xe1, 0xe0, 0x3, 0xa,
    0x10, 0x2, 0xd4, 0x3, 0xf1, 0x90, 0x1, 0x43,
    0x80, 0x2a, 0xa1, 0x0, 0x7f, 0x84, 0xe, 0xc0,
    0x25, 0xd8, 0x0, 0xe1, 0x20, 0x3, 0x80, 0x13,
    0x4c, 0x2, 0x7e, 0x60, 0xa, 0x80, 0x8, 0x40,
    0x11, 0x64, 0x88, 0x0, 0x67, 0x6b, 0x90, 0xa,
    0x80, 0x3c, 0xdc, 0xe0, 0x11, 0x28, 0x89, 0xb0,
    0x40, 0x3f, 0x46, 0xa0, 0x6, 0xa9, 0x10, 0xf,
    0xf1, 0x5d, 0x84, 0x1, 0x68, 0x1, 0xff, 0xc1,
    0x4f, 0x10, 0x5, 0x0, 0x7f, 0xf0, 0x87, 0x40,
    0x2, 0xa0, 0x10, 0xac, 0xb0, 0x7, 0xc6, 0x20,
    0xd, 0x0, 0xa2, 0x9a, 0x0, 0x3f, 0x8, 0x3,
    0xc0, 0x2d, 0x0, 0xc, 0x0, 0x79, 0x40, 0x22,
    0x0, 0x90, 0xc0, 0xf, 0x26, 0x0, 0x28, 0xa0,
    0x0, 0xa8, 0x6, 0xe1, 0x0, 0x36, 0x7f, 0xb5,
    0xc0, 0x2b, 0x0, 0xe2, 0xd2, 0x0, 0xfc, 0x36,
    0xa0, 0x1e, 0x3d, 0xa4, 0x20, 0x1, 0x24, 0xf2,
    0x0, 0x60,

    /* U+00A8 "¨" */
    0x3, 0x86, 0x0, 0xe1, 0x87, 0x10, 0x3c, 0x79,
    0xa0, 0x8, 0x7d, 0xe3, 0x2, 0xc0, 0x25, 0x0,
    0x90, 0x40, 0x4, 0x7c, 0x1, 0x10, 0x4, 0xc0,
    0x18, 0x99, 0x80, 0x5c, 0x1, 0x1c, 0x88, 0xa8,
    0x40,

    /* U+00A9 "©" */
    0x0, 0xff, 0x1c, 0x5f, 0x7f, 0xdb, 0x4c, 0x20,
    0x1f, 0xfc, 0x64, 0xdc, 0x74, 0x10, 0x8, 0x96,
    0x7a, 0x44, 0x3, 0xff, 0x84, 0x59, 0x64, 0x1,
    0xff, 0x37, 0x40, 0x7, 0xff, 0x1, 0x34, 0xc0,
    0x31, 0xb4, 0x4b, 0xb0, 0x80, 0x67, 0xb0, 0xf,
    0xf3, 0x58, 0x4, 0x31, 0xd9, 0x2e, 0xd1, 0x3d,
    0x88, 0x1, 0x26, 0x88, 0x7, 0xc9, 0x20, 0x12,
    0xfb, 0x88, 0x7, 0xc7, 0x78, 0x20, 0x2, 0xd0,
    0xf, 0xd, 0x0, 0x51, 0x42, 0x1, 0x8c, 0xc4,
    0x1, 0x8f, 0xcc, 0x0, 0x72, 0x1, 0xd6, 0x20,
    0x8, 0x70, 0x9, 0x2f, 0xf3, 0x1b, 0xf4, 0x60,
    0x1, 0xd2, 0x0, 0x31, 0x80, 0x46, 0xa0, 0x4,
    0x70, 0xa, 0x6d, 0x0, 0x39, 0x72, 0x0, 0x3,
    0xe0, 0x14, 0x0, 0x52, 0x1, 0x48, 0x5, 0x8c,
    0x1, 0xfc, 0xf2, 0x0, 0x27, 0x0, 0x21, 0x80,
    0x14, 0x0, 0xc4, 0x0, 0x93, 0x0, 0xc, 0xf7,
    0xec, 0x8, 0x1, 0x94, 0x1, 0x20, 0x15, 0x2,
    0x0, 0x5a, 0x0, 0x36, 0x0, 0x1f, 0xb0, 0x81,
    0x3e, 0x8, 0x2, 0xc0, 0x2, 0x80, 0x4, 0xc,
    0x0, 0x90, 0x1, 0x40, 0x1, 0xd1, 0x0, 0xe2,
    0xb0, 0x0, 0x98, 0x3, 0x40, 0x4, 0x24, 0x0,
    0x20, 0x9, 0x0, 0xc, 0x20, 0x1f, 0x2d, 0xdc,
    0x40, 0x2, 0x0, 0x88, 0x40, 0xc, 0x1, 0x10,
    0x3, 0x40, 0x3f, 0x91, 0x21, 0x0, 0x30, 0x4,
    0xe0, 0x1f, 0xfd, 0x31, 0x0, 0x30, 0x4, 0x40,
    0xd, 0x0, 0xfc, 0x26, 0x70, 0x4, 0xc0, 0x13,
    0x90, 0x0, 0x80, 0x24, 0x0, 0x30, 0x80, 0x7d,
    0x79, 0x8d, 0x0, 0x88, 0x2, 0x3c, 0x0, 0x90,
    0x1, 0x40, 0x1, 0xd1, 0x0, 0xe4, 0x50, 0x3,
    0x80, 0x5a, 0x0, 0x20, 0x40, 0xb, 0x40, 0x6,
    0xc0, 0x3, 0xf6, 0x10, 0x28, 0xb0, 0xa, 0xc0,
    0x2, 0x80, 0x4, 0x0, 0x28, 0x1, 0x88, 0x1,
    0x26, 0x0, 0x19, 0xef, 0xd7, 0x0, 0xa0, 0x80,
    0x12, 0x1, 0x50, 0x2, 0x40, 0x29, 0x0, 0xb1,
    0x40, 0x3f, 0xa1, 0xc0, 0x4, 0xe0, 0x4, 0x30,
    0x1, 0xa8, 0x1, 0x1c, 0x2, 0xaa, 0x18, 0x7,
    0x2e, 0x38, 0x0, 0x7c, 0x2, 0x80, 0xd, 0x62,
    0x0, 0x86, 0x0, 0x97, 0x3a, 0xed, 0x9f, 0x46,
    0x0, 0x1d, 0x20, 0x3, 0x18, 0x6, 0x1a, 0x0,
    0xa6, 0x40, 0x18, 0x51, 0x6, 0x1, 0x8f, 0xcc,
    0x0, 0x72, 0x1, 0xe4, 0x90, 0x9, 0xb9, 0xc4,
    0x3, 0xe3, 0xac, 0x10, 0x1, 0x68, 0x7, 0xe6,
    0xb0, 0x8, 0x63, 0xb2, 0x1d, 0xa2, 0x7b, 0x14,
    0x2, 0x4c, 0x10, 0xf, 0xe4, 0xd3, 0x0, 0xc6,
    0xf1, 0x2e, 0xc2, 0x1, 0x9e, 0xc4, 0x3, 0xfe,
    0x2c, 0xa2, 0x0, 0xff, 0x9b, 0xa0, 0x3, 0xff,
    0x86, 0xbb, 0x8e, 0x82, 0x1, 0x12, 0xcf, 0x48,
    0x80, 0x7e,

    /* U+00AA "ª" */
    0x0, 0xcb, 0x5b, 0xfe, 0xda, 0x50, 0xe, 0x3d,
    0xa5, 0x20, 0x1, 0x2d, 0x60, 0x80, 0xf, 0x8,
    0x0, 0x26, 0x82, 0x0, 0x3d, 0x0, 0x70, 0x0,
    0x6b, 0xb2, 0xfa, 0x0, 0x6, 0xa1, 0x2e, 0x7a,
    0xa0, 0x19, 0xd0, 0x1, 0xe0, 0x91, 0x86, 0x1,
    0xe2, 0x0, 0x30, 0x7, 0xe1, 0x36, 0x70, 0xf,
    0x13, 0xd6, 0xff, 0x64, 0x88, 0x6, 0x1b, 0xd8,
    0x52, 0x0, 0xc2, 0x1, 0xb1, 0x0, 0x2, 0xb1,
    0x59, 0xec, 0x1, 0x31, 0x0, 0x27, 0xa9, 0xd4,
    0xc0, 0x3b, 0xc0, 0xa, 0xc0, 0x1e, 0x20, 0x8,
    0xc0, 0x2, 0x1, 0xe2, 0x50, 0xb, 0x40, 0x8,
    0xa0, 0x18, 0xfc, 0x3, 0x30, 0x80, 0x2b, 0x6a,
    0x9b, 0x84, 0x60, 0x10, 0xe8, 0x80, 0x9, 0x54,
    0x41, 0x16, 0x1, 0x8f, 0xdc, 0xc4, 0x9, 0x71,
    0xc0, 0x30,

    /* U+00AB "«" */
    0x0, 0xfc, 0x4a, 0xb1, 0x80, 0x44, 0xab, 0x18,
    0x7, 0xc3, 0xf5, 0x50, 0x80, 0x7, 0x2a, 0x96,
    0x40, 0x1f, 0x69, 0x0, 0x2c, 0x80, 0x1a, 0x20,
    0xd, 0x10, 0xf, 0x51, 0x80, 0x25, 0x0, 0x16,
    0x60, 0xa, 0x30, 0xf, 0x42, 0x80, 0x19, 0x80,
    0x9, 0x40, 0x3, 0xa8, 0x7, 0x95, 0xc0, 0x9,
    0x20, 0x6, 0x60, 0x1, 0x60, 0x3, 0xc7, 0x40,
    0x2, 0xa0, 0x2, 0x48, 0x0, 0xe8, 0x3, 0xc5,
    0xa0, 0x1, 0xf1, 0x2, 0xb0, 0x0, 0xe8, 0x7,
    0x87, 0xc4, 0x1, 0xa4, 0x3, 0x80, 0x16, 0x88,
    0x7, 0xa8, 0x80, 0x12, 0x60, 0xd, 0x10, 0x5,
    0x18, 0x7, 0xd8, 0x1, 0x60, 0x4, 0x80, 0x16,
    0x0, 0x7e, 0x76, 0x0, 0x2c, 0x0, 0x21, 0x40,
    0xc, 0xe0, 0x1f, 0xa5, 0x0, 0xe, 0xa0, 0xa,
    0x30, 0x4, 0x20, 0x7, 0xea, 0x20, 0x5, 0x18,
    0x3, 0x44, 0x1, 0x64, 0x1, 0xf0, 0xf8, 0x80,
    0x34, 0x40, 0x70, 0x2, 0xc1, 0x0, 0xf8, 0xb4,
    0x0, 0x38, 0x0, 0x2b, 0x0, 0xe, 0x80, 0x7e,
    0x3a, 0x0, 0x15, 0x80, 0x12, 0x40, 0x7, 0x40,
    0x1f, 0x95, 0xc0, 0x9, 0x0, 0x6, 0x60, 0x1,
    0x5c, 0x3, 0xf4, 0x28, 0x1, 0xd8, 0x1, 0x28,
    0x0, 0x85,

    /* U+00AC "¬" */
    0x1, 0x1f, 0xfe, 0x25, 0x77, 0x7f, 0xf0, 0xe8,
    0x3, 0xff, 0xad, 0x5f, 0xff, 0xfc, 0x6, 0x0,
    0xff, 0xff, 0x80, 0x7f, 0x6b, 0xbb, 0x80,

    /* U+00AE "®" */
    0x0, 0xfe, 0x58, 0xab, 0x98, 0x30, 0xf, 0xfe,
    0x10, 0xcf, 0xd3, 0xaa, 0x33, 0xe7, 0x30, 0x7,
    0xfc, 0xdc, 0xc0, 0x1f, 0x86, 0x74, 0x80, 0x3f,
    0x44, 0x80, 0x6, 0x33, 0xfd, 0xd6, 0xc0, 0x2,
    0xd4, 0x0, 0xf3, 0xb8, 0x0, 0xfc, 0xe6, 0x0,
    0x14, 0x9d, 0x30, 0x5, 0x90, 0x6, 0x38, 0x0,
    0x54, 0x0, 0x7e, 0x2c, 0x50, 0x7, 0x80, 0x6f,
    0x0, 0x42, 0x83, 0xdd, 0xea, 0x81, 0x0, 0x51,
    0x1, 0x30, 0x0, 0xcc, 0x6, 0xe0, 0xc, 0x44,
    0xca, 0xfe, 0x40, 0xf, 0x0, 0x40, 0x2, 0xc0,
    0x10, 0x1, 0xcb, 0xfe, 0xc1, 0x14, 0x80, 0x9,
    0x40, 0x4c, 0x14, 0x0, 0x80, 0x1f, 0x8d, 0x41,
    0x80, 0x2f, 0x0, 0x20, 0x10, 0x18, 0x7, 0xf0,
    0xa8, 0x30, 0x4, 0xe0, 0xe, 0x0, 0x9c, 0x3,
    0xcb, 0x7f, 0xc2, 0x10, 0x1, 0x18, 0x0, 0xc0,
    0x27, 0x0, 0xf9, 0x0, 0x28, 0x30, 0xf, 0x18,
    0x10, 0x10, 0x7, 0x97, 0xfc, 0x41, 0xa0, 0x19,
    0x40, 0x2, 0xe, 0x2, 0x60, 0x1f, 0xa0, 0x14,
    0xc0, 0x2d, 0x0, 0x60, 0x78, 0x2, 0x80, 0x3f,
    0x29, 0x4, 0x0, 0x4e, 0x0, 0x40, 0x52, 0x6,
    0x40, 0x6, 0x26, 0x80, 0x52, 0x80, 0x21, 0x42,
    0xe, 0x1, 0x40, 0x2, 0x88, 0x1e, 0xdc, 0x2,
    0x4b, 0xb0, 0xb2, 0x80, 0x24, 0x2, 0x55, 0x0,
    0xe2, 0x0, 0x7f, 0x4c, 0x80, 0x14, 0x20, 0x1a,
    0x8c, 0x6, 0xe8, 0xc0, 0x39, 0x75, 0x80, 0x10,
    0xa0, 0x1e, 0xc5, 0x0, 0x2e, 0x7e, 0x63, 0x7e,
    0x88, 0x1, 0x4e, 0x1, 0xfa, 0xa8, 0x40, 0x11,
    0x98, 0x80, 0x24, 0xd5, 0x0, 0xff, 0x2e, 0xdb,
    0x10, 0x80, 0x9b, 0xed, 0x90, 0x7, 0x0,

    /* U+00AF "¯" */
    0xac, 0xcf, 0xeb, 0x73, 0x3f, 0xe4, 0x0, 0xff,
    0x80,

    /* U+00B0 "°" */
    0x0, 0xcd, 0x9d, 0xfb, 0x2, 0x1, 0xc5, 0xb2,
    0x62, 0x4, 0xfe, 0x80, 0x10, 0xe1, 0x0, 0x78,
    0x6c, 0xc0, 0x16, 0x20, 0x35, 0xfe, 0xc3, 0x0,
    0x68, 0xa, 0x80, 0x31, 0x40, 0x7, 0x84, 0x2,
    0xa8, 0x0, 0x52, 0x0, 0xeb, 0x0, 0x69, 0x80,
    0x8, 0x3, 0xc4, 0x0, 0x23, 0x0, 0x10, 0x7,
    0x88, 0x0, 0x48, 0x0, 0x52, 0x0, 0xeb, 0x0,
    0x68, 0xa8, 0x3, 0x14, 0x0, 0x78, 0x40, 0x2a,
    0x16, 0x20, 0x35, 0xfe, 0xc3, 0x0, 0x50, 0x0,
    0x70, 0x80, 0x3e, 0xa4, 0x0, 0x8b, 0x64, 0xc4,
    0x9, 0xf9, 0x40, 0x0,

    /* U+00B1 "±" */
    0x0, 0xf9, 0xbf, 0xdc, 0x1, 0xff, 0xff, 0x0,
    0xfe, 0x44, 0xfb, 0x0, 0x2, 0x89, 0xf0, 0xdd,
    0xfc, 0xa0, 0x15, 0xdf, 0xcc, 0x1, 0xff, 0xda,
    0xff, 0xfa, 0x40, 0x3, 0xff, 0xf3, 0x80, 0x7f,
    0xff, 0xc0, 0x3f, 0x2b, 0x34, 0x1, 0xff, 0xc3,
    0x39, 0x94, 0x0, 0x7f, 0xf3, 0xff, 0xff, 0xf8,
    0xce, 0x1, 0xff, 0xda, 0xbb, 0xff, 0xe3, 0x30,

    /* U+00B2 "²" */
    0x0, 0xb, 0xe7, 0x7f, 0xb6, 0x48, 0x3, 0x27,
    0xc1, 0x88, 0x0, 0x9b, 0x5c, 0x0, 0x56, 0x20,
    0x3, 0x53, 0x0, 0xa1, 0x82, 0xc0, 0x3, 0x98,
    0xac, 0xd2, 0x0, 0x58, 0x18, 0x8a, 0x4c, 0x2,
    0x28, 0x0, 0x10, 0x57, 0x71, 0xc0, 0x38, 0xc0,
    0x2, 0x1, 0xfc, 0x36, 0x0, 0x70, 0xf, 0xc5,
    0x84, 0x3, 0x0, 0x1f, 0x26, 0x10, 0xe, 0x8,
    0x7, 0x9e, 0xc4, 0xb, 0x8, 0x3, 0xd7, 0x0,
    0x5, 0xd2, 0x0, 0xe2, 0xd4, 0x0, 0x4d, 0x0,
    0x79, 0x74, 0x80, 0xb5, 0x80, 0x3c, 0xf4, 0x1,
    0xbb, 0x33, 0xcf, 0x80, 0x18, 0x8c, 0xfe, 0xe0,
    0xf, 0xfe, 0x10,

    /* U+00B3 "³" */
    0x0, 0x96, 0xb7, 0xfd, 0xb4, 0x80, 0x1c, 0x39,
    0x4a, 0x40, 0x2, 0x5b, 0xb0, 0x6, 0xc3, 0x0,
    0xa, 0x20, 0x40, 0x9, 0x60, 0x6, 0x20, 0x5,
    0x75, 0xdb, 0x9c, 0x0, 0x84, 0x4, 0xee, 0x95,
    0x0, 0xd0, 0x1, 0x30, 0x24, 0x41, 0x80, 0x39,
    0x80, 0x25, 0x0, 0xf3, 0x32, 0x32, 0x40, 0x14,
    0x20, 0x1e, 0x89, 0x73, 0x8, 0xe5, 0x0, 0xff,
    0xe0, 0x46, 0xa0, 0x7, 0xdd, 0xfd, 0x68, 0x7,
    0x6a, 0x1, 0xf8, 0x52, 0xd0, 0x1, 0x0, 0xf1,
    0x4, 0x0, 0xf0, 0x80, 0x8, 0x2d, 0xdd, 0x4a,
    0x1, 0x9d, 0x40, 0x6, 0x10, 0x0, 0x1a, 0xfd,
    0xd7, 0xc0, 0x5, 0x0, 0x96, 0x20, 0x11, 0x10,
    0x2, 0x1b, 0x40, 0x2, 0x74, 0xa0, 0x80, 0x5,
    0x27, 0x90, 0x0,

    /* U+00B4 "´" */
    0x0, 0x9e, 0x20, 0xc0, 0x7, 0x87, 0x71, 0x0,
    0x24, 0x0, 0xe8, 0xe, 0x20, 0x50, 0x0, 0x90,
    0x7, 0x0, 0x1c, 0x42, 0xc, 0x0,

    /* U+00B5 "µ" */
    0xef, 0xf4, 0x80, 0x7f, 0xbf, 0xe9, 0x0, 0xff,
    0xff, 0x80, 0x7f, 0xff, 0xc0, 0x3f, 0xff, 0xe0,
    0x1f, 0xfd, 0x53, 0x0, 0xff, 0xe4, 0x8, 0x7,
    0xff, 0x21, 0x0, 0x3f, 0x8c, 0x3, 0xfe, 0x30,
    0xf, 0xd4, 0x1, 0xff, 0x70, 0x7, 0xc6, 0xc0,
    0x1f, 0xf1, 0x6a, 0x0, 0x66, 0xc0, 0xc, 0x80,
    0x1e, 0x51, 0x2b, 0xfd, 0xd7, 0xc8, 0x24, 0x80,
    0xb, 0xf0, 0xc0, 0x23, 0xd1, 0x0, 0x11, 0x0,
    0x7, 0x4c, 0x80, 0x11, 0xb8, 0x6, 0x3f, 0x82,
    0x0, 0x1c, 0xe0, 0x85, 0xc9, 0x88, 0x7, 0xc2,
    0xfb, 0xfe, 0xc6, 0x0, 0xcd, 0x9d, 0xe8, 0x1,
    0xff, 0xff, 0x0, 0xff, 0xfe, 0x0,

    /* U+00B6 "¶" */
    0x0, 0xe3, 0x9c, 0xef, 0xff, 0xf0, 0x4, 0x59,
    0x86, 0x31, 0x0, 0xff, 0xe0, 0x26, 0x98, 0x7,
    0xff, 0xc, 0xac, 0x3, 0xf3, 0xe6, 0x2c, 0x2,
    0x50, 0x90, 0xf, 0xee, 0x33, 0x28, 0x4, 0x66,
    0x40, 0xf, 0xfe, 0x2d, 0x80, 0x7f, 0xf1, 0x8c,
    0x3, 0xff, 0x8c, 0xc0, 0x1f, 0xfd, 0x96, 0x0,
    0xff, 0xe3, 0x10, 0x7, 0xff, 0x1b, 0x40, 0x3f,
    0xf8, 0xc8, 0x40, 0x1f, 0xfc, 0x69, 0x0, 0xff,
    0xe3, 0x24, 0x0, 0x7f, 0xf1, 0x9e, 0x40, 0x3f,
    0xf8, 0xcd, 0xce, 0x40, 0x1f, 0xfc, 0x41, 0x8d,
    0xfd, 0xcb, 0x70, 0xf, 0xfe, 0x19, 0x1a, 0x8,
    0x7, 0xff, 0xfc, 0x3, 0xff, 0xfe, 0x1, 0xff,
    0xd0,

    /* U+00B7 "·" */
    0x0, 0x18, 0x80, 0xb, 0x73, 0xa0, 0x20, 0x80,
    0xe, 0x6e, 0x1, 0x99, 0x0, 0x33, 0xca, 0x81,
    0x59, 0x0,

    /* U+00B8 "¸" */
    0xc, 0xf2, 0x0, 0xc4, 0x1, 0xe1, 0x5, 0x30,
    0x1, 0x0, 0x23, 0x34, 0x4e, 0x20, 0xa0, 0x56,
    0x2e, 0xea, 0x30, 0x70, 0x0, 0x99, 0x0, 0xff,
    0xbb, 0x4, 0x28, 0x2, 0x13, 0xa6,

    /* U+00B9 "¹" */
    0x0, 0x8a, 0xff, 0xec, 0x0, 0x46, 0xa0, 0x7,
    0x6b, 0x80, 0x78, 0x48, 0x6, 0x94, 0x3, 0x9f,
    0x94, 0x3, 0xe, 0xc0, 0x7, 0xc4, 0x1, 0xff,
    0xff, 0x0, 0xff, 0xe0, 0x80,

    /* U+00BA "º" */
    0x0, 0xc2, 0xf9, 0xdf, 0xed, 0x82, 0x0, 0xf9,
    0x3e, 0xc, 0x40, 0x4, 0xfa, 0xe0, 0x1c, 0xb6,
    0x20, 0x11, 0x8, 0x5, 0x14, 0x1, 0x15, 0x0,
    0x6, 0xbf, 0x7b, 0xc, 0x0, 0xaa, 0x0, 0x40,
    0x5, 0x8a, 0x1, 0x1e, 0x18, 0x2, 0xc0, 0xa,
    0x0, 0x72, 0x0, 0xf7, 0x80, 0x5, 0x50, 0x2,
    0xb0, 0xf, 0x8c, 0x40, 0x18, 0x20, 0x11, 0x80,
    0x7e, 0x50, 0x1, 0x10, 0x3, 0xff, 0x80, 0x20,
    0x7, 0x20, 0xf, 0xfe, 0x0, 0x80, 0x1c, 0x40,
    0x23, 0x0, 0xfc, 0xa0, 0x2, 0x40, 0xa, 0xc0,
    0x3e, 0x31, 0x0, 0x60, 0x28, 0x1, 0xc8, 0x3,
    0xde, 0x0, 0x15, 0x8, 0x0, 0xb1, 0x40, 0x23,
    0xc3, 0x0, 0x40, 0x0, 0xa8, 0x0, 0x35, 0xfb,
    0xd8, 0x60, 0x5, 0x60, 0x9, 0x6c, 0x40, 0x22,
    0x10, 0xa, 0x28, 0x3, 0x93, 0xe0, 0xc4, 0x0,
    0x4f, 0xae, 0x1, 0x0,

    /* U+00BB "»" */
    0x15, 0x59, 0x0, 0x21, 0x55, 0x8c, 0x3, 0xf0,
    0xf5, 0x52, 0xd4, 0x0, 0x33, 0x54, 0xc4, 0x0,
    0xfd, 0x64, 0x0, 0xa3, 0x0, 0x69, 0x0, 0x28,
    0x80, 0x3f, 0x78, 0x80, 0x34, 0x40, 0x7c, 0x0,
    0x3e, 0x20, 0x1f, 0x16, 0x80, 0x7, 0x0, 0x5,
    0x60, 0x2, 0xd0, 0xf, 0xc7, 0x40, 0x2, 0xb0,
    0x2, 0x40, 0x0, 0xe8, 0x3, 0xf2, 0xb8, 0x1,
    0x24, 0x0, 0xec, 0x0, 0x58, 0x0, 0xfd, 0xa,
    0x0, 0x66, 0x0, 0x25, 0x0, 0xe, 0xa0, 0x1f,
    0xa8, 0xc0, 0x12, 0x80, 0xa, 0x20, 0x5, 0x18,
    0x7, 0xed, 0x10, 0x5, 0x90, 0xf, 0x80, 0x5a,
    0x20, 0x1f, 0x28, 0x80, 0xc, 0x80, 0x8, 0x1,
    0x28, 0x80, 0x78, 0xac, 0x0, 0x3a, 0x0, 0x39,
    0x0, 0x15, 0x0, 0x78, 0x70, 0x2, 0xd1, 0x2,
    0xd0, 0x0, 0xf8, 0x80, 0x7b, 0x44, 0x1, 0x66,
    0x0, 0xf1, 0x0, 0x69, 0x0, 0x7a, 0x8c, 0x1,
    0x28, 0x0, 0xb2, 0x0, 0x51, 0x80, 0x79, 0xd4,
    0x0, 0xcc, 0x0, 0x4a, 0x0, 0x1d, 0x40, 0x3c,
    0xb0, 0x0, 0x49, 0x0, 0x33, 0x0, 0xb, 0x0,
    0x1e, 0x3a, 0x0, 0x15, 0x80, 0x12, 0x40, 0x7,
    0x40, 0x1e, 0x1d, 0x0, 0xe, 0x0, 0xa, 0x80,
    0x5, 0xa0, 0x1f, 0x0,

    /* U+00BC "¼" */
    0x0, 0xa7, 0x32, 0x70, 0xf, 0xfe, 0x13, 0xe6,
    0x24, 0x3, 0x8b, 0x58, 0xce, 0xe0, 0xf, 0xfe,
    0x9, 0xc1, 0x9a, 0xc0, 0x31, 0xe1, 0x0, 0x7f,
    0xf1, 0xb8, 0x1, 0x4, 0x1, 0xac, 0x41, 0x98,
    0x1, 0xff, 0xc3, 0x82, 0x3, 0x70, 0xf, 0xa6,
    0x40, 0x1f, 0xfc, 0x33, 0x70, 0x7, 0x0, 0x7b,
    0xb1, 0x80, 0x3f, 0xf8, 0x9c, 0x0, 0x92, 0x0,
    0xf3, 0x18, 0x7, 0xff, 0x12, 0x48, 0x11, 0x80,
    0x3f, 0xf9, 0x88, 0xc0, 0x34, 0x1, 0xff, 0xcc,
    0x1a, 0x0, 0x58, 0x80, 0x7f, 0xf3, 0x2c, 0x41,
    0x54, 0x1, 0xff, 0xcc, 0x55, 0x0, 0xd8, 0x7,
    0xff, 0x30, 0x6c, 0x1, 0x42, 0x1, 0xff, 0xcc,
    0xa1, 0x6, 0x40, 0xf, 0xfe, 0x63, 0x20, 0xc,
    0x80, 0x7f, 0xf3, 0x6, 0x40, 0x14, 0x1, 0xec,
    0xff, 0x9c, 0x3, 0xff, 0x85, 0x40, 0x7, 0x40,
    0xe, 0x53, 0x0, 0xff, 0x4f, 0xfa, 0x40, 0x26,
    0x40, 0x28, 0x0, 0xf5, 0x80, 0x7f, 0xf1, 0x4a,
    0x40, 0x1c, 0x1, 0xe9, 0x10, 0xf, 0xfe, 0x2f,
    0x0, 0x1c, 0xc0, 0x38, 0x98, 0x9, 0xc0, 0x3f,
    0xf8, 0x4e, 0x60, 0x70, 0x1, 0xee, 0x0, 0x77,
    0x80, 0x7f, 0xf0, 0x4a, 0x0, 0x1c, 0x1, 0xe6,
    0x30, 0x53, 0x0, 0xff, 0xe1, 0x78, 0x2, 0x8,
    0x3, 0x86, 0x0, 0x16, 0x1, 0xff, 0xc2, 0x82,
    0x3, 0x70, 0xf, 0x40, 0x84, 0x8, 0x7, 0xff,
    0x4, 0xdc, 0x1, 0xc0, 0x1e, 0x36, 0x2, 0x70,
    0xf, 0xfe, 0x17, 0x0, 0x24, 0x80, 0x3d, 0x0,
    0x15, 0xdd, 0x0, 0x8, 0xb4, 0x0, 0xe9, 0x20,
    0x46, 0x0, 0xf9, 0xc0, 0x4, 0x89, 0x0, 0x64,
    0x20, 0xc, 0x8c, 0x0, 0xa0, 0xf, 0xfe, 0x6d,
    0x0, 0x28, 0x40, 0x3f, 0x67, 0xff, 0x9c, 0x1,
    0x1e, 0xc0, 0x15, 0x8, 0x2a, 0x80, 0x3f, 0xf9,
    0x83, 0xae, 0xeb, 0x0, 0xff, 0xe2, 0xe3, 0xb9,
    0x0, 0x0,

    /* U+00BD "½" */
    0x0, 0x16, 0xff, 0xd2, 0x1, 0xff, 0xc2, 0xaf,
    0xf5, 0x0, 0x79, 0x74, 0x80, 0x3f, 0xf8, 0xaa,
    0xa0, 0x1b, 0x0, 0xe6, 0xa0, 0x0, 0x80, 0x7f,
    0xf0, 0xc6, 0xc0, 0x14, 0x20, 0x1d, 0xc0, 0x38,
    0xe0, 0x1f, 0xfc, 0x3a, 0x10, 0x64, 0x0, 0xf9,
    0x3c, 0xc0, 0x3f, 0xf8, 0x6c, 0x80, 0x52, 0x1,
    0xf5, 0x58, 0x80, 0x7f, 0xf0, 0xca, 0x40, 0x1c,
    0x1, 0xf8, 0x80, 0x3f, 0xf8, 0xbc, 0x0, 0x73,
    0x0, 0xff, 0xe6, 0xb9, 0x81, 0xc0, 0x7, 0xff,
    0x34, 0xe0, 0x1, 0xc0, 0x1f, 0xfc, 0xee, 0x0,
    0x41, 0x0, 0x7f, 0xf3, 0x60, 0x80, 0xdc, 0x3,
    0xff, 0x9a, 0x8e, 0x0, 0xd0, 0xf, 0xfe, 0x75,
    0x0, 0x24, 0x40, 0x3f, 0xf9, 0xb4, 0x20, 0x8c,
    0x1, 0x92, 0xfb, 0xfa, 0x90, 0x3, 0xff, 0x84,
    0xaa, 0x1, 0xa0, 0xd, 0x36, 0x82, 0x2, 0xb6,
    0xe0, 0x1d, 0xc6, 0x6e, 0x0, 0x86, 0xc0, 0x14,
    0x20, 0x13, 0x30, 0x0, 0x24, 0x1, 0x42, 0x0,
    0x67, 0xcc, 0x38, 0x5, 0x42, 0xc, 0x80, 0x1a,
    0x80, 0xd, 0xdb, 0xc6, 0x0, 0xe0, 0xf, 0xf3,
    0x20, 0xc, 0x80, 0x75, 0xb3, 0x20, 0x0, 0x30,
    0x0, 0x60, 0xf, 0xe2, 0x90, 0x6, 0x80, 0x79,
    0xe6, 0x42, 0x1, 0x10, 0x1, 0x40, 0x3f, 0xb8,
    0x0, 0xe6, 0x1, 0xff, 0xc0, 0x18, 0x0, 0x58,
    0x7, 0xe7, 0x30, 0x28, 0x0, 0xff, 0xe0, 0xd0,
    0x83, 0x90, 0x7, 0xc5, 0x0, 0xe, 0x0, 0xff,
    0xe0, 0xd2, 0x1, 0xc0, 0x7, 0xee, 0x0, 0x41,
    0x80, 0x7f, 0xf0, 0x25, 0x40, 0x74, 0x3, 0xf4,
    0x18, 0x1b, 0x80, 0x7f, 0xf0, 0x21, 0x80, 0x18,
    0x20, 0x1f, 0x1b, 0x80, 0x38, 0x3, 0xff, 0x80,
    0xee, 0x0, 0x59, 0x0, 0x7e, 0xe0, 0x4, 0x90,
    0x7, 0xfc, 0xd0, 0x0, 0xa4, 0x0, 0xfd, 0x24,
    0x8, 0xc0, 0x1f, 0xf2, 0xc8, 0x0, 0x7a, 0xef,
    0x80, 0x24, 0x60, 0x1a, 0x0, 0xff, 0xe0, 0x48,
    0x4, 0x28, 0x9e, 0x0, 0xd, 0x0, 0x2c, 0x40,
    0x3f, 0xf9, 0x60,

    /* U+00BE "¾" */
    0x0, 0xc4, 0xd1, 0x6, 0x10, 0xf, 0xfe, 0x19,
    0x4c, 0xa0, 0x3, 0xc3, 0x5b, 0x2e, 0xe9, 0xe6,
    0x0, 0xff, 0xe1, 0x7b, 0x33, 0xc0, 0x3d, 0x8a,
    0x1, 0xe9, 0x50, 0xf, 0xfe, 0x4, 0x10, 0x23,
    0x80, 0x73, 0x90, 0x15, 0xff, 0x28, 0x2, 0x0,
    0x3f, 0xe3, 0x70, 0x5, 0x0, 0x78, 0xe6, 0x5e,
    0x80, 0x36, 0x0, 0x20, 0xf, 0xfb, 0x80, 0x12,
    0x20, 0x1e, 0x46, 0x61, 0x0, 0x46, 0x0, 0x10,
    0xf, 0xf4, 0x90, 0x2b, 0x0, 0x7f, 0xf0, 0x4b,
    0x80, 0xc, 0x1, 0xfc, 0x8c, 0x3, 0x60, 0x1f,
    0xf0, 0xff, 0xb4, 0xc1, 0xa0, 0x3, 0xf0, 0xd0,
    0x2, 0x84, 0x3, 0xff, 0x88, 0x5c, 0x1, 0xfd,
    0x62, 0xc, 0x80, 0x1f, 0xfc, 0x1, 0x88, 0x30,
    0x94, 0x68, 0x7, 0xca, 0xa0, 0x19, 0x0, 0xff,
    0xe1, 0x3b, 0xa7, 0xc4, 0x9, 0x80, 0x38, 0x6c,
    0x1, 0x40, 0x1f, 0xfc, 0x61, 0x70, 0x6, 0x0,
    0x75, 0x8, 0x3a, 0x0, 0x7f, 0xc4, 0x50, 0x7,
    0x18, 0x7, 0xcc, 0x80, 0x50, 0x1, 0xff, 0xc0,
    0xcd, 0xd5, 0x98, 0xc, 0x28, 0x3, 0x40, 0x22,
    0x90, 0x7, 0x0, 0x7f, 0xf0, 0x60, 0x0, 0x99,
    0xfc, 0xe0, 0x2, 0x70, 0xb, 0x80, 0x10, 0x60,
    0x1d, 0x3f, 0xf5, 0x0, 0x4d, 0x22, 0x1, 0xe5,
    0xc0, 0x9, 0xcc, 0xd, 0xc0, 0x38, 0x98, 0x3,
    0xf3, 0x75, 0x3b, 0x32, 0x36, 0x84, 0x0, 0x70,
    0x0, 0xe0, 0xf, 0x70, 0x7, 0xfc, 0xb1, 0x32,
    0x72, 0x0, 0xdc, 0x0, 0x92, 0x0, 0xe6, 0x30,
    0xf, 0xfe, 0x44, 0x10, 0x23, 0x0, 0x70, 0xc0,
    0xd, 0x0, 0x7f, 0xf1, 0x51, 0xc0, 0x14, 0x1,
    0xe8, 0x10, 0xb0, 0xf, 0xfe, 0x35, 0x0, 0x28,
    0x40, 0x38, 0xd8, 0xd, 0x40, 0x3f, 0xf8, 0xb2,
    0x20, 0xaa, 0x0, 0xf7, 0x80, 0x3c, 0x3, 0xff,
    0x8a, 0x8c, 0x3, 0x60, 0x1e, 0x63, 0x6, 0x30,
    0xf, 0xfe, 0x20, 0xd0, 0x2, 0x84, 0x3, 0x86,
    0x0, 0x60, 0x3, 0xff, 0x8b, 0x62, 0xc, 0x80,
    0x1e, 0x91, 0x0, 0x55, 0xda, 0x80, 0xb, 0x6c,
    0x1, 0xf9, 0x94, 0xa, 0x40, 0x3e, 0x10, 0x0,
    0xa2, 0x40, 0x19, 0x3c, 0x3, 0xe1, 0x90, 0x7,
    0x0, 0x7f, 0xf4, 0x28, 0x0, 0xe6, 0x1, 0xfa,
    0x7f, 0xfd, 0x40, 0x5, 0xf9, 0x0, 0xf3, 0xa0,
    0x14, 0x0, 0x7f, 0xf4, 0x5d, 0xde, 0x1, 0xff,
    0xc5, 0x77, 0xbc, 0x0,

    /* U+00BF "¿" */
    0x0, 0xf9, 0x77, 0xa4, 0x3, 0xff, 0x80, 0x54,
    0x42, 0xce, 0x1, 0xff, 0x20, 0x6, 0xc0, 0xf,
    0xf8, 0x80, 0x31, 0x0, 0x7f, 0xc8, 0xc0, 0x3,
    0x80, 0xf, 0xfe, 0x4, 0xf6, 0xe0, 0x80, 0x7f,
    0xf0, 0x44, 0x80, 0x3f, 0xfc, 0x8f, 0xba, 0xc0,
    0xf, 0xfe, 0xe, 0x91, 0x40, 0x1f, 0xfc, 0x16,
    0x0, 0x18, 0x7, 0xff, 0x0, 0x8c, 0x0, 0xc0,
    0x1f, 0xfc, 0xe, 0x0, 0xb0, 0x3, 0xfc, 0x5a,
    0x60, 0x1, 0x70, 0xf, 0xe6, 0xd2, 0x0, 0xa8,
    0x3, 0xfa, 0xa4, 0x2, 0x1c, 0x40, 0xf, 0xd0,
    0xa0, 0x12, 0xf9, 0x80, 0x7e, 0x27, 0x0, 0xa6,
    0x84, 0x3, 0xfa, 0xc0, 0x27, 0x60, 0xf, 0xf9,
    0x0, 0x3, 0x0, 0x1f, 0xfc, 0x2, 0x0, 0x28,
    0x7, 0xff, 0x10, 0x40, 0x3f, 0xaf, 0x31, 0x22,
    0x0, 0x10, 0xf, 0xc2, 0x86, 0x62, 0x40, 0x2,
    0x8, 0x7, 0xcc, 0x1, 0x67, 0x80, 0x5a, 0x1,
    0xe3, 0x80, 0x9, 0x95, 0x0, 0x7, 0xce, 0x42,
    0x93, 0x80, 0x14, 0x8, 0x51, 0x0, 0x6, 0x37,
    0xad, 0x80, 0x25, 0x70, 0x0, 0xe2, 0x80, 0x7f,
    0x45, 0x0, 0x61, 0xac, 0x62, 0x0, 0x9, 0xc7,
    0x38, 0x4,

    /* U+00C0 "À" */
    0x0, 0xf8, 0x6e, 0xe8, 0x0, 0xff, 0xe4, 0x89,
    0xa2, 0x1c, 0x80, 0x3f, 0xf9, 0x30, 0x40, 0xb,
    0x0, 0xff, 0xe5, 0x70, 0x1, 0x84, 0x3, 0xff,
    0x92, 0x6c, 0x0, 0x80, 0xf, 0xfe, 0x54, 0x88,
    0x30, 0x80, 0x7f, 0xf2, 0xbb, 0xfc, 0x20, 0x1f,
    0xff, 0xd9, 0xff, 0xc2, 0x1, 0xff, 0xc8, 0x60,
    0xc, 0xe0, 0x1f, 0xfc, 0x75, 0x0, 0xea, 0x0,
    0xff, 0xe3, 0xf0, 0x1, 0x40, 0x6, 0x40, 0x1f,
    0xfc, 0x51, 0x40, 0x7, 0x10, 0x2, 0x80, 0x3f,
    0xf8, 0xae, 0x1, 0x22, 0x80, 0x18, 0x3, 0xff,
    0x8b, 0x40, 0x5, 0xb, 0x0, 0xa, 0x0, 0x7f,
    0xf0, 0xc8, 0xc0, 0x1e, 0x6, 0x20, 0xe, 0x0,
    0xff, 0xe1, 0xd0, 0x4, 0x80, 0x7, 0x0, 0x28,
    0x7, 0xff, 0xd, 0x80, 0x8, 0x20, 0xd, 0x0,
    0x98, 0x3, 0xff, 0x82, 0x62, 0x0, 0xd0, 0x9,
    0x4, 0x1, 0xa0, 0x1f, 0xfc, 0x1a, 0x0, 0x9c,
    0x3, 0x38, 0x1, 0x4, 0x3, 0xff, 0x80, 0xc0,
    0x4, 0x10, 0xd, 0xa0, 0x13, 0x0, 0x7f, 0xca,
    0x1, 0x70, 0x7, 0x20, 0x80, 0x28, 0x3, 0xfe,
    0xe0, 0x9, 0x40, 0x3c, 0xc0, 0x2, 0x30, 0xf,
    0xe1, 0x40, 0x2, 0x80, 0x7d, 0x40, 0x15, 0x0,
    0x7f, 0x38, 0x5, 0xe0, 0x1f, 0x11, 0x0, 0xe,
    0x1, 0xfd, 0x40, 0x10, 0x99, 0xfe, 0x60, 0x0,
    0xa8, 0x7, 0xc4, 0x60, 0x15, 0xe6, 0x7e, 0x40,
    0xb, 0x80, 0x3e, 0xa0, 0xf, 0xfe, 0x2a, 0x8,
    0x7, 0x98, 0x3, 0xff, 0x8c, 0xc0, 0x1c, 0x82,
    0x0, 0x6f, 0xff, 0xfe, 0x0, 0x5, 0x60, 0x1d,
    0xa0, 0x15, 0x0, 0x7f, 0xf0, 0x14, 0x0, 0x64,
    0x1, 0x98, 0x0, 0x26, 0x1, 0xff, 0xc0, 0xe0,
    0xa, 0x80, 0x25, 0x0, 0x98, 0x3, 0xff, 0x82,
    0x82, 0x0, 0x60, 0xb, 0x80, 0x2a, 0x0, 0xff,
    0xe1, 0x38, 0x0, 0x50, 0x5, 0x0, 0x4, 0x40,
    0xf, 0xfe, 0x15, 0x0, 0x5c, 0xc, 0x1, 0x50,
    0x7, 0xff, 0xc, 0xc8, 0x0, 0xa1, 0x60, 0x12,
    0x80, 0x7f, 0xf1, 0x14, 0x2, 0x60,

    /* U+00C1 "Á" */
    0x0, 0xff, 0xe0, 0x8c, 0x44, 0xa0, 0x1f, 0xfc,
    0x99, 0x77, 0x98, 0x3, 0xff, 0x90, 0x2e, 0x0,
    0x73, 0x0, 0xff, 0xe4, 0x48, 0x0, 0xa0, 0x3,
    0xff, 0x90, 0x2e, 0x0, 0xf0, 0xf, 0xfe, 0x4c,
    0x80, 0x20, 0x80, 0x3f, 0xf9, 0x31, 0xfe, 0x70,
    0xf, 0xff, 0xec, 0xff, 0xe1, 0x0, 0xff, 0xe4,
    0x30, 0x6, 0x70, 0xf, 0xfe, 0x3a, 0x80, 0x75,
    0x0, 0x7f, 0xf1, 0xf8, 0x0, 0xa0, 0x3, 0x20,
    0xf, 0xfe, 0x28, 0xa0, 0x3, 0x88, 0x1, 0x40,
    0x1f, 0xfc, 0x57, 0x0, 0x91, 0x40, 0xc, 0x1,
    0xff, 0xc5, 0xa0, 0x2, 0x85, 0x80, 0x5, 0x0,
    0x3f, 0xf8, 0x64, 0x60, 0xf, 0x3, 0x10, 0x7,
    0x0, 0x7f, 0xf0, 0xe8, 0x2, 0x40, 0x3, 0x80,
    0x14, 0x3, 0xff, 0x86, 0xc0, 0x4, 0x10, 0x6,
    0x80, 0x4c, 0x1, 0xff, 0xc1, 0x31, 0x0, 0x68,
    0x4, 0x82, 0x0, 0xd0, 0xf, 0xfe, 0xd, 0x0,
    0x4e, 0x1, 0x9c, 0x0, 0x82, 0x1, 0xff, 0xc0,
    0x60, 0x2, 0x8, 0x6, 0xd0, 0x9, 0x80, 0x3f,
    0xe5, 0x0, 0xb8, 0x3, 0x90, 0x40, 0x14, 0x1,
    0xff, 0x70, 0x4, 0xa0, 0x1e, 0x60, 0x1, 0x18,
    0x7, 0xf0, 0xa0, 0x1, 0x40, 0x3e, 0xa0, 0xa,
    0x80, 0x3f, 0x9c, 0x2, 0xf0, 0xf, 0x88, 0x80,
    0x7, 0x0, 0xfe, 0xa0, 0x8, 0x4c, 0xff, 0x30,
    0x0, 0x54, 0x3, 0xe2, 0x30, 0xa, 0xf3, 0x3f,
    0x20, 0x5, 0xc0, 0x1f, 0x50, 0x7, 0xff, 0x15,
    0x4, 0x3, 0xcc, 0x1, 0xff, 0xc6, 0x60, 0xe,
    0x41, 0x0, 0x37, 0xff, 0xff, 0x0, 0x2, 0xb0,
    0xe, 0xd0, 0xa, 0x80, 0x3f, 0xf8, 0xa, 0x0,
    0x32, 0x0, 0xcc, 0x0, 0x13, 0x0, 0xff, 0xe0,
    0x70, 0x5, 0x40, 0x12, 0x80, 0x4c, 0x1, 0xff,
    0xc1, 0x41, 0x0, 0x30, 0x5, 0xc0, 0x15, 0x0,
    0x7f, 0xf0, 0x9c, 0x0, 0x28, 0x2, 0x80, 0x2,
    0x20, 0x7, 0xff, 0xa, 0x80, 0x2e, 0x6, 0x0,
    0xa8, 0x3, 0xff, 0x86, 0x64, 0x0, 0x50, 0xb0,
    0x9, 0x40, 0x3f, 0xf8, 0x8a, 0x1, 0x30,

    /* U+00C2 "Â" */
    0x0, 0xff, 0x9e, 0x20, 0xa0, 0x1f, 0xfc, 0x9b,
    0x87, 0x75, 0x20, 0x7, 0xff, 0x1e, 0x50, 0x8,
    0x1, 0x64, 0x1, 0xff, 0xc5, 0x76, 0x1, 0xc9,
    0x0, 0x60, 0x80, 0x7f, 0xf0, 0xd6, 0x0, 0x1a,
    0x2c, 0xa0, 0x3a, 0x1, 0xff, 0xc2, 0x3a, 0x0,
    0x49, 0x80, 0x28, 0xc0, 0xe8, 0x3, 0xff, 0x82,
    0x7f, 0xf3, 0x0, 0x6c, 0xff, 0x50, 0x7, 0xff,
    0xe6, 0x7f, 0xf0, 0x80, 0x7f, 0xf2, 0x18, 0x3,
    0x38, 0x7, 0xff, 0x1d, 0x40, 0x3a, 0x80, 0x3f,
    0xf8, 0xfc, 0x0, 0x50, 0x1, 0x90, 0x7, 0xff,
    0x14, 0x50, 0x1, 0xc4, 0x0, 0xa0, 0xf, 0xfe,
    0x2b, 0x80, 0x48, 0xa0, 0x6, 0x0, 0xff, 0xe2,
    0xd0, 0x1, 0x42, 0xc0, 0x2, 0x80, 0x1f, 0xfc,
    0x32, 0x30, 0x7, 0x81, 0x88, 0x3, 0x80, 0x3f,
    0xf8, 0x74, 0x1, 0x20, 0x1, 0xc0, 0xa, 0x1,
    0xff, 0xc3, 0x60, 0x2, 0x8, 0x3, 0x40, 0x26,
    0x0, 0xff, 0xe0, 0x98, 0x80, 0x34, 0x2, 0x41,
    0x0, 0x68, 0x7, 0xff, 0x6, 0x80, 0x27, 0x0,
    0xce, 0x0, 0x41, 0x0, 0xff, 0xe0, 0x30, 0x1,
    0x4, 0x3, 0x68, 0x4, 0xc0, 0x1f, 0xf2, 0x80,
    0x5c, 0x1, 0xc8, 0x20, 0xa, 0x0, 0xff, 0xb8,
    0x2, 0x50, 0xf, 0x30, 0x0, 0x8c, 0x3, 0xf8,
    0x50, 0x0, 0xa0, 0x1f, 0x50, 0x5, 0x40, 0x1f,
    0xce, 0x1, 0x78, 0x7, 0xc4, 0x40, 0x3, 0x80,
    0x7f, 0x50, 0x4, 0x26, 0x7f, 0x98, 0x0, 0x2a,
    0x1, 0xf1, 0x18, 0x5, 0x79, 0x9f, 0x90, 0x2,
    0xe0, 0xf, 0xa8, 0x3, 0xff, 0x8a, 0x82, 0x1,
    0xe6, 0x0, 0xff, 0xe3, 0x30, 0x7, 0x20, 0x80,
    0x1b, 0xff, 0xff, 0x80, 0x1, 0x58, 0x7, 0x68,
    0x5, 0x40, 0x1f, 0xfc, 0x5, 0x0, 0x19, 0x0,
    0x66, 0x0, 0x9, 0x80, 0x7f, 0xf0, 0x38, 0x2,
    0xa0, 0x9, 0x40, 0x26, 0x0, 0xff, 0xe0, 0xa0,
    0x80, 0x18, 0x2, 0xe0, 0xa, 0x80, 0x3f, 0xf8,
    0x4e, 0x0, 0x14, 0x1, 0x40, 0x1, 0x10, 0x3,
    0xff, 0x85, 0x40, 0x17, 0x3, 0x0, 0x54, 0x1,
    0xff, 0xc3, 0x32, 0x0, 0x28, 0x58, 0x4, 0xa0,
    0x1f, 0xfc, 0x45, 0x0, 0x98,

    /* U+00C3 "Ã" */
    0x0, 0xfc, 0xbd, 0xf6, 0x60, 0x17, 0xf9, 0x80,
    0x3f, 0xf8, 0x45, 0x42, 0x9, 0x92, 0x2a, 0x0,
    0x20, 0xf, 0xfe, 0x15, 0x0, 0x18, 0x81, 0xba,
    0x80, 0x50, 0x3, 0xff, 0x84, 0x80, 0x73, 0xb2,
    0x20, 0x14, 0x0, 0x7f, 0xf0, 0xea, 0x20, 0x0,
    0x6e, 0xa8, 0xc6, 0x0, 0xff, 0xe1, 0xb3, 0xa0,
    0x6, 0x57, 0x30, 0xf, 0xff, 0xdc, 0xff, 0xe1,
    0x0, 0xff, 0xe4, 0x30, 0x6, 0x70, 0xf, 0xfe,
    0x3a, 0x80, 0x75, 0x0, 0x7f, 0xf1, 0xf8, 0x0,
    0xa0, 0x3, 0x20, 0xf, 0xfe, 0x28, 0xa0, 0x3,
    0x88, 0x1, 0x40, 0x1f, 0xfc, 0x57, 0x0, 0x91,
    0x40, 0xc, 0x1, 0xff, 0xc5, 0xa0, 0x2, 0x85,
    0x80, 0x5, 0x0, 0x3f, 0xf8, 0x64, 0x60, 0xf,
    0x3, 0x10, 0x7, 0x0, 0x7f, 0xf0, 0xe8, 0x2,
    0x40, 0x3, 0x80, 0x14, 0x3, 0xff, 0x86, 0xc0,
    0x4, 0x10, 0x6, 0x80, 0x4c, 0x1, 0xff, 0xc1,
    0x31, 0x0, 0x68, 0x4, 0x82, 0x0, 0xd0, 0xf,
    0xfe, 0xd, 0x0, 0x4e, 0x1, 0x9c, 0x0, 0x82,
    0x1, 0xff, 0xc0, 0x60, 0x2, 0x8, 0x6, 0xd0,
    0x9, 0x80, 0x3f, 0xe5, 0x0, 0xb8, 0x3, 0x90,
    0x40, 0x14, 0x1, 0xff, 0x70, 0x4, 0xa0, 0x1e,
    0x60, 0x1, 0x18, 0x7, 0xf0, 0xa0, 0x1, 0x40,
    0x3e, 0xa0, 0xa, 0x80, 0x3f, 0x9c, 0x2, 0xf0,
    0xf, 0x88, 0x80, 0x7, 0x0, 0xfe, 0xa0, 0x8,
    0x4c, 0xff, 0x30, 0x0, 0x54, 0x3, 0xe2, 0x30,
    0xa, 0xf3, 0x3f, 0x20, 0x5, 0xc0, 0x1f, 0x50,
    0x7, 0xff, 0x15, 0x4, 0x3, 0xcc, 0x1, 0xff,
    0xc6, 0x60, 0xe, 0x41, 0x0, 0x37, 0xff, 0xff,
    0x0, 0x2, 0xb0, 0xe, 0xd0, 0xa, 0x80, 0x3f,
    0xf8, 0xa, 0x0, 0x32, 0x0, 0xcc, 0x0, 0x13,
    0x0, 0xff, 0xe0, 0x70, 0x5, 0x40, 0x12, 0x80,
    0x4c, 0x1, 0xff, 0xc1, 0x41, 0x0, 0x30, 0x5,
    0xc0, 0x15, 0x0, 0x7f, 0xf0, 0x9c, 0x0, 0x28,
    0x2, 0x80, 0x2, 0x20, 0x7, 0xff, 0xa, 0x80,
    0x2e, 0x6, 0x0, 0xa8, 0x3, 0xff, 0x86, 0x64,
    0x0, 0x50, 0xb0, 0x9, 0x40, 0x3f, 0xf8, 0x8a,
    0x1, 0x30,

    /* U+00C4 "Ä" */
    0x0, 0xfa, 0x7f, 0x8, 0x3, 0x3f, 0x71, 0x40,
    0x3f, 0xf8, 0x2e, 0xc0, 0x7c, 0x1, 0x1c, 0x8,
    0xa8, 0x40, 0x3f, 0xf8, 0x1c, 0x1, 0x18, 0x4,
    0xc0, 0x18, 0xc0, 0x3f, 0xf8, 0x1a, 0x1, 0x30,
    0x4, 0x82, 0x0, 0x22, 0x0, 0x7f, 0xf0, 0x13,
    0x1e, 0x64, 0x1, 0xe, 0x3c, 0x60, 0x7, 0xff,
    0x8, 0xe1, 0x80, 0x38, 0xa1, 0xc4, 0x3, 0xff,
    0xf3, 0x3f, 0xf8, 0x40, 0x3f, 0xf9, 0xc, 0x1,
    0x9c, 0x3, 0xff, 0x8e, 0xa0, 0x1d, 0x40, 0x1f,
    0xfc, 0x7e, 0x0, 0x28, 0x0, 0xc8, 0x3, 0xff,
    0x8a, 0x28, 0x0, 0xe2, 0x0, 0x50, 0x7, 0xff,
    0x15, 0xc0, 0x24, 0x50, 0x3, 0x0, 0x7f, 0xf1,
    0x68, 0x0, 0xa1, 0x60, 0x1, 0x40, 0xf, 0xfe,
    0x19, 0x18, 0x3, 0xc0, 0xc4, 0x1, 0xc0, 0x1f,
    0xfc, 0x3a, 0x0, 0x90, 0x0, 0xe0, 0x5, 0x0,
    0xff, 0xe1, 0xb0, 0x1, 0x4, 0x1, 0xa0, 0x13,
    0x0, 0x7f, 0xf0, 0x4c, 0x40, 0x1a, 0x1, 0x20,
    0x80, 0x34, 0x3, 0xff, 0x83, 0x40, 0x13, 0x80,
    0x67, 0x0, 0x20, 0x80, 0x7f, 0xf0, 0x18, 0x0,
    0x82, 0x1, 0xb4, 0x2, 0x60, 0xf, 0xf9, 0x40,
    0x2e, 0x0, 0xe4, 0x10, 0x5, 0x0, 0x7f, 0xdc,
    0x1, 0x28, 0x7, 0x98, 0x0, 0x46, 0x1, 0xfc,
    0x28, 0x0, 0x50, 0xf, 0xa8, 0x2, 0xa0, 0xf,
    0xe7, 0x0, 0xbc, 0x3, 0xe2, 0x20, 0x1, 0xc0,
    0x3f, 0xa8, 0x2, 0x13, 0x3f, 0xcc, 0x0, 0x15,
    0x0, 0xf8, 0x8c, 0x2, 0xbc, 0xcf, 0xc8, 0x1,
    0x70, 0x7, 0xd4, 0x1, 0xff, 0xc5, 0x41, 0x0,
    0xf3, 0x0, 0x7f, 0xf1, 0x98, 0x3, 0x90, 0x40,
    0xd, 0xff, 0xff, 0xc0, 0x0, 0xac, 0x3, 0xb4,
    0x2, 0xa0, 0xf, 0xfe, 0x2, 0x80, 0xc, 0x80,
    0x33, 0x0, 0x4, 0xc0, 0x3f, 0xf8, 0x1c, 0x1,
    0x50, 0x4, 0xa0, 0x13, 0x0, 0x7f, 0xf0, 0x50,
    0x40, 0xc, 0x1, 0x70, 0x5, 0x40, 0x1f, 0xfc,
    0x27, 0x0, 0xa, 0x0, 0xa0, 0x0, 0x88, 0x1,
    0xff, 0xc2, 0xa0, 0xb, 0x81, 0x80, 0x2a, 0x0,
    0xff, 0xe1, 0x99, 0x0, 0x14, 0x2c, 0x2, 0x50,
    0xf, 0xfe, 0x22, 0x80, 0x4c,

    /* U+00C5 "Å" */
    0x0, 0xff, 0x91, 0x94, 0x80, 0x3f, 0xf9, 0xb,
    0xd7, 0x35, 0xb6, 0x20, 0x1f, 0xfc, 0x55, 0xa1,
    0x0, 0xc9, 0x80, 0x1f, 0xfc, 0x5b, 0x0, 0x4f,
    0xea, 0x1, 0x40, 0x7, 0xff, 0xc, 0xc4, 0x1d,
    0x80, 0xac, 0x41, 0x40, 0x3f, 0xf8, 0x6e, 0x0,
    0xe0, 0xc, 0x60, 0x60, 0x1f, 0xfc, 0x36, 0x0,
    0x50, 0x4, 0x64, 0xa, 0x1, 0xff, 0xc3, 0x24,
    0x3, 0xc7, 0x9c, 0x0, 0x78, 0x7, 0xff, 0x12,
    0x88, 0xe, 0x18, 0x1, 0x8, 0x1, 0xff, 0xc4,
    0x1d, 0x82, 0x1, 0x4b, 0x70, 0xf, 0xfe, 0x3b,
    0xef, 0xf5, 0xa0, 0x7, 0xff, 0x22, 0x7f, 0xf0,
    0x80, 0x7f, 0xf2, 0x18, 0x3, 0x38, 0x7, 0xff,
    0x1d, 0x40, 0x3a, 0x80, 0x3f, 0xf8, 0xfc, 0x0,
    0x50, 0x1, 0x90, 0x7, 0xff, 0x14, 0x50, 0x1,
    0xc4, 0x0, 0xa0, 0xf, 0xfe, 0x2b, 0x80, 0x48,
    0xa0, 0x6, 0x0, 0xff, 0xe2, 0xd0, 0x1, 0x42,
    0xc0, 0x2, 0x80, 0x1f, 0xfc, 0x32, 0x30, 0x7,
    0x81, 0x88, 0x3, 0x80, 0x3f, 0xf8, 0x74, 0x1,
    0x20, 0x1, 0xc0, 0xa, 0x1, 0xff, 0xc3, 0x60,
    0x2, 0x8, 0x3, 0x40, 0x26, 0x0, 0xff, 0xe0,
    0x98, 0x80, 0x34, 0x2, 0x41, 0x0, 0x68, 0x7,
    0xff, 0x6, 0x80, 0x27, 0x0, 0xce, 0x0, 0x41,
    0x0, 0xff, 0xe0, 0x30, 0x1, 0x4, 0x3, 0x68,
    0x4, 0xc0, 0x1f, 0xf2, 0x80, 0x5c, 0x1, 0xc8,
    0x20, 0xa, 0x0, 0xff, 0xb8, 0x2, 0x50, 0xf,
    0x30, 0x0, 0x8c, 0x3, 0xf8, 0x50, 0x0, 0xa0,
    0x1f, 0x50, 0x5, 0x40, 0x1f, 0xce, 0x1, 0x78,
    0x7, 0xc4, 0x40, 0x3, 0x80, 0x7f, 0x50, 0x4,
    0x26, 0x7f, 0x98, 0x0, 0x2a, 0x1, 0xf1, 0x18,
    0x5, 0x79, 0x9f, 0x90, 0x2, 0xe0, 0xf, 0xa8,
    0x3, 0xff, 0x8a, 0x82, 0x1, 0xe6, 0x0, 0xff,
    0xe3, 0x30, 0x7, 0x20, 0x80, 0x1b, 0xff, 0xff,
    0x80, 0x1, 0x58, 0x7, 0x68, 0x5, 0x40, 0x1f,
    0xfc, 0x5, 0x0, 0x19, 0x0, 0x66, 0x0, 0x9,
    0x80, 0x7f, 0xf0, 0x38, 0x2, 0xa0, 0x9, 0x40,
    0x26, 0x0, 0xff, 0xe0, 0xa0, 0x80, 0x18, 0x2,
    0xe0, 0xa, 0x80, 0x3f, 0xf8, 0x4e, 0x0, 0x14,
    0x1, 0x40, 0x1, 0x10, 0x3, 0xff, 0x85, 0x40,
    0x17, 0x3, 0x0, 0x54, 0x1, 0xff, 0xc3, 0x32,
    0x0, 0x28, 0x58, 0x4, 0xa0, 0x1f, 0xfc, 0x45,
    0x0, 0x98,

    /* U+00C6 "Æ" */
    0x0, 0xff, 0xe0, 0x9f, 0xff, 0xff, 0x27, 0x80,
    0x3f, 0xf8, 0x50, 0x1, 0xff, 0xd7, 0x34, 0x0,
    0x2c, 0x98, 0x7, 0xff, 0x4a, 0x0, 0x2b, 0x66,
    0x0, 0x57, 0x7f, 0xfc, 0x1d, 0x0, 0xff, 0xe0,
    0x12, 0x0, 0x18, 0x40, 0x39, 0x13, 0xff, 0x82,
    0x60, 0x1f, 0xfc, 0x8, 0x0, 0xa0, 0x3, 0xff,
    0xa6, 0x4a, 0x0, 0x51, 0x0, 0xff, 0xe9, 0xd8,
    0x5, 0x0, 0x1f, 0xfd, 0x31, 0x60, 0x2, 0x10,
    0x7, 0xff, 0x4e, 0x0, 0x28, 0x0, 0xff, 0xe9,
    0x8b, 0x0, 0xc, 0xc0, 0x1f, 0xfd, 0x39, 0x0,
    0xa0, 0x3, 0xff, 0xa6, 0x2e, 0x0, 0x24, 0x0,
    0xff, 0xe9, 0xc8, 0x5, 0x0, 0x1f, 0xef, 0xff,
    0xfe, 0x8, 0x7, 0xf3, 0x0, 0x9, 0x40, 0x3f,
    0xfa, 0x6e, 0x20, 0xb, 0x0, 0xff, 0xea, 0x48,
    0x0, 0x58, 0x3, 0xfe, 0xbb, 0xff, 0xe0, 0x80,
    0x7c, 0xe2, 0x0, 0x61, 0x1f, 0xe0, 0x9, 0x13,
    0xff, 0x82, 0x1, 0xf4, 0x80, 0x4f, 0xdd, 0xf9,
    0x0, 0x3f, 0xf9, 0x4c, 0x20, 0x1f, 0xfd, 0x7b,
    0x0, 0xff, 0xeb, 0xa9, 0x0, 0x1b, 0xff, 0xfc,
    0xa0, 0x1f, 0xfc, 0x98, 0x0, 0xac, 0x3, 0xff,
    0xa6, 0xa4, 0x0, 0x52, 0x0, 0xff, 0xe9, 0xc8,
    0x5, 0x20, 0x1f, 0xfd, 0x34, 0x30, 0x2, 0x18,
    0x7, 0xff, 0xd, 0x13, 0xff, 0x84, 0x0, 0x80,
    0xb, 0xc0, 0x3f, 0xf8, 0x97, 0x7f, 0xfc, 0x22,
    0x43, 0x0, 0x1a, 0x0, 0x7f, 0xf4, 0xfc, 0x2,
    0x90, 0xf, 0xfe, 0xa0,

    /* U+00C7 "Ç" */
    0x0, 0xfc, 0x4f, 0x7b, 0xfe, 0xed, 0x95, 0x0,
    0xff, 0xe1, 0x15, 0x6c, 0x21, 0x0, 0x4, 0x9a,
    0xb9, 0xc0, 0x3f, 0xe6, 0xd5, 0x0, 0xff, 0xc,
    0x69, 0x0, 0x7e, 0x89, 0x0, 0xc4, 0xd1, 0x7,
    0x40, 0xc, 0x58, 0x40, 0x1e, 0x77, 0x0, 0x47,
    0x9b, 0x2e, 0xe8, 0xbf, 0x91, 0x0, 0xf, 0x80,
    0x71, 0xc0, 0x4, 0xf8, 0x60, 0x1f, 0x37, 0x98,
    0x0, 0xa8, 0x3, 0x78, 0x4, 0xf0, 0x1, 0xfe,
    0x1d, 0x10, 0x2, 0x90, 0x1, 0xc, 0x0, 0x70,
    0x1, 0xff, 0xc0, 0x1b, 0x0, 0xa8, 0x1, 0xc0,
    0x17, 0x80, 0x7f, 0xf0, 0x94, 0x40, 0xa, 0x0,
    0x50, 0x1, 0x98, 0x3, 0xff, 0x87, 0xb7, 0x69,
    0x3, 0x0, 0xac, 0x3, 0xff, 0x88, 0x68, 0x90,
    0x28, 0x4, 0x60, 0x1f, 0xfc, 0x9e, 0x0, 0x94,
    0x3, 0xff, 0x92, 0x20, 0x10, 0x80, 0x7f, 0xff,
    0x44, 0x2, 0x10, 0xf, 0xfe, 0x4f, 0x0, 0x4a,
    0x1, 0xff, 0xc9, 0x50, 0x8, 0xc0, 0x3f, 0xf9,
    0x26, 0x1, 0x58, 0x7, 0xff, 0x10, 0xd5, 0x48,
    0x0, 0x50, 0x1, 0x98, 0x3, 0xff, 0x87, 0xb5,
    0x49, 0x0, 0x70, 0x5, 0xe0, 0x1f, 0xfc, 0x25,
    0x10, 0x2, 0x80, 0x10, 0xc0, 0x7, 0x0, 0x1f,
    0xfc, 0x1, 0xb0, 0xa, 0x80, 0x2f, 0x0, 0x9e,
    0x0, 0x3f, 0xc3, 0xa2, 0x0, 0x62, 0x0, 0x8e,
    0x0, 0x27, 0xc3, 0x0, 0xf9, 0xbc, 0xc0, 0x5,
    0x20, 0x1c, 0xec, 0x1, 0x1e, 0x6c, 0xbb, 0xa2,
    0xbe, 0x44, 0x0, 0x3e, 0x1, 0xf4, 0xc0, 0x6,
    0x26, 0x88, 0x3a, 0x80, 0x62, 0xc2, 0x0, 0xfc,
    0xfa, 0x80, 0x1f, 0xe1, 0x8d, 0x20, 0xf, 0xf1,
    0x5e, 0xc2, 0x8, 0x4, 0x4d, 0x5c, 0xe0, 0x1f,
    0xfc, 0x22, 0x7b, 0xe2, 0xb, 0xd9, 0x50, 0xf,
    0xfe, 0x41, 0x6, 0xa8, 0x80, 0x7f, 0xf2, 0x4,
    0x0, 0xd5, 0xc6, 0x1, 0xff, 0xc8, 0x99, 0x38,
    0x2, 0x0, 0x3f, 0xf8, 0xe2, 0xcc, 0x84, 0x5,
    0x0, 0xff, 0xe5, 0x1a, 0x81, 0x80, 0x7f, 0xf1,
    0xfb, 0xfd, 0x82, 0x14, 0x1, 0xff, 0xcb, 0x39,
    0x70, 0xf, 0xc0,

    /* U+00C8 "È" */
    0x0, 0xcb, 0x77, 0x20, 0x7, 0xff, 0x9, 0x59,
    0x11, 0x20, 0x1f, 0xfc, 0x3e, 0x0, 0x12, 0x0,
    0x7f, 0xf0, 0x8d, 0xc0, 0x10, 0x1, 0xff, 0xc3,
    0x82, 0x3, 0x40, 0xf, 0xfe, 0x1f, 0x0, 0x3c,
    0x3, 0xff, 0x86, 0x7f, 0xeb, 0x0, 0xff, 0xf1,
    0x3f, 0xff, 0xff, 0x15, 0x0, 0x3f, 0xfb, 0xd1,
    0x77, 0xff, 0xc1, 0x50, 0xc, 0x89, 0xff, 0xc2,
    0x10, 0xf, 0xff, 0xf8, 0x7, 0xff, 0xc9, 0x13,
    0xff, 0x82, 0x20, 0x1d, 0x17, 0x7f, 0xfc, 0x5,
    0x0, 0xff, 0xef, 0xe7, 0xff, 0xff, 0x1, 0x0,
    0x3f, 0xff, 0xe0, 0x1f, 0xff, 0xf0, 0xf, 0x91,
    0x3f, 0xf8, 0x42, 0x1, 0xa2, 0xef, 0xff, 0x82,
    0xe0, 0x1f, 0xfd, 0xa0,

    /* U+00C9 "É" */
    0x0, 0xff, 0x1c, 0x44, 0x60, 0x1f, 0xfc, 0x2e,
    0x77, 0x29, 0x80, 0x7f, 0xf0, 0x54, 0x80, 0x1c,
    0x1, 0xff, 0xc2, 0x80, 0x3, 0x98, 0x7, 0xff,
    0x5, 0x48, 0xa, 0x0, 0x3f, 0xf8, 0x52, 0x0,
    0xf0, 0xf, 0xfe, 0x1e, 0x7f, 0x88, 0x3, 0xff,
    0xc2, 0xff, 0xff, 0xfc, 0x54, 0x0, 0xff, 0xef,
    0x45, 0xdf, 0xff, 0x5, 0x40, 0x32, 0x27, 0xff,
    0x8, 0x40, 0x3f, 0xff, 0xe0, 0x1f, 0xff, 0x24,
    0x4f, 0xfe, 0x8, 0x80, 0x74, 0x5d, 0xff, 0xf0,
    0x14, 0x3, 0xff, 0xbf, 0x9f, 0xff, 0xfc, 0x4,
    0x0, 0xff, 0xff, 0x80, 0x7f, 0xff, 0xc0, 0x3e,
    0x44, 0xff, 0xe1, 0x8, 0x6, 0x8b, 0xbf, 0xfe,
    0xb, 0x80, 0x7f, 0xf6, 0x80,

    /* U+00CA "Ê" */
    0x0, 0xf8, 0xe2, 0x22, 0x0, 0xff, 0xe0, 0x96,
    0xbb, 0xd8, 0x20, 0x1f, 0xf0, 0xf8, 0x81, 0x80,
    0xe8, 0x7, 0xfd, 0xa4, 0xb, 0x88, 0x7, 0x40,
    0x1f, 0xd4, 0x60, 0x54, 0x14, 0x40, 0xae, 0x1,
    0xf3, 0xa8, 0xf, 0x80, 0x7, 0x80, 0x10, 0xa0,
    0x1e, 0x7f, 0xf7, 0x10, 0x4, 0x7f, 0xf2, 0x80,
    0x7f, 0xf7, 0x5f, 0xff, 0xff, 0x8a, 0x80, 0x1f,
    0xfd, 0xe8, 0xbb, 0xff, 0xe0, 0xa8, 0x6, 0x44,
    0xff, 0xe1, 0x8, 0x7, 0xff, 0xfc, 0x3, 0xff,
    0xe4, 0x89, 0xff, 0xc1, 0x10, 0xe, 0x8b, 0xbf,
    0xfe, 0x2, 0x80, 0x7f, 0xf7, 0xf3, 0xff, 0xff,
    0x80, 0x80, 0x1f, 0xff, 0xf0, 0xf, 0xff, 0xf8,
    0x7, 0xc8, 0x9f, 0xfc, 0x21, 0x0, 0xd1, 0x77,
    0xff, 0xc1, 0x70, 0xf, 0xfe, 0xd0,

    /* U+00CB "Ë" */
    0x0, 0x8b, 0x3e, 0x80, 0x3a, 0xbf, 0x8, 0x3,
    0xd2, 0x60, 0xae, 0x1, 0x42, 0x81, 0xc8, 0x7,
    0x94, 0x2, 0xd0, 0x8, 0x80, 0x26, 0x0, 0xf3,
    0x0, 0x5c, 0x1, 0x78, 0x4, 0xa0, 0x1e, 0x89,
    0x7b, 0x40, 0x9, 0x6d, 0xe6, 0x0, 0x3e, 0x68,
    0x40, 0xe, 0x48, 0x60, 0xf, 0xfe, 0xf3, 0xff,
    0xff, 0xf1, 0x50, 0x3, 0xff, 0xbd, 0x17, 0x7f,
    0xfc, 0x15, 0x0, 0xc8, 0x9f, 0xfc, 0x21, 0x0,
    0xff, 0xff, 0x80, 0x7f, 0xfc, 0x91, 0x3f, 0xf8,
    0x22, 0x1, 0xd1, 0x77, 0xff, 0xc0, 0x50, 0xf,
    0xfe, 0xfe, 0x7f, 0xff, 0xf0, 0x10, 0x3, 0xff,
    0xfe, 0x1, 0xff, 0xff, 0x0, 0xf9, 0x13, 0xff,
    0x84, 0x20, 0x1a, 0x2e, 0xff, 0xf8, 0x2e, 0x1,
    0xff, 0xda,

    /* U+00CC "Ì" */
    0x6b, 0xb8, 0xc0, 0x27, 0x54, 0x44, 0x0, 0x43,
    0x60, 0x4, 0x30, 0x9, 0x54, 0x0, 0x90, 0xd,
    0x62, 0xa, 0x40, 0x10, 0xd8, 0x2, 0x0, 0x32,
    0xff, 0xa8, 0x3, 0xff, 0x90, 0xff, 0xf1, 0x80,
    0x7f, 0xff, 0xc0, 0x3f, 0xff, 0xe0, 0x1f, 0xff,
    0xe0,

    /* U+00CD "Í" */
    0x0, 0x92, 0x22, 0x20, 0xa, 0x9d, 0xc8, 0x40,
    0x6, 0x10, 0x7, 0x0, 0x50, 0x0, 0x92, 0x0,
    0x30, 0x82, 0x30, 0x5, 0x0, 0x34, 0x1, 0xbb,
    0xf8, 0x40, 0x3f, 0xf8, 0xef, 0xff, 0x18, 0x7,
    0xff, 0xfc, 0x3, 0xff, 0xfe, 0x1, 0xff, 0xff,
    0x0, 0x0,

    /* U+00CE "Î" */
    0x0, 0xc9, 0x11, 0x8, 0x7, 0xc7, 0x6e, 0xf6,
    0x0, 0x78, 0xb4, 0x0, 0x40, 0x56, 0x1, 0x87,
    0xc4, 0x1b, 0x4c, 0x12, 0x0, 0x2a, 0x20, 0x39,
    0xe, 0x10, 0x76, 0x9, 0x40, 0x1d, 0x0, 0x15,
    0x0, 0x24, 0xe7, 0xfd, 0xc2, 0x1, 0x27, 0xfc,
    0x60, 0x1f, 0xfd, 0x27, 0xff, 0x8c, 0x3, 0xff,
    0xfe, 0x1, 0xff, 0xff, 0x0, 0xff, 0xff, 0x80,
    0x7f, 0xff, 0xc0, 0x3f, 0xff, 0x0,

    /* U+00CF "Ï" */
    0x3, 0xdf, 0x90, 0xc, 0x37, 0xf6, 0x21, 0xc4,
    0xc, 0xc0, 0xa, 0xd0, 0x12, 0x0, 0x80, 0x2e,
    0x0, 0x98, 0x2, 0x20, 0x50, 0xa, 0xc0, 0x2b,
    0x0, 0xb4, 0x2a, 0x5f, 0xc, 0x2, 0x7a, 0x6a,
    0x60, 0x3, 0x41, 0x80, 0x72, 0xca, 0x80, 0x7f,
    0xf5, 0x9f, 0xfe, 0x30, 0xf, 0xff, 0xf8, 0x7,
    0xff, 0xfc, 0x3, 0xff, 0xfe, 0x1, 0xff, 0xff,
    0x0, 0xff, 0xff, 0x80, 0x7f, 0xf2, 0x40,

    /* U+00D0 "Ð" */
    0x0, 0xdf, 0xff, 0xf7, 0x5c, 0x18, 0x7, 0xff,
    0x30, 0x51, 0xf3, 0x58, 0x3, 0xff, 0x9c, 0x53,
    0x82, 0x1, 0xff, 0xc1, 0xbb, 0xf5, 0x42, 0x80,
    0x63, 0xf2, 0x0, 0xff, 0x8d, 0x13, 0xca, 0xf5,
    0xf2, 0x20, 0x1, 0xc1, 0x0, 0xff, 0xe4, 0xb7,
    0x90, 0x0, 0x68, 0x3, 0xff, 0x94, 0x38, 0x40,
    0x4, 0x40, 0x7, 0xff, 0x28, 0x78, 0x2, 0xf0,
    0xf, 0xfe, 0x59, 0xa0, 0x1, 0x8, 0x3, 0xff,
    0x97, 0xc0, 0x12, 0x0, 0x7f, 0xf2, 0xd4, 0x2,
    0xc0, 0xf, 0xfe, 0x61, 0x0, 0x18, 0x3, 0xff,
    0x98, 0xc0, 0x2, 0x9, 0xff, 0x80, 0x23, 0xff,
    0xf9, 0xc0, 0x3e, 0x20, 0x0, 0x80, 0x7f, 0xfa,
    0xc, 0x3, 0x4f, 0xfc, 0x1, 0x1f, 0xff, 0xce,
    0x1, 0xf0, 0x80, 0x4, 0x3, 0xff, 0x98, 0xc0,
    0x2, 0x0, 0xff, 0xe5, 0x89, 0x0, 0x14, 0x3,
    0xff, 0x96, 0x80, 0x17, 0x80, 0x7f, 0xf2, 0xe4,
    0x2, 0x70, 0xf, 0xfe, 0x52, 0x18, 0x1, 0x4,
    0x3, 0xff, 0x92, 0x34, 0x1, 0x40, 0x7, 0xff,
    0x24, 0xb0, 0x40, 0xa, 0x60, 0x1f, 0xfc, 0x87,
    0xd2, 0x0, 0x15, 0x0, 0x7f, 0x8d, 0x13, 0xca,
    0xf7, 0xf0, 0x1, 0x16, 0x0, 0x7f, 0xf0, 0x2e,
    0xfd, 0x50, 0x80, 0x19, 0x30, 0x40, 0x3f, 0xf9,
    0x67, 0x76, 0x10, 0xf, 0xfe, 0x38, 0x92, 0xc6,
    0xe2, 0x0, 0x7c,

    /* U+00D1 "Ñ" */
    0x0, 0xf8, 0xb3, 0xf5, 0x80, 0x2b, 0xfb, 0x0,
    0xff, 0xe0, 0xf9, 0x81, 0x4e, 0x18, 0xa0, 0x18,
    0x7, 0xff, 0x1, 0x8, 0x11, 0x0, 0x79, 0xc0,
    0xb, 0x0, 0xff, 0xe0, 0x18, 0x2, 0xae, 0xc6,
    0x1, 0x29, 0x80, 0x7f, 0xf0, 0xe, 0x24, 0x41,
    0x32, 0xe2, 0xe8, 0x3, 0xff, 0x82, 0x8e, 0xc0,
    0x19, 0x1d, 0x0, 0x3f, 0xfd, 0x8f, 0xff, 0x8c,
    0x3, 0xff, 0x82, 0x3f, 0xf5, 0x0, 0x77, 0x0,
    0x7f, 0xf2, 0xc9, 0xc0, 0x3f, 0xf9, 0x70, 0x40,
    0x1f, 0xfc, 0xbe, 0x0, 0xff, 0xe4, 0x40, 0x0,
    0xd8, 0x3, 0xff, 0x8e, 0xc2, 0x0, 0x91, 0x0,
    0xff, 0xe3, 0xd8, 0x5, 0x60, 0x1f, 0xfc, 0x63,
    0x53, 0x0, 0x2a, 0x80, 0x3f, 0xf8, 0xfe, 0x1,
    0x58, 0x80, 0x7f, 0xf1, 0x4, 0xd, 0x80, 0x3,
    0x0, 0x1f, 0xfc, 0x78, 0x10, 0x3, 0x20, 0x7,
    0xff, 0x18, 0x6c, 0x2, 0x90, 0xf, 0xfe, 0x1b,
    0x80, 0x4a, 0x80, 0x2, 0x80, 0xf, 0xfe, 0x3d,
    0x0, 0x4e, 0x40, 0x1f, 0xfc, 0x61, 0x80, 0xb,
    0x80, 0x3f, 0xf8, 0xee, 0x60, 0x3, 0x70, 0xf,
    0xfe, 0x3f, 0x0, 0x50, 0x40, 0x1f, 0xfc, 0x62,
    0x70, 0xa, 0x40, 0x3f, 0xf8, 0xf0, 0x40, 0x4,
    0x50, 0xf, 0xfe, 0x3f, 0x0, 0x56, 0x2, 0x1,
    0xff, 0xc5, 0x36, 0x0, 0xc, 0x0, 0x7f, 0xf1,
    0xe4, 0x40, 0xe, 0x20, 0x1f, 0xfc, 0x7b, 0x0,
    0xa0, 0x40, 0x3f, 0xf8, 0xca, 0xa0, 0x3, 0x8,
    0x7, 0xff, 0x1e, 0xc0, 0x3f, 0xf9, 0x63, 0x20,
    0x1f, 0xfc, 0xb6, 0x30, 0xf, 0xfe, 0x5f, 0x0,
    0x70,

    /* U+00D2 "Ò" */
    0x0, 0xfd, 0x1f, 0xf2, 0x80, 0x7f, 0xf2, 0xa0,
    0x80, 0x12, 0x1, 0xff, 0xcb, 0xe0, 0x1, 0xa0,
    0x7, 0xff, 0x28, 0xdc, 0x1, 0x0, 0x1f, 0xfc,
    0xb8, 0x20, 0x33, 0x0, 0x7f, 0xf2, 0xf9, 0x12,
    0x0, 0xff, 0xe5, 0x9d, 0xd9, 0xc0, 0x3f, 0xff,
    0xc2, 0xf7, 0xbf, 0xee, 0xd9, 0x50, 0xf, 0xfe,
    0x19, 0x57, 0x42, 0x10, 0x0, 0x49, 0xab, 0x9c,
    0x3, 0xff, 0x80, 0xda, 0xa0, 0x1f, 0xe1, 0x8d,
    0x20, 0xf, 0xe8, 0x90, 0xc, 0x4d, 0x10, 0x74,
    0x0, 0xc5, 0x86, 0x1, 0xf3, 0x38, 0x4, 0x79,
    0xb2, 0xee, 0x8b, 0xf8, 0x0, 0x87, 0x44, 0x3,
    0x8a, 0x40, 0x27, 0xc3, 0x0, 0xf9, 0xf8, 0x80,
    0x3, 0xa0, 0x1d, 0xc0, 0x13, 0xc0, 0x7, 0xf8,
    0x70, 0x80, 0x6, 0xa0, 0x12, 0x18, 0x0, 0xe0,
    0x3, 0xff, 0x80, 0x3c, 0x1, 0x40, 0x5, 0xc0,
    0x17, 0x80, 0x7f, 0xf0, 0x8d, 0x40, 0x4, 0x60,
    0x5, 0x0, 0x19, 0x80, 0x3f, 0xf8, 0x72, 0x1,
    0x58, 0x18, 0x5, 0x60, 0x1f, 0xfc, 0x43, 0x10,
    0x2, 0x2, 0x80, 0x46, 0x1, 0xff, 0xc5, 0x40,
    0x1, 0x87, 0x0, 0x4a, 0x1, 0xff, 0xc5, 0x20,
    0x8, 0x44, 0x1, 0x8, 0x7, 0xff, 0x17, 0xc0,
    0x23, 0x0, 0xff, 0xe5, 0x8, 0x4, 0x20, 0x1f,
    0xfc, 0xa1, 0x0, 0x84, 0x40, 0x10, 0x80, 0x7f,
    0xf1, 0x7c, 0x2, 0x3e, 0x0, 0x94, 0x3, 0xff,
    0x8a, 0x40, 0x10, 0xa8, 0x4, 0x60, 0x1f, 0xfc,
    0x54, 0x0, 0x18, 0x18, 0x5, 0x60, 0x1f, 0xfc,
    0x43, 0x10, 0x2, 0x0, 0x14, 0x0, 0x66, 0x0,
    0xff, 0xe1, 0xc8, 0x5, 0x80, 0xe, 0x0, 0xbc,
    0x3, 0xff, 0x84, 0x6a, 0x0, 0x24, 0x0, 0x21,
    0x80, 0xe, 0x0, 0x3f, 0xf8, 0x3, 0xc0, 0x15,
    0x80, 0x6f, 0x0, 0x9e, 0x0, 0x3f, 0xc3, 0x84,
    0x0, 0x36, 0x0, 0xc7, 0x0, 0x13, 0xe1, 0x80,
    0x7c, 0xde, 0x40, 0x1, 0xd0, 0xf, 0x3b, 0x80,
    0x23, 0xcd, 0x97, 0x74, 0x57, 0xc8, 0x80, 0x7,
    0x44, 0x3, 0xe8, 0x90, 0xc, 0x4d, 0x10, 0x75,
    0x0, 0xc5, 0x86, 0x1, 0xfc, 0xda, 0xa0, 0x1f,
    0xe1, 0x8d, 0x20, 0xf, 0xf8, 0xab, 0x61, 0x4,
    0x0, 0x24, 0xb5, 0xce, 0x1, 0xf0,

    /* U+00D3 "Ó" */
    0x0, 0xff, 0xe1, 0x5f, 0xfc, 0x40, 0x1f, 0xfc,
    0x92, 0x40, 0x4, 0x10, 0x7, 0xff, 0x26, 0x0,
    0x4, 0xe0, 0x1f, 0xfc, 0x91, 0x50, 0x7, 0x0,
    0x7f, 0xf2, 0xa4, 0x0, 0xc6, 0x1, 0xff, 0xca,
    0x70, 0x19, 0x0, 0xff, 0xe5, 0xff, 0xb8, 0x3,
    0xff, 0xfc, 0x2f, 0x7b, 0xfe, 0xed, 0x95, 0x0,
    0xff, 0xe1, 0x95, 0x74, 0x21, 0x0, 0x4, 0x9a,
    0xb9, 0xc0, 0x3f, 0xf8, 0xd, 0xaa, 0x1, 0xfe,
    0x18, 0xd2, 0x0, 0xfe, 0x89, 0x0, 0xc4, 0xd1,
    0x7, 0x40, 0xc, 0x58, 0x60, 0x1f, 0x33, 0x80,
    0x47, 0x9b, 0x2e, 0xe8, 0xbf, 0x80, 0x8, 0x74,
    0x40, 0x38, 0xa4, 0x2, 0x7c, 0x30, 0xf, 0x9f,
    0x88, 0x0, 0x3a, 0x1, 0xdc, 0x1, 0x3c, 0x0,
    0x7f, 0x87, 0x8, 0x0, 0x6a, 0x1, 0x21, 0x80,
    0xe, 0x0, 0x3f, 0xf8, 0x3, 0xc0, 0x14, 0x0,
    0x5c, 0x1, 0x78, 0x7, 0xff, 0x8, 0xd4, 0x0,
    0x46, 0x0, 0x50, 0x1, 0x98, 0x3, 0xff, 0x87,
    0x20, 0x15, 0x81, 0x80, 0x56, 0x1, 0xff, 0xc4,
    0x31, 0x0, 0x20, 0x28, 0x4, 0x60, 0x1f, 0xfc,
    0x54, 0x0, 0x18, 0x70, 0x4, 0xa0, 0x1f, 0xfc,
    0x52, 0x0, 0x84, 0x40, 0x10, 0x80, 0x7f, 0xf1,
    0x7c, 0x2, 0x30, 0xf, 0xfe, 0x50, 0x80, 0x42,
    0x1, 0xff, 0xca, 0x10, 0x8, 0x44, 0x1, 0x8,
    0x7, 0xff, 0x17, 0xc0, 0x23, 0xe0, 0x9, 0x40,
    0x3f, 0xf8, 0xa4, 0x1, 0xa, 0x80, 0x46, 0x1,
    0xff, 0xc5, 0x40, 0x1, 0x81, 0x80, 0x56, 0x1,
    0xff, 0xc4, 0x31, 0x0, 0x20, 0x1, 0x40, 0x6,
    0x60, 0xf, 0xfe, 0x1c, 0x80, 0x58, 0x0, 0xe0,
    0xb, 0xc0, 0x3f, 0xf8, 0x46, 0xa0, 0x2, 0x40,
    0x2, 0x18, 0x0, 0xe0, 0x3, 0xff, 0x80, 0x3c,
    0x1, 0x58, 0x6, 0xf0, 0x9, 0xe0, 0x3, 0xfc,
    0x38, 0x40, 0x3, 0x60, 0xc, 0x70, 0x1, 0x3e,
    0x18, 0x7, 0xcd, 0xe4, 0x0, 0x1d, 0x0, 0xf3,
    0xb8, 0x2, 0x3c, 0xd9, 0x77, 0x45, 0x7c, 0x88,
    0x0, 0x74, 0x40, 0x3e, 0x89, 0x0, 0xc4, 0xd1,
    0x7, 0x50, 0xc, 0x58, 0x60, 0x1f, 0xcd, 0xaa,
    0x1, 0xfe, 0x18, 0xd2, 0x0, 0xff, 0x8a, 0xb6,
    0x10, 0x40, 0x2, 0x4b, 0x5c, 0xe0, 0x1f, 0x0,

    /* U+00D4 "Ô" */
    0x0, 0xff, 0xb3, 0xfe, 0x60, 0xf, 0xfe, 0x4d,
    0x18, 0x5, 0x26, 0x1, 0xff, 0xc7, 0x85, 0x2,
    0xa0, 0x6, 0x90, 0x7, 0xff, 0x15, 0x9c, 0x1,
    0xea, 0xe0, 0x3e, 0x1, 0xff, 0xc4, 0x49, 0x0,
    0x59, 0x4, 0x20, 0x15, 0x80, 0x7f, 0xf0, 0xc9,
    0xdd, 0x48, 0x1, 0x5c, 0x39, 0x90, 0x7, 0xff,
    0x9, 0xa2, 0xa, 0x1, 0xcf, 0x10, 0x20, 0xf,
    0xff, 0xc8, 0xbd, 0xef, 0xfb, 0xb6, 0x54, 0x3,
    0xff, 0x86, 0x55, 0xd0, 0x84, 0x0, 0x12, 0x6a,
    0xe7, 0x0, 0xff, 0xe0, 0x36, 0xa8, 0x7, 0xf8,
    0x63, 0x48, 0x3, 0xfa, 0x24, 0x3, 0x13, 0x44,
    0x1d, 0x0, 0x31, 0x61, 0x80, 0x7c, 0xce, 0x1,
    0x1e, 0x6c, 0xbb, 0xa2, 0xfe, 0x0, 0x21, 0xd1,
    0x0, 0xe2, 0x90, 0x9, 0xf0, 0xc0, 0x3e, 0x7e,
    0x20, 0x0, 0xe8, 0x7, 0x70, 0x4, 0xf0, 0x1,
    0xfe, 0x1c, 0x20, 0x1, 0xa8, 0x4, 0x86, 0x0,
    0x38, 0x0, 0xff, 0xe0, 0xf, 0x0, 0x50, 0x1,
    0x70, 0x5, 0xe0, 0x1f, 0xfc, 0x23, 0x50, 0x1,
    0x18, 0x1, 0x40, 0x6, 0x60, 0xf, 0xfe, 0x1c,
    0x80, 0x56, 0x6, 0x1, 0x58, 0x7, 0xff, 0x10,
    0xc4, 0x0, 0x80, 0xa0, 0x11, 0x80, 0x7f, 0xf1,
    0x50, 0x0, 0x61, 0xc0, 0x12, 0x80, 0x7f, 0xf1,
    0x48, 0x2, 0x11, 0x0, 0x42, 0x1, 0xff, 0xc5,
    0xf0, 0x8, 0xc0, 0x3f, 0xf9, 0x42, 0x1, 0x8,
    0x7, 0xff, 0x28, 0x40, 0x21, 0x10, 0x4, 0x20,
    0x1f, 0xfc, 0x5f, 0x0, 0x8f, 0x80, 0x25, 0x0,
    0xff, 0xe2, 0x90, 0x4, 0x2a, 0x1, 0x18, 0x7,
    0xff, 0x15, 0x0, 0x6, 0x6, 0x1, 0x58, 0x7,
    0xff, 0x10, 0xc4, 0x0, 0x80, 0x5, 0x0, 0x19,
    0x80, 0x3f, 0xf8, 0x72, 0x1, 0x60, 0x3, 0x80,
    0x2f, 0x0, 0xff, 0xe1, 0x1a, 0x80, 0x9, 0x0,
    0x8, 0x60, 0x3, 0x80, 0xf, 0xfe, 0x0, 0xf0,
    0x5, 0x60, 0x1b, 0xc0, 0x27, 0x80, 0xf, 0xf0,
    0xe1, 0x0, 0xd, 0x80, 0x31, 0xc0, 0x4, 0xf8,
    0x60, 0x1f, 0x37, 0x90, 0x0, 0x74, 0x3, 0xce,
    0xe0, 0x8, 0xf3, 0x65, 0xdd, 0x15, 0xf2, 0x20,
    0x1, 0xd1, 0x0, 0xfa, 0x24, 0x3, 0x13, 0x44,
    0x1d, 0x40, 0x31, 0x61, 0x80, 0x7f, 0x36, 0xa8,
    0x7, 0xf8, 0x63, 0x48, 0x3, 0xfe, 0x2a, 0xd8,
    0x41, 0x0, 0x9, 0x2d, 0x73, 0x80, 0x7c,

    /* U+00D5 "Õ" */
    0x0, 0xfe, 0x37, 0x61, 0x0, 0x8e, 0x1c, 0x3,
    0xff, 0x88, 0xb9, 0x13, 0xec, 0x0, 0xa7, 0xa0,
    0xf, 0xfe, 0x24, 0x0, 0x43, 0x39, 0xc, 0xe,
    0x1, 0xff, 0xc3, 0x22, 0x3, 0xf3, 0x1, 0xb8,
    0x2, 0x40, 0x3f, 0xf8, 0x6c, 0x0, 0xb1, 0x9c,
    0x40, 0x19, 0x30, 0xf, 0xfe, 0x1a, 0x7f, 0x8c,
    0x0, 0x77, 0xfc, 0xc0, 0x1f, 0xff, 0xf0, 0xf,
    0xfe, 0x58, 0xbd, 0xef, 0xfb, 0xb6, 0x54, 0x3,
    0xff, 0x86, 0x55, 0xd0, 0x84, 0x0, 0x12, 0x6a,
    0xe7, 0x0, 0xff, 0xe0, 0x36, 0xa8, 0x7, 0xf8,
    0x63, 0x48, 0x3, 0xfa, 0x24, 0x3, 0x13, 0x44,
    0x1d, 0x0, 0x31, 0x61, 0x80, 0x7c, 0xce, 0x1,
    0x1e, 0x6c, 0xbb, 0xa2, 0xfe, 0x0, 0x21, 0xd1,
    0x0, 0xe2, 0x90, 0x9, 0xf0, 0xc0, 0x3e, 0x7e,
    0x20, 0x0, 0xe8, 0x7, 0x70, 0x4, 0xf0, 0x1,
    0xfe, 0x1c, 0x20, 0x1, 0xa8, 0x4, 0x86, 0x0,
    0x38, 0x0, 0xff, 0xe0, 0xf, 0x0, 0x50, 0x1,
    0x70, 0x5, 0xe0, 0x1f, 0xfc, 0x23, 0x50, 0x1,
    0x18, 0x1, 0x40, 0x6, 0x60, 0xf, 0xfe, 0x1c,
    0x80, 0x56, 0x6, 0x1, 0x58, 0x7, 0xff, 0x10,
    0xc4, 0x0, 0x80, 0xa0, 0x11, 0x80, 0x7f, 0xf1,
    0x50, 0x0, 0x61, 0xc0, 0x12, 0x80, 0x7f, 0xf1,
    0x48, 0x2, 0x11, 0x0, 0x42, 0x1, 0xff, 0xc5,
    0xf0, 0x8, 0xc0, 0x3f, 0xf9, 0x42, 0x1, 0x8,
    0x7, 0xff, 0x28, 0x40, 0x21, 0x10, 0x4, 0x20,
    0x1f, 0xfc, 0x5f, 0x0, 0x8f, 0x80, 0x25, 0x0,
    0xff, 0xe2, 0x90, 0x4, 0x2a, 0x1, 0x18, 0x7,
    0xff, 0x15, 0x0, 0x6, 0x6, 0x1, 0x58, 0x7,
    0xff, 0x10, 0xc4, 0x0, 0x80, 0x5, 0x0, 0x19,
    0x80, 0x3f, 0xf8, 0x72, 0x1, 0x60, 0x3, 0x80,
    0x2f, 0x0, 0xff, 0xe1, 0x1a, 0x80, 0x9, 0x0,
    0x8, 0x60, 0x3, 0x80, 0xf, 0xfe, 0x0, 0xf0,
    0x5, 0x60, 0x1b, 0xc0, 0x27, 0x80, 0xf, 0xf0,
    0xe1, 0x0, 0xd, 0x80, 0x31, 0xc0, 0x4, 0xf8,
    0x60, 0x1f, 0x37, 0x90, 0x0, 0x74, 0x3, 0xce,
    0xe0, 0x8, 0xf3, 0x65, 0xdd, 0x15, 0xf2, 0x20,
    0x1, 0xd1, 0x0, 0xfa, 0x24, 0x3, 0x13, 0x44,
    0x1d, 0x40, 0x31, 0x61, 0x80, 0x7f, 0x36, 0xa8,
    0x7, 0xf8, 0x63, 0x48, 0x3, 0xfe, 0x2a, 0xd8,
    0x41, 0x0, 0x9, 0x2d, 0x73, 0x80, 0x7c,

    /* U+00D6 "Ö" */
    0x0, 0xfc, 0xf0, 0x60, 0x1c, 0xb0, 0x80, 0x1f,
    0xfc, 0x3b, 0x87, 0xc2, 0x0, 0x9e, 0x9e, 0xd4,
    0x3, 0xff, 0x84, 0x80, 0x12, 0x80, 0x54, 0x1,
    0x78, 0x7, 0xff, 0x8, 0x40, 0x22, 0x0, 0x98,
    0x2, 0x20, 0xf, 0xfe, 0x16, 0x90, 0x3a, 0x80,
    0x54, 0x60, 0xb0, 0x1, 0xff, 0xc2, 0x3d, 0xf8,
    0x0, 0xc3, 0x9f, 0x40, 0x1f, 0xff, 0xf0, 0xf,
    0xfe, 0x50, 0xbd, 0xef, 0xfb, 0xb6, 0x54, 0x3,
    0xff, 0x86, 0x55, 0xd0, 0x84, 0x0, 0x12, 0x6a,
    0xe7, 0x0, 0xff, 0xe0, 0x36, 0xa8, 0x7, 0xf8,
    0x63, 0x48, 0x3, 0xfa, 0x24, 0x3, 0x13, 0x44,
    0x1d, 0x0, 0x31, 0x61, 0x80, 0x7c, 0xce, 0x1,
    0x1e, 0x6c, 0xbb, 0xa2, 0xfe, 0x0, 0x21, 0xd1,
    0x0, 0xe2, 0x90, 0x9, 0xf0, 0xc0, 0x3e, 0x7e,
    0x20, 0x0, 0xe8, 0x7, 0x70, 0x4, 0xf0, 0x1,
    0xfe, 0x1c, 0x20, 0x1, 0xa8, 0x4, 0x86, 0x0,
    0x38, 0x0, 0xff, 0xe0, 0xf, 0x0, 0x50, 0x1,
    0x70, 0x5, 0xe0, 0x1f, 0xfc, 0x23, 0x50, 0x1,
    0x18, 0x1, 0x40, 0x6, 0x60, 0xf, 0xfe, 0x1c,
    0x80, 0x56, 0x6, 0x1, 0x58, 0x7, 0xff, 0x10,
    0xc4, 0x0, 0x80, 0xa0, 0x11, 0x80, 0x7f, 0xf1,
    0x50, 0x0, 0x61, 0xc0, 0x12, 0x80, 0x7f, 0xf1,
    0x48, 0x2, 0x11, 0x0, 0x42, 0x1, 0xff, 0xc5,
    0xf0, 0x8, 0xc0, 0x3f, 0xf9, 0x42, 0x1, 0x8,
    0x7, 0xff, 0x28, 0x40, 0x21, 0x10, 0x4, 0x20,
    0x1f, 0xfc, 0x5f, 0x0, 0x8f, 0x80, 0x25, 0x0,
    0xff, 0xe2, 0x90, 0x4, 0x2a, 0x1, 0x18, 0x7,
    0xff, 0x15, 0x0, 0x6, 0x6, 0x1, 0x58, 0x7,
    0xff, 0x10, 0xc4, 0x0, 0x80, 0x5, 0x0, 0x19,
    0x80, 0x3f, 0xf8, 0x72, 0x1, 0x60, 0x3, 0x80,
    0x2f, 0x0, 0xff, 0xe1, 0x1a, 0x80, 0x9, 0x0,
    0x8, 0x60, 0x3, 0x80, 0xf, 0xfe, 0x0, 0xf0,
    0x5, 0x60, 0x1b, 0xc0, 0x27, 0x80, 0xf, 0xf0,
    0xe1, 0x0, 0xd, 0x80, 0x31, 0xc0, 0x4, 0xf8,
    0x60, 0x1f, 0x37, 0x90, 0x0, 0x74, 0x3, 0xce,
    0xe0, 0x8, 0xf3, 0x65, 0xdd, 0x15, 0xf2, 0x20,
    0x1, 0xd1, 0x0, 0xfa, 0x24, 0x3, 0x13, 0x44,
    0x1d, 0x40, 0x31, 0x61, 0x80, 0x7f, 0x36, 0xa8,
    0x7, 0xf8, 0x63, 0x48, 0x3, 0xfe, 0x2a, 0xd8,
    0x41, 0x0, 0x9, 0x2d, 0x73, 0x80, 0x7c,

    /* U+00D7 "×" */
    0x0, 0x18, 0x7, 0xff, 0x4, 0xc0, 0x29, 0xc5,
    0x0, 0xff, 0xaf, 0xc, 0x21, 0x82, 0x94, 0x3,
    0xfa, 0xd0, 0x30, 0xac, 0x2, 0xa5, 0x0, 0xfa,
    0xd0, 0x0, 0x84, 0x78, 0x1, 0x53, 0x0, 0x76,
    0x20, 0x1, 0x2c, 0x0, 0x78, 0x1, 0x4b, 0x0,
    0x58, 0x60, 0x4, 0xb0, 0xc, 0x78, 0x1, 0x4b,
    0x6, 0x18, 0x1, 0x2c, 0x3, 0xc7, 0x80, 0x14,
    0xf9, 0x80, 0x12, 0xc0, 0x3f, 0x1e, 0x0, 0x79,
    0x2c, 0x3, 0xfc, 0x76, 0x1, 0xd6, 0x1, 0xff,
    0xc0, 0x80, 0xe, 0x60, 0xf, 0xfb, 0xc, 0x3,
    0xa5, 0x80, 0x3f, 0xb0, 0xc0, 0x9, 0x80, 0x14,
    0xb0, 0x7, 0xd8, 0x60, 0x4, 0xb3, 0xc0, 0xa,
    0x58, 0x3, 0xb0, 0xc0, 0x9, 0x60, 0x3, 0xc0,
    0xa, 0x58, 0x2, 0xc3, 0x0, 0x25, 0x80, 0x63,
    0xc1, 0x0, 0x4b, 0x5, 0x18, 0x1, 0x2c, 0x3,
    0xc7, 0xa2, 0x0, 0x93, 0xb2, 0x4, 0xb0, 0xf,
    0xc7, 0xa2, 0xe, 0x63, 0x8d, 0x60, 0x1f, 0xe3,
    0xd8, 0x80, 0x0,

    /* U+00D8 "Ø" */
    0x0, 0xff, 0xe5, 0x20, 0x7, 0xff, 0x0, 0x5e,
    0xf7, 0xfd, 0xdb, 0x2a, 0x1, 0x45, 0xc8, 0x7,
    0xf1, 0x57, 0x42, 0x10, 0x0, 0x49, 0xab, 0x9d,
    0x1c, 0x19, 0xc0, 0x3e, 0x6d, 0x50, 0xf, 0xf0,
    0xc5, 0x80, 0xd, 0xc0, 0x3d, 0x12, 0x1, 0x89,
    0xa2, 0xe, 0x80, 0x1f, 0x70, 0x7, 0x99, 0xc0,
    0x23, 0xcd, 0x97, 0x74, 0x5f, 0xc0, 0x7, 0x18,
    0x7, 0x14, 0x80, 0x4f, 0x86, 0x1, 0xf2, 0x80,
    0x76, 0x80, 0x77, 0x0, 0x4f, 0x0, 0x1f, 0xde,
    0x1, 0xc6, 0xa0, 0x12, 0x18, 0x0, 0xe0, 0x3,
    0xfa, 0x48, 0x1, 0x0, 0x14, 0x0, 0x5c, 0x1,
    0x78, 0x7, 0xf2, 0x30, 0x1, 0xdc, 0xa0, 0x2,
    0x30, 0x2, 0x80, 0xc, 0xc0, 0x1f, 0x86, 0x80,
    0x7, 0x1, 0x20, 0x15, 0x81, 0x80, 0x56, 0x1,
    0xfd, 0x42, 0x0, 0xe0, 0x1, 0x88, 0x1, 0x1,
    0x40, 0x23, 0x0, 0xfc, 0xc8, 0x0, 0xa2, 0x0,
    0x90, 0x0, 0x61, 0xc0, 0x12, 0x80, 0x7c, 0x52,
    0x0, 0x55, 0x0, 0x62, 0x0, 0x84, 0x40, 0x10,
    0x80, 0x7d, 0xe0, 0x2, 0xa0, 0xe, 0xf0, 0x8,
    0xc0, 0x3f, 0xe9, 0x20, 0x7, 0x0, 0x78, 0x40,
    0x21, 0x0, 0xff, 0x23, 0x0, 0x20, 0xc0, 0x3c,
    0x20, 0x10, 0x88, 0x2, 0x10, 0xc, 0x34, 0x0,
    0x37, 0x0, 0xfb, 0xc0, 0x23, 0xe0, 0x9, 0x40,
    0x35, 0x8, 0x3, 0x40, 0x3f, 0x10, 0x4, 0x2a,
    0x1, 0x18, 0x4, 0xe8, 0x0, 0xa1, 0x0, 0xfc,
    0x80, 0x3, 0x3, 0x0, 0xac, 0x0, 0x70, 0x0,
    0x55, 0x0, 0x7e, 0x31, 0x0, 0x20, 0x1, 0x40,
    0x6, 0x60, 0xe0, 0x1, 0x50, 0x7, 0xf4, 0x80,
    0x58, 0x0, 0xe0, 0xb, 0xe4, 0x80, 0x1c, 0x1,
    0xfc, 0x6a, 0x0, 0x24, 0x0, 0x21, 0x80, 0xd,
    0x80, 0x10, 0x60, 0x1f, 0x87, 0x80, 0x2b, 0x0,
    0xde, 0x1, 0xc6, 0xe0, 0x1f, 0x87, 0x8, 0x0,
    0x6c, 0x1, 0x8e, 0x0, 0x31, 0x18, 0x7, 0xcd,
    0xe4, 0x0, 0x1d, 0x0, 0xff, 0x87, 0x36, 0x5d,
    0xd1, 0x5f, 0x22, 0x0, 0x1d, 0x10, 0xe, 0x38,
    0x0, 0xf1, 0x34, 0x41, 0xd4, 0x3, 0x16, 0x18,
    0x7, 0xb8, 0x0, 0x58, 0xa0, 0x1f, 0xe1, 0x8d,
    0x20, 0xf, 0xbc, 0x83, 0x8e, 0xb6, 0x10, 0x40,
    0x2, 0x4b, 0x5c, 0xe0, 0x1f, 0xc5, 0xb8, 0x60,
    0x2, 0x7b, 0xef, 0xf7, 0x6d, 0x28, 0x7, 0xf0,

    /* U+00D9 "Ù" */
    0x0, 0xfb, 0x7f, 0xdc, 0x1, 0xff, 0xc8, 0x90,
    0x0, 0xb0, 0x7, 0xff, 0x1d, 0x18, 0x1, 0x60,
    0x1f, 0xfc, 0x89, 0x10, 0x25, 0x0, 0xff, 0xe4,
    0x50, 0x2, 0x0, 0x3f, 0xf9, 0x8, 0xe8, 0xc4,
    0x1, 0xff, 0xc8, 0x8b, 0xb1, 0x0, 0x7f, 0xfb,
    0x9f, 0xfe, 0x30, 0xf, 0xfe, 0x13, 0xff, 0xc8,
    0x1, 0xff, 0xff, 0x0, 0xff, 0xff, 0x80, 0x7f,
    0xff, 0xc0, 0x3f, 0xff, 0xe0, 0x1f, 0xff, 0xf0,
    0xf, 0xff, 0x63, 0x80, 0x66, 0x0, 0xff, 0xe1,
    0x70, 0x6, 0x20, 0xb, 0x40, 0x3f, 0xf8, 0x44,
    0x1, 0x13, 0x80, 0x4c, 0x1, 0xff, 0xc1, 0x14,
    0x0, 0x8, 0x88, 0x80, 0x1, 0x60, 0xf, 0xfe,
    0x5, 0x80, 0x4e, 0x0, 0x80, 0xa, 0x50, 0x3,
    0xfc, 0xea, 0x1, 0x58, 0x1, 0x4c, 0x2, 0xb8,
    0x10, 0xf, 0x15, 0xc0, 0x4, 0xe4, 0x1, 0x69,
    0x0, 0x4f, 0xd7, 0x2e, 0xe9, 0xcd, 0x40, 0x9,
    0x20, 0x3, 0xe, 0x18, 0x6, 0x46, 0x88, 0x31,
    0x80, 0x66, 0xb0, 0xf, 0xe, 0x40, 0x80, 0x7f,
    0x8a, 0xe4, 0x3, 0xf9, 0xfa, 0x98, 0xc4, 0x0,
    0x26, 0xf7, 0xa8, 0x1, 0xc0,

    /* U+00DA "Ú" */
    0x0, 0xff, 0xe0, 0x17, 0xfd, 0x40, 0x1f, 0xfc,
    0x78, 0x0, 0xd, 0x80, 0x7f, 0xf1, 0x89, 0x40,
    0x14, 0x20, 0x1f, 0xfc, 0x68, 0x0, 0x32, 0x0,
    0x7f, 0xf1, 0x89, 0x40, 0xa4, 0x3, 0xff, 0x8e,
    0xce, 0xee, 0x0, 0xff, 0xe4, 0x24, 0x40, 0xc0,
    0x3f, 0xfd, 0xcf, 0xff, 0x18, 0x7, 0xff, 0x9,
    0xff, 0xe4, 0x0, 0xff, 0xff, 0x80, 0x7f, 0xff,
    0xc0, 0x3f, 0xff, 0xe0, 0x1f, 0xff, 0xf0, 0xf,
    0xff, 0xf8, 0x7, 0xff, 0xb1, 0xc0, 0x33, 0x0,
    0x7f, 0xf0, 0xb8, 0x3, 0x10, 0x5, 0xa0, 0x1f,
    0xfc, 0x22, 0x0, 0x89, 0xc0, 0x26, 0x0, 0xff,
    0xe0, 0x8a, 0x0, 0x4, 0x44, 0x40, 0x0, 0xb0,
    0x7, 0xff, 0x2, 0xc0, 0x27, 0x0, 0x40, 0x5,
    0x28, 0x1, 0xfe, 0x75, 0x0, 0xac, 0x0, 0xa6,
    0x1, 0x5c, 0x8, 0x7, 0x8a, 0xe0, 0x2, 0x72,
    0x0, 0xb4, 0x80, 0x27, 0xeb, 0x97, 0x74, 0xe6,
    0xa0, 0x4, 0x90, 0x1, 0x87, 0xc, 0x3, 0x23,
    0x44, 0x18, 0xc0, 0x33, 0x58, 0x7, 0x87, 0x20,
    0x40, 0x3f, 0xc5, 0x72, 0x1, 0xfc, 0xfd, 0x4c,
    0x62, 0x0, 0x13, 0x7b, 0xd4, 0x0, 0xe0,

    /* U+00DB "Û" */
    0x0, 0xfe, 0x3f, 0xfb, 0x84, 0x3, 0xff, 0x8a,
    0x5a, 0x1, 0xe, 0x80, 0x7f, 0xf1, 0x7, 0xc4,
    0x1d, 0x0, 0xe8, 0x3, 0xff, 0x87, 0xa4, 0x9,
    0x16, 0x40, 0xae, 0x1, 0xff, 0xc1, 0xa3, 0x2,
    0xb0, 0x7, 0x80, 0x21, 0x40, 0x3f, 0xe2, 0x23,
    0xbb, 0xc0, 0x22, 0xb7, 0x71, 0x0, 0x7f, 0xc5,
    0x11, 0x10, 0x6, 0x48, 0x83, 0x80, 0x7f, 0xfa,
    0x9f, 0xfe, 0x30, 0xf, 0xfe, 0x13, 0xff, 0xc8,
    0x1, 0xff, 0xff, 0x0, 0xff, 0xff, 0x80, 0x7f,
    0xff, 0xc0, 0x3f, 0xff, 0xe0, 0x1f, 0xff, 0xf0,
    0xf, 0xff, 0x63, 0x80, 0x66, 0x0, 0xff, 0xe1,
    0x70, 0x6, 0x20, 0xb, 0x40, 0x3f, 0xf8, 0x44,
    0x1, 0x13, 0x80, 0x4c, 0x1, 0xff, 0xc1, 0x14,
    0x0, 0x8, 0x88, 0x80, 0x1, 0x60, 0xf, 0xfe,
    0x5, 0x80, 0x4e, 0x0, 0x80, 0xa, 0x50, 0x3,
    0xfc, 0xea, 0x1, 0x58, 0x1, 0x4c, 0x2, 0xb8,
    0x10, 0xf, 0x15, 0xc0, 0x4, 0xe4, 0x1, 0x69,
    0x0, 0x4f, 0xd7, 0x2e, 0xe9, 0xcd, 0x40, 0x9,
    0x20, 0x3, 0xe, 0x18, 0x6, 0x46, 0x88, 0x31,
    0x80, 0x66, 0xb0, 0xf, 0xe, 0x40, 0x80, 0x7f,
    0x8a, 0xe4, 0x3, 0xf9, 0xfa, 0x98, 0xc4, 0x0,
    0x26, 0xf7, 0xa8, 0x1, 0xc0,

    /* U+00DC "Ü" */
    0x0, 0xf1, 0x43, 0x80, 0x70, 0xc4, 0x4, 0x3,
    0xfe, 0x2d, 0x78, 0xb0, 0xd, 0x8e, 0xef, 0x0,
    0xff, 0x94, 0x2, 0x40, 0x8, 0xc8, 0x0, 0x28,
    0x1, 0xfe, 0x20, 0x8, 0x40, 0x22, 0x0, 0xcc,
    0x1, 0xfe, 0x57, 0x12, 0xd0, 0x8, 0x68, 0x45,
    0x24, 0x1, 0xff, 0x47, 0x69, 0x80, 0x65, 0xee,
    0x30, 0x7, 0xff, 0xfc, 0x2, 0x7f, 0xf8, 0xc0,
    0x3f, 0xf8, 0x4f, 0xff, 0x20, 0x7, 0xff, 0xfc,
    0x3, 0xff, 0xfe, 0x1, 0xff, 0xff, 0x0, 0xff,
    0xff, 0x80, 0x7f, 0xff, 0xc0, 0x3f, 0xfd, 0x8e,
    0x1, 0x98, 0x3, 0xff, 0x85, 0xc0, 0x18, 0x80,
    0x2d, 0x0, 0xff, 0xe1, 0x10, 0x4, 0x4e, 0x1,
    0x30, 0x7, 0xff, 0x4, 0x50, 0x0, 0x22, 0x22,
    0x0, 0x5, 0x80, 0x3f, 0xf8, 0x16, 0x1, 0x38,
    0x2, 0x0, 0x29, 0x40, 0xf, 0xf3, 0xa8, 0x5,
    0x60, 0x5, 0x30, 0xa, 0xe0, 0x40, 0x3c, 0x57,
    0x0, 0x13, 0x90, 0x5, 0xa4, 0x1, 0x3f, 0x5c,
    0xbb, 0xa7, 0x35, 0x0, 0x24, 0x80, 0xc, 0x38,
    0x60, 0x19, 0x1a, 0x20, 0xc6, 0x1, 0x9a, 0xc0,
    0x3c, 0x39, 0x2, 0x1, 0xfe, 0x2b, 0x90, 0xf,
    0xe7, 0xea, 0x63, 0x10, 0x0, 0x9b, 0xde, 0xa0,
    0x7, 0x0,

    /* U+00DD "Ý" */
    0x0, 0xff, 0xe0, 0x94, 0x44, 0x80, 0x1f, 0xfc,
    0x99, 0x77, 0x32, 0x80, 0x7f, 0xf2, 0xd, 0x0,
    0x14, 0x20, 0x1f, 0xfc, 0x88, 0x0, 0x32, 0x0,
    0x7f, 0xf2, 0xd, 0x0, 0x64, 0x3, 0xff, 0x93,
    0x0, 0xa, 0x0, 0xff, 0xe5, 0x5f, 0xf9, 0x0,
    0x3f, 0xfe, 0x75, 0xff, 0x48, 0x7, 0xff, 0xd,
    0xff, 0xec, 0xb, 0x0, 0x98, 0xc0, 0x3f, 0xf8,
    0x23, 0x0, 0x17, 0x80, 0xc8, 0x5, 0xc0, 0x1f,
    0xfc, 0x1b, 0x0, 0x98, 0xc0, 0xc, 0x60, 0x2,
    0x70, 0xf, 0xf9, 0x14, 0x0, 0x32, 0x1, 0xbc,
    0x2, 0x81, 0x0, 0xff, 0x48, 0x5, 0x60, 0x1c,
    0x6e, 0x1, 0x50, 0x7, 0xf4, 0x10, 0x1, 0x14,
    0x3, 0xd0, 0x20, 0x4, 0x50, 0xf, 0x89, 0xc0,
    0x2a, 0x0, 0xfd, 0x40, 0x15, 0x80, 0x7d, 0x20,
    0x14, 0x8, 0x7, 0xe4, 0x50, 0x0, 0xc0, 0x7,
    0x2a, 0x0, 0xd, 0xc0, 0x3f, 0xd6, 0x1, 0x39,
    0x0, 0x6b, 0x0, 0xbc, 0x3, 0xfe, 0x19, 0x0,
    0xa4, 0x2, 0x81, 0x0, 0x31, 0x80, 0x7f, 0xf0,
    0x18, 0xc0, 0x8, 0x80, 0x27, 0x0, 0xc, 0x80,
    0x7f, 0xf0, 0xbc, 0x2, 0x90, 0x80, 0xa, 0xc0,
    0x3f, 0xf8, 0x66, 0xe0, 0x2, 0x75, 0x0, 0x22,
    0x80, 0x7f, 0xf1, 0x20, 0x40, 0x10, 0x1, 0x50,
    0x7, 0xff, 0x1a, 0x80, 0x3a, 0x4, 0x3, 0xff,
    0x8c, 0x8a, 0x1, 0x1b, 0x80, 0x7f, 0xf2, 0x38,
    0x2, 0xb0, 0xf, 0xff, 0xf8, 0x7, 0xff, 0xfc,
    0x3, 0xff, 0xfe, 0x1, 0xff, 0xfc,

    /* U+00DE "Þ" */
    0xbf, 0xf8, 0x3, 0xff, 0xfe, 0x1, 0xff, 0xe1,
    0xff, 0xfb, 0x69, 0x80, 0x3f, 0xf8, 0xa4, 0xb3,
    0xcc, 0x1, 0xff, 0xc6, 0x19, 0xa0, 0xf, 0xaf,
    0x33, 0xaa, 0xc, 0x2, 0x59, 0x0, 0xf2, 0x19,
    0xf2, 0xbe, 0x58, 0x80, 0x18, 0xc0, 0x3f, 0xf8,
    0x49, 0xa0, 0x14, 0x0, 0x7f, 0xf0, 0xcd, 0x40,
    0x8, 0x1, 0xff, 0xc4, 0xc0, 0x8, 0x80, 0x3f,
    0xf8, 0x64, 0x1, 0x8, 0x7, 0xff, 0xc, 0x80,
    0x21, 0x0, 0xff, 0xe1, 0xe0, 0x4, 0x40, 0x1f,
    0xfc, 0x22, 0x50, 0x2, 0x0, 0x7f, 0xf0, 0x8f,
    0xc0, 0x28, 0x0, 0xe4, 0x33, 0xe4, 0x6b, 0xc2,
    0x0, 0x31, 0x80, 0x75, 0xe6, 0x75, 0xca, 0x0,
    0x4b, 0x20, 0x1f, 0xfc, 0x41, 0x9a, 0x0, 0xff,
    0xe1, 0x12, 0xcf, 0x30, 0x7, 0xef, 0xff, 0xb6,
    0x98, 0x3, 0xff, 0xfe, 0x1, 0xff, 0xd3,

    /* U+00DF "ß" */
    0x0, 0xe5, 0xbd, 0xff, 0x6d, 0xb0, 0x80, 0x7f,
    0x2f, 0x52, 0x10, 0x0, 0x92, 0x79, 0xc0, 0x3e,
    0x7a, 0x10, 0xf, 0xe8, 0xa0, 0xe, 0x48, 0x0,
    0x8a, 0x2e, 0xd2, 0x80, 0x12, 0xc0, 0x6, 0x90,
    0x9, 0xb5, 0xd1, 0xd, 0x72, 0x1, 0x38, 0x80,
    0xc, 0x80, 0x9, 0x20, 0x1e, 0x66, 0x0, 0x4e,
    0x0, 0x50, 0xb, 0xc0, 0x3f, 0x40, 0x5, 0xe0,
    0x1, 0x0, 0x94, 0x3, 0xf0, 0x80, 0x7f, 0xf2,
    0xc4, 0x3, 0xff, 0x86, 0x60, 0x16, 0x80, 0x7f,
    0xf0, 0xe4, 0x0, 0x2a, 0x1, 0xff, 0xc2, 0x75,
    0x0, 0x50, 0x7, 0xf8, 0x51, 0xd, 0x90, 0x0,
    0xb4, 0x0, 0xff, 0x2d, 0xda, 0x4c, 0x1f, 0x90,
    0x3, 0xff, 0x8a, 0xf4, 0xa0, 0x1f, 0xfc, 0x64,
    0xac, 0x10, 0xf, 0xe4, 0xff, 0xba, 0x8c, 0x0,
    0x78, 0x1, 0xff, 0xc1, 0x15, 0xc5, 0x0, 0x14,
    0x0, 0x7f, 0xf0, 0xe8, 0x80, 0xe, 0x1, 0xff,
    0xc4, 0xb0, 0x8, 0xc0, 0x3f, 0xf8, 0x6a, 0x1,
    0x30, 0x7, 0xff, 0x5d, 0x40, 0x21, 0x0, 0xff,
    0xe1, 0xd8, 0x4, 0x80, 0x1f, 0xfc, 0x2a, 0x20,
    0x2, 0x80, 0x7e, 0x14, 0x4c, 0xfa, 0xa0, 0x1,
    0xb0, 0xf, 0xcf, 0x77, 0xa0, 0x80, 0x2a, 0x10,
    0xf, 0xfe, 0x21, 0x6a, 0x0, 0x7f, 0xf0, 0x89,
    0x6b, 0x48, 0x2,

    /* U+00E0 "à" */
    0x0, 0xea, 0xbb, 0x48, 0x7, 0xff, 0xf, 0x51,
    0xc, 0x80, 0x1f, 0xfc, 0x27, 0x30, 0x7, 0x80,
    0x7f, 0xf0, 0xf8, 0x0, 0x86, 0x1, 0xff, 0xc2,
    0x28, 0x0, 0x40, 0x7, 0xff, 0xd, 0xcc, 0x10,
    0x80, 0x3f, 0xf8, 0x79, 0xfe, 0x20, 0xf, 0xff,
    0x30, 0xb5, 0x6f, 0xfb, 0xb1, 0xc8, 0x3, 0xf4,
    0x74, 0xa9, 0x0, 0x4, 0xe3, 0x64, 0x3, 0xd8,
    0xe0, 0x1f, 0xe6, 0xb0, 0xd, 0x66, 0x1, 0x35,
    0xef, 0x64, 0x8, 0x1, 0x18, 0x0, 0x88, 0x0,
    0xe, 0x4a, 0x10, 0x9b, 0xf8, 0x80, 0x20, 0x0,
    0xb0, 0x61, 0xa6, 0x1, 0xe1, 0x90, 0x0, 0x90,
    0xb, 0xe7, 0x98, 0x7, 0xe4, 0x0, 0x98, 0x3,
    0xff, 0x8c, 0x20, 0x1f, 0xfc, 0x1, 0x4f, 0x0,
    0x8c, 0x3, 0xc8, 0xd3, 0x9d, 0xfd, 0x66, 0x1,
    0xf1, 0xdf, 0xdc, 0xb1, 0x88, 0x7, 0xfa, 0x31,
    0x0, 0x38, 0x4d, 0x66, 0xc0, 0x39, 0x9c, 0x2,
    0x48, 0xcf, 0xec, 0xa6, 0x60, 0x7, 0x40, 0x5,
    0x76, 0x73, 0x0, 0xff, 0x10, 0x80, 0x1d, 0x0,
    0x3f, 0x8, 0x6, 0x10, 0xb, 0x40, 0x3f, 0xac,
    0x3, 0x10, 0x4, 0x40, 0x1f, 0x85, 0x80, 0x30,
    0x88, 0x1, 0x22, 0x1, 0xe2, 0xc1, 0x0, 0xe9,
    0x0, 0xf, 0xb9, 0x89, 0x24, 0xe9, 0x10, 0x3,
    0x9c, 0xc0, 0x3, 0x19, 0xdb, 0x6c, 0x3, 0xc0,
    0x1e, 0xd5, 0x0, 0xfc, 0x58, 0x40, 0x1e, 0x1a,
    0xc6, 0x21, 0x1, 0x49, 0xd2, 0x0, 0xe0,

    /* U+00E1 "á" */
    0x0, 0xff, 0x17, 0xfd, 0x60, 0x1f, 0xfc, 0x2b,
    0x0, 0xa8, 0x3, 0xff, 0x82, 0x2c, 0x0, 0x81,
    0x0, 0xff, 0xe0, 0xc8, 0x0, 0xdc, 0x3, 0xff,
    0x84, 0xc0, 0xf, 0x0, 0xff, 0xe1, 0x30, 0x83,
    0x98, 0x7, 0xff, 0x9, 0xbf, 0xd0, 0x1, 0xff,
    0xe6, 0x16, 0xad, 0xff, 0x76, 0x39, 0x0, 0x7e,
    0x8e, 0x95, 0x20, 0x0, 0x9c, 0x6c, 0x80, 0x7b,
    0x1c, 0x3, 0xfc, 0xd6, 0x1, 0xac, 0xc0, 0x26,
    0xbd, 0xec, 0x81, 0x0, 0x23, 0x0, 0x11, 0x0,
    0x1, 0xc9, 0x42, 0x13, 0x7f, 0x10, 0x4, 0x0,
    0x16, 0xc, 0x34, 0xc0, 0x3c, 0x32, 0x0, 0x12,
    0x1, 0x7c, 0xf3, 0x0, 0xfc, 0x80, 0x13, 0x0,
    0x7f, 0xf1, 0x84, 0x3, 0xff, 0x80, 0x29, 0xe0,
    0x11, 0x80, 0x79, 0x1a, 0x73, 0xbf, 0xac, 0xc0,
    0x3e, 0x3b, 0xfb, 0x96, 0x31, 0x0, 0xff, 0x46,
    0x20, 0x7, 0x9, 0xac, 0xd8, 0x7, 0x33, 0x80,
    0x49, 0x19, 0xfd, 0x94, 0xcc, 0x0, 0xe8, 0x0,
    0xae, 0xce, 0x60, 0x1f, 0xe2, 0x10, 0x3, 0xa0,
    0x7, 0xe1, 0x0, 0xc2, 0x1, 0x68, 0x7, 0xf5,
    0x80, 0x62, 0x0, 0x88, 0x3, 0xf0, 0xb0, 0x6,
    0x11, 0x0, 0x24, 0x40, 0x3c, 0x58, 0x20, 0x1d,
    0x20, 0x1, 0xf7, 0x31, 0x24, 0x9d, 0x22, 0x0,
    0x73, 0x98, 0x0, 0x63, 0x3b, 0x6d, 0x80, 0x78,
    0x3, 0xda, 0xa0, 0x1f, 0x8b, 0x8, 0x3, 0xc3,
    0x58, 0xc4, 0x20, 0x29, 0x3a, 0x40, 0x1c,

    /* U+00E2 "â" */
    0x0, 0xf8, 0xff, 0xee, 0x10, 0xf, 0xfe, 0x1,
    0x68, 0x4, 0x3a, 0x1, 0xff, 0xf, 0x88, 0x3a,
    0x1, 0xd0, 0x7, 0xfb, 0x48, 0x12, 0x2c, 0x81,
    0x5c, 0x3, 0xf5, 0x18, 0x15, 0x80, 0x3c, 0x1,
    0xa, 0x1, 0xe2, 0x23, 0xbb, 0xc0, 0x22, 0xb7,
    0x71, 0x0, 0x78, 0xa2, 0x22, 0x0, 0xc9, 0x10,
    0x70, 0xf, 0xff, 0x10, 0xb5, 0x6f, 0xfb, 0xb1,
    0xc8, 0x3, 0xf4, 0x74, 0xa9, 0x0, 0x4, 0xe3,
    0x64, 0x3, 0xd8, 0xe0, 0x1f, 0xe6, 0xb0, 0xd,
    0x66, 0x1, 0x35, 0xef, 0x64, 0x8, 0x1, 0x18,
    0x0, 0x88, 0x0, 0xe, 0x4a, 0x10, 0x9b, 0xf8,
    0x80, 0x20, 0x0, 0xb0, 0x61, 0xa6, 0x1, 0xe1,
    0x90, 0x0, 0x90, 0xb, 0xe7, 0x98, 0x7, 0xe4,
    0x0, 0x98, 0x3, 0xff, 0x8c, 0x20, 0x1f, 0xfc,
    0x1, 0x4f, 0x0, 0x8c, 0x3, 0xc8, 0xd3, 0x9d,
    0xfd, 0x66, 0x1, 0xf1, 0xdf, 0xdc, 0xb1, 0x88,
    0x7, 0xfa, 0x31, 0x0, 0x38, 0x4d, 0x66, 0xc0,
    0x39, 0x9c, 0x2, 0x48, 0xcf, 0xec, 0xa6, 0x60,
    0x7, 0x40, 0x5, 0x76, 0x73, 0x0, 0xff, 0x10,
    0x80, 0x1d, 0x0, 0x3f, 0x8, 0x6, 0x10, 0xb,
    0x40, 0x3f, 0xac, 0x3, 0x10, 0x4, 0x40, 0x1f,
    0x85, 0x80, 0x30, 0x88, 0x1, 0x22, 0x1, 0xe2,
    0xc1, 0x0, 0xe9, 0x0, 0xf, 0xb9, 0x89, 0x24,
    0xe9, 0x10, 0x3, 0x9c, 0xc0, 0x3, 0x19, 0xdb,
    0x6c, 0x3, 0xc0, 0x1e, 0xd5, 0x0, 0xfc, 0x58,
    0x40, 0x1e, 0x1a, 0xc6, 0x21, 0x1, 0x49, 0xd2,
    0x0, 0xe0,

    /* U+00E3 "ã" */
    0x0, 0xe7, 0xdf, 0xec, 0xa8, 0x87, 0xf9, 0xc0,
    0x3e, 0x58, 0x20, 0x13, 0x57, 0x70, 0x1, 0x40,
    0x3e, 0xf0, 0x3, 0xb2, 0x10, 0x0, 0xac, 0x80,
    0x3e, 0xaf, 0xf4, 0x4d, 0xef, 0xfb, 0x50, 0x3,
    0xff, 0xec, 0x2d, 0x5b, 0xfe, 0xec, 0x72, 0x0,
    0xfd, 0x1d, 0x2a, 0x40, 0x1, 0x38, 0xd9, 0x0,
    0xf6, 0x38, 0x7, 0xf9, 0xac, 0x3, 0x59, 0x80,
    0x4d, 0x7b, 0xd9, 0x2, 0x0, 0x46, 0x0, 0x22,
    0x0, 0x3, 0x92, 0x84, 0x26, 0xfe, 0x20, 0x8,
    0x0, 0x2c, 0x18, 0x69, 0x80, 0x78, 0x64, 0x0,
    0x24, 0x2, 0xf9, 0xe6, 0x1, 0xf9, 0x0, 0x26,
    0x0, 0xff, 0xe3, 0x8, 0x7, 0xff, 0x0, 0x53,
    0xc0, 0x23, 0x0, 0xf2, 0x34, 0xe7, 0x7f, 0x59,
    0x80, 0x7c, 0x77, 0xf7, 0x2c, 0x62, 0x1, 0xfe,
    0x8c, 0x40, 0xe, 0x13, 0x59, 0xb0, 0xe, 0x67,
    0x0, 0x92, 0x33, 0xfb, 0x29, 0x98, 0x1, 0xd0,
    0x1, 0x5d, 0x9c, 0xc0, 0x3f, 0xc4, 0x20, 0x7,
    0x40, 0xf, 0xc2, 0x1, 0x84, 0x2, 0xd0, 0xf,
    0xeb, 0x0, 0xc4, 0x1, 0x10, 0x7, 0xe1, 0x60,
    0xc, 0x22, 0x0, 0x48, 0x80, 0x78, 0xb0, 0x40,
    0x3a, 0x40, 0x3, 0xee, 0x62, 0x49, 0x3a, 0x44,
    0x0, 0xe7, 0x30, 0x0, 0xc6, 0x76, 0xdb, 0x0,
    0xf0, 0x7, 0xb5, 0x40, 0x3f, 0x16, 0x10, 0x7,
    0x86, 0xb1, 0x88, 0x40, 0x52, 0x74, 0x80, 0x38,

    /* U+00E4 "ä" */
    0x0, 0xc5, 0xe, 0x1, 0xc3, 0x10, 0x10, 0xf,
    0x16, 0xbc, 0x58, 0x6, 0xc7, 0x77, 0x80, 0x79,
    0x40, 0x24, 0x0, 0x8c, 0x80, 0x2, 0x80, 0x1c,
    0x40, 0x10, 0x80, 0x44, 0x1, 0x98, 0x3, 0x95,
    0xc4, 0xb4, 0x2, 0x1a, 0x11, 0x49, 0x0, 0x7a,
    0x3b, 0x4c, 0x3, 0x2f, 0x71, 0x80, 0x3f, 0xfe,
    0xa2, 0xd5, 0xbf, 0xee, 0xc7, 0x20, 0xf, 0xd1,
    0xd2, 0xa4, 0x0, 0x13, 0x8d, 0x90, 0xf, 0x63,
    0x80, 0x7f, 0x9a, 0xc0, 0x35, 0x98, 0x4, 0xd7,
    0xbd, 0x90, 0x20, 0x4, 0x60, 0x2, 0x20, 0x0,
    0x39, 0x28, 0x42, 0x6f, 0xe2, 0x0, 0x80, 0x2,
    0xc1, 0x86, 0x98, 0x7, 0x86, 0x40, 0x2, 0x40,
    0x2f, 0x9e, 0x60, 0x1f, 0x90, 0x2, 0x60, 0xf,
    0xfe, 0x30, 0x80, 0x7f, 0xf0, 0x5, 0x3c, 0x2,
    0x30, 0xf, 0x23, 0x4e, 0x77, 0xf5, 0x98, 0x7,
    0xc7, 0x7f, 0x72, 0xc6, 0x20, 0x1f, 0xe8, 0xc4,
    0x0, 0xe1, 0x35, 0x9b, 0x0, 0xe6, 0x70, 0x9,
    0x23, 0x3f, 0xb2, 0x99, 0x80, 0x1d, 0x0, 0x15,
    0xd9, 0xcc, 0x3, 0xfc, 0x42, 0x0, 0x74, 0x0,
    0xfc, 0x20, 0x18, 0x40, 0x2d, 0x0, 0xfe, 0xb0,
    0xc, 0x40, 0x11, 0x0, 0x7e, 0x16, 0x0, 0xc2,
    0x20, 0x4, 0x88, 0x7, 0x8b, 0x4, 0x3, 0xa4,
    0x0, 0x3e, 0xe6, 0x24, 0x93, 0xa4, 0x40, 0xe,
    0x73, 0x0, 0xc, 0x67, 0x6d, 0xb0, 0xf, 0x0,
    0x7b, 0x54, 0x3, 0xf1, 0x61, 0x0, 0x78, 0x6b,
    0x18, 0x84, 0x5, 0x27, 0x48, 0x3, 0x80,

    /* U+00E5 "å" */
    0x0, 0xfc, 0x6c, 0xc2, 0x0, 0xff, 0xe0, 0x9e,
    0xe4, 0xcb, 0x6c, 0x40, 0x3f, 0xc5, 0x84, 0x1,
    0x93, 0x4, 0x3, 0xfb, 0x80, 0xf, 0xdc, 0x50,
    0x29, 0x0, 0xfc, 0x26, 0x9, 0x2, 0x2a, 0x20,
    0x60, 0xf, 0xc4, 0x0, 0xc0, 0xc, 0xc0, 0x20,
    0x1f, 0x88, 0x1, 0x80, 0x19, 0x80, 0x40, 0x3f,
    0x9, 0x82, 0x40, 0x8a, 0x88, 0x18, 0x3, 0xfb,
    0x80, 0xf, 0xdc, 0x50, 0x29, 0x0, 0xfe, 0x2c,
    0x20, 0xc, 0x98, 0x20, 0x1f, 0xe3, 0xdc, 0x99,
    0x6d, 0x88, 0x7, 0xff, 0x4, 0xd9, 0x84, 0x1,
    0xff, 0xc0, 0x16, 0xad, 0xff, 0x76, 0x39, 0x0,
    0x7e, 0x8e, 0x95, 0x20, 0x0, 0x9c, 0x6c, 0x80,
    0x7b, 0x1c, 0x3, 0xfc, 0xd6, 0x1, 0xac, 0xc0,
    0x26, 0xbd, 0xec, 0x81, 0x0, 0x23, 0x0, 0x11,
    0x0, 0x1, 0xc9, 0x42, 0x13, 0x7f, 0x10, 0x4,
    0x0, 0x16, 0xc, 0x34, 0xc0, 0x3c, 0x32, 0x0,
    0x12, 0x1, 0x7c, 0xf3, 0x0, 0xfc, 0x80, 0x13,
    0x0, 0x7f, 0xf1, 0x84, 0x3, 0xff, 0x80, 0x29,
    0xe0, 0x11, 0x80, 0x79, 0x1a, 0x73, 0xbf, 0xac,
    0xc0, 0x3e, 0x3b, 0xfb, 0x96, 0x31, 0x0, 0xff,
    0x46, 0x20, 0x7, 0x9, 0xac, 0xd8, 0x7, 0x33,
    0x80, 0x49, 0x19, 0xfd, 0x94, 0xcc, 0x0, 0xe8,
    0x0, 0xae, 0xce, 0x60, 0x1f, 0xe2, 0x10, 0x3,
    0xa0, 0x7, 0xe1, 0x0, 0xc2, 0x1, 0x68, 0x7,
    0xf5, 0x80, 0x62, 0x0, 0x88, 0x3, 0xf0, 0xb0,
    0x6, 0x11, 0x0, 0x24, 0x40, 0x3c, 0x58, 0x20,
    0x1d, 0x20, 0x1, 0xf7, 0x31, 0x24, 0x9d, 0x22,
    0x0, 0x73, 0x98, 0x0, 0x63, 0x3b, 0x6d, 0x80,
    0x78, 0x3, 0xda, 0xa0, 0x1f, 0x8b, 0x8, 0x3,
    0xc3, 0x58, 0xc4, 0x20, 0x29, 0x3a, 0x40, 0x1c,

    /* U+00E6 "æ" */
    0x0, 0xe1, 0x6a, 0xdf, 0xf7, 0x5b, 0x88, 0x7,
    0x1c, 0xef, 0x7f, 0x5b, 0x88, 0x7, 0xf4, 0x74,
    0xa9, 0x0, 0x5, 0x23, 0x98, 0x0, 0x37, 0x8c,
    0x42, 0x2, 0x91, 0xd2, 0x1, 0xf6, 0x38, 0x7,
    0xfa, 0x5c, 0x71, 0x0, 0x3f, 0x9b, 0x0, 0x3a,
    0xcc, 0x2, 0x5a, 0xdd, 0x63, 0x80, 0x51, 0xe4,
    0x0, 0x3a, 0xcd, 0xb7, 0x10, 0x1, 0xd8, 0x4,
    0x88, 0x0, 0xe, 0xd2, 0x91, 0xe, 0x34, 0x40,
    0x2, 0x0, 0x9c, 0x53, 0x24, 0x8f, 0x30, 0x2,
    0x28, 0x1, 0x65, 0x7, 0x8, 0x3, 0xc5, 0x20,
    0x1a, 0x98, 0x3, 0xc3, 0x82, 0x0, 0x80, 0x0,
    0xb5, 0xf1, 0x0, 0x7e, 0x40, 0x9, 0x14, 0x3,
    0xfa, 0x0, 0x4, 0x40, 0xf, 0xfe, 0x10, 0x80,
    0x5c, 0x1, 0xfe, 0x70, 0x9, 0x40, 0x3f, 0xf8,
    0xc8, 0x1, 0xfe, 0x11, 0x0, 0x38, 0x3, 0x96,
    0x73, 0xbf, 0xfb, 0x40, 0x2e, 0xff, 0xff, 0x84,
    0x0, 0x60, 0x13, 0x75, 0x31, 0x88, 0x7, 0xff,
    0x30, 0x40, 0x15, 0x22, 0x1, 0xff, 0xd2, 0x75,
    0x0, 0x96, 0xfb, 0xff, 0xb4, 0x2, 0xff, 0xff,
    0xe1, 0xd8, 0x48, 0x5, 0x74, 0x82, 0x1, 0xfc,
    0x40, 0x1f, 0xfc, 0x32, 0x10, 0x3, 0xa0, 0x7,
    0xe6, 0x0, 0x90, 0x3, 0xff, 0x86, 0x20, 0x16,
    0x80, 0x7f, 0x60, 0x5, 0x40, 0x1f, 0xf2, 0x0,
    0x44, 0x1, 0x10, 0x7, 0xe2, 0x70, 0x8, 0xdc,
    0x3, 0xfa, 0x2f, 0xf0, 0x84, 0x40, 0x9, 0x20,
    0xf, 0x17, 0x80, 0x74, 0x38, 0x7, 0xcc, 0xe0,
    0x2, 0x20, 0x48, 0x0, 0x76, 0x50, 0x8d, 0x6b,
    0x48, 0x7, 0x0, 0x28, 0xd7, 0x42, 0x36, 0xb9,
    0x0, 0xac, 0x0, 0xe6, 0x1, 0x35, 0xee, 0x52,
    0x80, 0x7, 0x4e, 0xc0, 0x22, 0x8b, 0xdc, 0x94,
    0x0, 0xa1, 0x40, 0x2c, 0x50, 0xf, 0xe5, 0xf3,
    0x4, 0xd3, 0x0, 0xfe, 0x2b, 0x70, 0xe, 0xac,
    0x62, 0x10, 0x14, 0x8d, 0xa1, 0x0, 0x8b, 0x2d,
    0x8c, 0x40, 0x49, 0xab, 0x50, 0x2,

    /* U+00E7 "ç" */
    0x0, 0xe1, 0x6b, 0xef, 0xf7, 0x5b, 0x0, 0x7f,
    0x37, 0x4a, 0x8, 0x0, 0x52, 0x79, 0x80, 0x3d,
    0x52, 0x1, 0xfc, 0x33, 0x40, 0x1a, 0x54, 0x2,
    0x6b, 0xdd, 0x5a, 0x80, 0x4b, 0x0, 0x4, 0x60,
    0x0, 0xe4, 0xa1, 0x11, 0x2b, 0x4, 0x0, 0xe6,
    0x12, 0x1, 0x69, 0x80, 0x78, 0xf4, 0x2, 0x93,
    0x20, 0x3, 0x18, 0x7, 0xe3, 0x67, 0xba, 0xb0,
    0xa, 0xc0, 0x3f, 0xd3, 0x8, 0x8, 0x0, 0x12,
    0x0, 0xff, 0xe1, 0x10, 0x1, 0x40, 0x3f, 0xf8,
    0x62, 0x0, 0x10, 0xf, 0xfe, 0xb0, 0x80, 0x4,
    0x3, 0xff, 0x86, 0x40, 0x5, 0x0, 0xff, 0xe1,
    0xa0, 0x0, 0x48, 0x3, 0xff, 0x85, 0x60, 0x15,
    0x80, 0x7f, 0xab, 0x1c, 0xcc, 0x40, 0x6, 0x30,
    0xf, 0xc6, 0xa7, 0x12, 0x12, 0x1, 0x69, 0x80,
    0x78, 0xf4, 0x2, 0x90, 0x46, 0x0, 0xe, 0x4a,
    0x11, 0x12, 0xb0, 0x40, 0xe, 0x60, 0x9, 0x50,
    0x9, 0xaf, 0x75, 0x6a, 0x1, 0x2c, 0x0, 0x6a,
    0x80, 0xf, 0xe1, 0x9a, 0x0, 0xf3, 0xf4, 0xa0,
    0x80, 0x5, 0x27, 0x98, 0x3, 0xf0, 0xb5, 0xe0,
    0x3, 0xad, 0x80, 0x3f, 0xf8, 0x2c, 0x0, 0xa7,
    0x10, 0xf, 0xfe, 0x9, 0x0, 0x16, 0x3c, 0x40,
    0x3f, 0xf8, 0xf, 0x76, 0x60, 0x16, 0x0, 0xff,
    0xe0, 0xa, 0x22, 0x40, 0x1c, 0x1, 0xff, 0xc2,
    0x16, 0x0, 0x8, 0x7, 0xfc, 0x7f, 0xee, 0x90,
    0x5, 0x0, 0x7f, 0xf0, 0xc5, 0x70, 0x80, 0x30,

    /* U+00E8 "è" */
    0x0, 0xc3, 0x77, 0x40, 0x7, 0xff, 0xc, 0x49,
    0x10, 0xe4, 0x1, 0xff, 0xc3, 0x92, 0x0, 0x58,
    0x7, 0xff, 0x12, 0x40, 0xc, 0x20, 0x1f, 0xfc,
    0x34, 0x60, 0x4, 0x0, 0x7f, 0xf1, 0x24, 0x41,
    0x84, 0x3, 0xff, 0x89, 0xdf, 0xe1, 0x0, 0xff,
    0xf4, 0x8b, 0xdf, 0x7f, 0xb6, 0x94, 0x3, 0xfc,
    0xfd, 0x8, 0x20, 0x2, 0x5a, 0xe4, 0x0, 0xfa,
    0xa0, 0x3, 0xf8, 0x6d, 0xc0, 0x3a, 0x54, 0x2,
    0x6b, 0xdc, 0xa4, 0x0, 0xa1, 0x40, 0x24, 0x60,
    0x1, 0x6c, 0xa1, 0x1a, 0xdd, 0x0, 0x56, 0x1,
    0x48, 0x0, 0x70, 0x80, 0x3c, 0xb2, 0x0, 0x17,
    0x3, 0x20, 0x5, 0x88, 0x7, 0xe6, 0x20, 0x5,
    0x85, 0x80, 0x4a, 0x1, 0xfe, 0x50, 0x1, 0x89,
    0x80, 0x10, 0x3, 0xfe, 0xd0, 0x8, 0x94, 0x0,
    0x9f, 0xff, 0xf5, 0x0, 0x4e, 0x20, 0x1f, 0xfc,
    0x61, 0x0, 0xff, 0xe4, 0x8, 0x1, 0x7f, 0xff,
    0xf8, 0x6a, 0x40, 0x6, 0x0, 0xff, 0xe2, 0x20,
    0x0, 0xc4, 0x3, 0xff, 0x87, 0x80, 0x13, 0x80,
    0x7f, 0x88, 0x80, 0x12, 0x10, 0x2, 0x48, 0x3,
    0xfb, 0xf7, 0xa4, 0x1, 0x0, 0x17, 0x98, 0x7,
    0xd4, 0x40, 0x20, 0x12, 0xb0, 0x0, 0xb2, 0x94,
    0xc8, 0xdf, 0x54, 0x0, 0x30, 0x1, 0x4a, 0x80,
    0x4b, 0x59, 0xb9, 0x4, 0x0, 0x1d, 0x10, 0xd,
    0x52, 0x20, 0x1f, 0xc9, 0xe6, 0x1, 0xe6, 0xe9,
    0x52, 0x0, 0x9, 0xbe, 0x58, 0x80, 0x40,

    /* U+00E9 "é" */
    0x0, 0xff, 0x27, 0xfd, 0x20, 0x1f, 0xfc, 0x3f,
    0x0, 0xc, 0x80, 0x7f, 0xf0, 0x89, 0x0, 0x16,
    0x1, 0xff, 0xc3, 0x80, 0x2, 0xa8, 0x3, 0xff,
    0x84, 0x2a, 0x0, 0xb0, 0xf, 0xfe, 0x1c, 0x80,
    0x24, 0x40, 0x3f, 0xf8, 0x71, 0xfe, 0x60, 0xf,
    0xff, 0x48, 0xbd, 0xf7, 0xfb, 0x69, 0x40, 0x3f,
    0xcf, 0xd0, 0x82, 0x0, 0x25, 0xae, 0x40, 0xf,
    0xaa, 0x0, 0x3f, 0x86, 0xdc, 0x3, 0xa5, 0x40,
    0x26, 0xbd, 0xca, 0x40, 0xa, 0x14, 0x2, 0x46,
    0x0, 0x16, 0xca, 0x11, 0xad, 0xd0, 0x5, 0x60,
    0x14, 0x80, 0x7, 0x8, 0x3, 0xcb, 0x20, 0x1,
    0x70, 0x32, 0x0, 0x58, 0x80, 0x7e, 0x62, 0x0,
    0x58, 0x58, 0x4, 0xa0, 0x1f, 0xe5, 0x0, 0x18,
    0x98, 0x1, 0x0, 0x3f, 0xed, 0x0, 0x89, 0x40,
    0x9, 0xff, 0xff, 0x50, 0x4, 0xe2, 0x1, 0xff,
    0xc6, 0x10, 0xf, 0xfe, 0x40, 0x80, 0x17, 0xff,
    0xff, 0x86, 0xa4, 0x0, 0x60, 0xf, 0xfe, 0x22,
    0x0, 0xc, 0x40, 0x3f, 0xf8, 0x78, 0x1, 0x38,
    0x7, 0xf8, 0x88, 0x1, 0x21, 0x0, 0x24, 0x80,
    0x3f, 0xbf, 0x7a, 0x40, 0x10, 0x1, 0x79, 0x80,
    0x7d, 0x44, 0x2, 0x1, 0x2b, 0x0, 0xb, 0x29,
    0x4c, 0x8d, 0xf5, 0x40, 0x3, 0x0, 0x14, 0xa8,
    0x4, 0xb5, 0x9b, 0x90, 0x40, 0x1, 0xd1, 0x0,
    0xd5, 0x22, 0x1, 0xfc, 0x9e, 0x60, 0x1e, 0x6e,
    0x95, 0x20, 0x0, 0x9b, 0xe5, 0x88, 0x4,

    /* U+00EA "ê" */
    0x0, 0xf9, 0x7f, 0xec, 0x0, 0xff, 0xe1, 0x1d,
    0x0, 0x47, 0x40, 0x1f, 0xfc, 0x2, 0xd0, 0x4,
    0x98, 0x2c, 0x0, 0x7f, 0x87, 0xc4, 0x19, 0x9a,
    0x20, 0xea, 0x1, 0xfd, 0x44, 0x7, 0x20, 0x34,
    0x0, 0xa3, 0x0, 0xf8, 0xcc, 0xf1, 0xa0, 0x12,
    0x53, 0xb9, 0x40, 0x3e, 0x38, 0x83, 0x88, 0x6,
    0x58, 0x83, 0x0, 0x7f, 0xf9, 0x45, 0xef, 0xbf,
    0xdb, 0x4a, 0x1, 0xfe, 0x7e, 0x84, 0x10, 0x1,
    0x2d, 0x72, 0x0, 0x7d, 0x50, 0x1, 0xfc, 0x36,
    0xe0, 0x1d, 0x2a, 0x1, 0x35, 0xee, 0x52, 0x0,
    0x50, 0xa0, 0x12, 0x30, 0x0, 0xb6, 0x50, 0x8d,
    0x6e, 0x80, 0x2b, 0x0, 0xa4, 0x0, 0x38, 0x40,
    0x1e, 0x59, 0x0, 0xb, 0x81, 0x90, 0x2, 0xc4,
    0x3, 0xf3, 0x10, 0x2, 0xc2, 0xc0, 0x25, 0x0,
    0xff, 0x28, 0x0, 0xc4, 0xc0, 0x8, 0x1, 0xff,
    0x68, 0x4, 0x4a, 0x0, 0x4f, 0xff, 0xfa, 0x80,
    0x27, 0x10, 0xf, 0xfe, 0x30, 0x80, 0x7f, 0xf2,
    0x4, 0x0, 0xbf, 0xff, 0xfc, 0x35, 0x20, 0x3,
    0x0, 0x7f, 0xf1, 0x10, 0x0, 0x62, 0x1, 0xff,
    0xc3, 0xc0, 0x9, 0xc0, 0x3f, 0xc4, 0x40, 0x9,
    0x8, 0x1, 0x24, 0x1, 0xfd, 0xfb, 0xd2, 0x0,
    0x80, 0xb, 0xcc, 0x3, 0xea, 0x20, 0x10, 0x9,
    0x58, 0x0, 0x59, 0x4a, 0x64, 0x6f, 0xaa, 0x0,
    0x18, 0x0, 0xa5, 0x40, 0x25, 0xac, 0xdc, 0x82,
    0x0, 0xe, 0x88, 0x6, 0xa9, 0x10, 0xf, 0xe4,
    0xf3, 0x0, 0xf3, 0x74, 0xa9, 0x0, 0x4, 0xdf,
    0x2c, 0x40, 0x20,

    /* U+00EB "ë" */
    0x0, 0xc7, 0xc, 0x1, 0xc5, 0xe, 0x20, 0x1f,
    0x26, 0x3c, 0xc8, 0x2, 0x1c, 0x78, 0xd0, 0xf,
    0xb4, 0x2, 0x70, 0x9, 0x4, 0x0, 0x64, 0x1,
    0xee, 0x0, 0x88, 0x2, 0x60, 0xc, 0x40, 0x1e,
    0x75, 0x3, 0xe0, 0x8, 0xe0, 0x45, 0x60, 0x1f,
    0xab, 0xf0, 0x80, 0x33, 0xf7, 0x10, 0x3, 0xff,
    0xf2, 0x2f, 0x7d, 0xfe, 0xda, 0x50, 0xf, 0xf3,
    0xf4, 0x20, 0x80, 0x9, 0x6b, 0x90, 0x3, 0xea,
    0x80, 0xf, 0xe1, 0xb7, 0x0, 0xe9, 0x50, 0x9,
    0xaf, 0x72, 0x90, 0x2, 0x85, 0x0, 0x91, 0x80,
    0x5, 0xb2, 0x84, 0x6b, 0x74, 0x1, 0x58, 0x5,
    0x20, 0x1, 0xc2, 0x0, 0xf2, 0xc8, 0x0, 0x5c,
    0xc, 0x80, 0x16, 0x20, 0x1f, 0x98, 0x80, 0x16,
    0x16, 0x1, 0x28, 0x7, 0xf9, 0x40, 0x6, 0x26,
    0x0, 0x40, 0xf, 0xfb, 0x40, 0x22, 0x50, 0x2,
    0x7f, 0xff, 0xd4, 0x1, 0x38, 0x80, 0x7f, 0xf1,
    0x84, 0x3, 0xff, 0x90, 0x20, 0x5, 0xff, 0xff,
    0xe1, 0xa9, 0x0, 0x18, 0x3, 0xff, 0x88, 0x80,
    0x3, 0x10, 0xf, 0xfe, 0x1e, 0x0, 0x4e, 0x1,
    0xfe, 0x22, 0x0, 0x48, 0x40, 0x9, 0x20, 0xf,
    0xef, 0xde, 0x90, 0x4, 0x0, 0x5e, 0x60, 0x1f,
    0x51, 0x0, 0x80, 0x4a, 0xc0, 0x2, 0xca, 0x53,
    0x23, 0x7d, 0x50, 0x0, 0xc0, 0x5, 0x2a, 0x1,
    0x2d, 0x66, 0xe4, 0x10, 0x0, 0x74, 0x40, 0x35,
    0x48, 0x80, 0x7f, 0x27, 0x98, 0x7, 0x9b, 0xa5,
    0x48, 0x0, 0x26, 0xf9, 0x62, 0x1, 0x0,

    /* U+00EC "ì" */
    0x1e, 0xff, 0x68, 0x4, 0x34, 0x0, 0x25, 0x0,
    0x91, 0x40, 0x10, 0x1, 0xac, 0x40, 0x94, 0x2,
    0x1b, 0x0, 0x48, 0x6, 0x57, 0x47, 0x20, 0xd,
    0x17, 0x62, 0x0, 0xff, 0xe0, 0x77, 0xfa, 0x40,
    0x3f, 0xff, 0xe0, 0x1f, 0xff, 0xf0, 0xf, 0xfe,
    0x30,

    /* U+00ED "í" */
    0x0, 0x9e, 0x20, 0xc0, 0x6, 0x87, 0x71, 0x80,
    0x2c, 0x0, 0x8a, 0x8, 0x40, 0x9, 0x0, 0x40,
    0x2, 0x8, 0xc, 0xc0, 0x6e, 0x0, 0x77, 0xb8,
    0x2, 0x48, 0x81, 0x0, 0x7f, 0xbb, 0xfd, 0x20,
    0x1f, 0xff, 0xf0, 0xf, 0xff, 0xf8,

    /* U+00EE "î" */
    0x0, 0xe7, 0x88, 0x28, 0x7, 0xf5, 0x43, 0xba,
    0x94, 0x3, 0xe8, 0x50, 0x20, 0x5, 0x18, 0x7,
    0x33, 0x80, 0xfd, 0x0, 0x34, 0x80, 0x24, 0x90,
    0x5, 0x12, 0xb8, 0xf, 0x80, 0xa, 0xc0, 0x10,
    0x80, 0x8, 0x40, 0x2b, 0x2, 0xff, 0x9c, 0x3,
    0x5f, 0xfa, 0xc0, 0x3f, 0xfa, 0xdd, 0xfe, 0x90,
    0xf, 0xff, 0xf8, 0x7, 0xff, 0xfc, 0x3, 0xff,
    0xfe, 0x1, 0xff, 0xfe,

    /* U+00EF "ï" */
    0x9, 0xfd, 0x30, 0xc, 0xdd, 0xc5, 0x5, 0x60,
    0x2e, 0x0, 0x8a, 0x44, 0x54, 0x3a, 0x1, 0x10,
    0x4, 0xc0, 0x18, 0xac, 0x2, 0x50, 0x9, 0x4,
    0x0, 0x46, 0x6c, 0x78, 0xa0, 0xd, 0xee, 0xec,
    0x0, 0x1c, 0x38, 0x7, 0xc, 0x40, 0x40, 0x3f,
    0xfa, 0xdd, 0xfe, 0x90, 0xf, 0xff, 0xf8, 0x7,
    0xff, 0xfc, 0x3, 0xff, 0xfe, 0x1, 0xff, 0xfe,

    /* U+00F0 "ð" */
    0x0, 0xff, 0xe6, 0xce, 0xa8, 0x7, 0xff, 0x10,
    0xd8, 0xaa, 0xc4, 0x3, 0x3f, 0x18, 0x7, 0xe3,
    0x0, 0x27, 0xa0, 0xc7, 0x40, 0xc8, 0x7, 0xc7,
    0x94, 0x20, 0x37, 0xce, 0x20, 0xb0, 0x1, 0xfc,
    0xba, 0x1, 0xcd, 0xb4, 0x40, 0x1f, 0x8a, 0x70,
    0x3, 0xb8, 0x80, 0x3f, 0xa3, 0x58, 0x0, 0xee,
    0x0, 0x42, 0x80, 0x7f, 0x70, 0xc, 0x74, 0x41,
    0xc0, 0x14, 0x40, 0x1f, 0x9a, 0x79, 0xc4, 0x1,
    0xa, 0x0, 0xe0, 0xf, 0xe6, 0x0, 0xf5, 0x88,
    0x1b, 0x80, 0x7e, 0x28, 0xcd, 0xca, 0x51, 0xa0,
    0x4, 0x0, 0x7d, 0x3a, 0xe6, 0x46, 0xb5, 0x8c,
    0x80, 0x7, 0x0, 0xc3, 0xac, 0x1, 0xf1, 0xe6,
    0x80, 0x24, 0x3, 0x69, 0x0, 0xa, 0x7b, 0xfa,
    0xd0, 0x6c, 0x40, 0x50, 0x0, 0xe6, 0x0, 0x3d,
    0x61, 0x1, 0x4b, 0x72, 0x10, 0x6, 0x80, 0x24,
    0x0, 0x3a, 0x1, 0xf4, 0x28, 0x4, 0xa0, 0xa2,
    0x0, 0x81, 0x0, 0xfd, 0x0, 0x11, 0x87, 0x80,
    0x4c, 0x1, 0xfc, 0x48, 0x1, 0x13, 0x80, 0xc,
    0x3, 0xfe, 0xd0, 0x8, 0x4c, 0x0, 0xc0, 0x1f,
    0xf1, 0x0, 0x61, 0x0, 0x18, 0x7, 0xfc, 0xc0,
    0x18, 0x40, 0x6, 0x1, 0xff, 0x8, 0x4, 0x26,
    0x0, 0x60, 0xf, 0xf9, 0x80, 0x22, 0x70, 0x1,
    0x80, 0x7f, 0xd8, 0x0, 0x20, 0xf0, 0x9, 0x80,
    0x3f, 0xce, 0x0, 0x40, 0x50, 0xa, 0x0, 0x3f,
    0xa0, 0x40, 0x14, 0x0, 0x90, 0x0, 0xe0, 0x7,
    0xce, 0xe0, 0x2, 0x18, 0x1, 0x90, 0x0, 0x7c,
    0xe6, 0x46, 0xb9, 0x0, 0x1, 0x90, 0xd, 0x46,
    0x0, 0x18, 0xcd, 0xca, 0x30, 0xb, 0x48, 0x3,
    0xe, 0x30, 0x7, 0xf1, 0xe9, 0x80, 0x7d, 0x3a,
    0xe6, 0x20, 0x2, 0x6b, 0xc2, 0x0, 0xc0,

    /* U+00F1 "ñ" */
    0x0, 0xcd, 0xbf, 0xb2, 0x82, 0x7f, 0xe6, 0x0,
    0xf2, 0xc9, 0x1, 0x35, 0xf6, 0x0, 0x10, 0x3,
    0xdc, 0x0, 0x65, 0x10, 0xc, 0xe4, 0x1, 0xed,
    0x8a, 0x9a, 0xec, 0x99, 0x64, 0x0, 0x7c, 0xce,
    0xa0, 0x11, 0xb3, 0xc, 0x3, 0xff, 0xbb, 0xdf,
    0xe7, 0x0, 0x14, 0xef, 0xfb, 0x69, 0x0, 0x3f,
    0xa3, 0x58, 0x80, 0x4, 0xb7, 0x61, 0x0, 0xf4,
    0x38, 0x7, 0xe4, 0xd0, 0xe, 0xd7, 0x3, 0x9c,
    0xda, 0x50, 0x8, 0xdc, 0x3, 0x28, 0x46, 0x31,
    0x92, 0xd4, 0x80, 0x52, 0x1, 0xcc, 0xe0, 0x1e,
    0x65, 0x0, 0x9, 0x80, 0x68, 0x0, 0xfd, 0xc0,
    0x12, 0x80, 0x46, 0x20, 0x1f, 0x90, 0x2, 0x10,
    0x9, 0x80, 0x3f, 0xf8, 0x3e, 0x1, 0x18, 0x7,
    0xff, 0xfc, 0x3, 0xff, 0xfe, 0x1, 0xff, 0xff,
    0x0, 0xe0,

    /* U+00F2 "ò" */
    0x0, 0xea, 0xbb, 0x50, 0x7, 0xff, 0x13, 0x11,
    0xa, 0xa0, 0xf, 0xfe, 0x1b, 0x20, 0x2, 0x40,
    0x3f, 0xf8, 0x94, 0x0, 0x34, 0x0, 0xff, 0xe1,
    0x8c, 0x80, 0x20, 0x3, 0xff, 0x88, 0xc8, 0x6,
    0x60, 0xf, 0xfe, 0x25, 0xff, 0x8c, 0x3, 0xff,
    0xd2, 0x2d, 0x7d, 0xfe, 0xeb, 0x60, 0xf, 0xf3,
    0x74, 0xa0, 0x80, 0x5, 0x27, 0x98, 0x3, 0xea,
    0x90, 0xf, 0xe1, 0x9a, 0x0, 0xe9, 0x50, 0x9,
    0xaf, 0x75, 0x6c, 0x1, 0x2c, 0x80, 0x48, 0xc0,
    0x1, 0xc9, 0x42, 0x22, 0x4e, 0x0, 0x4c, 0x80,
    0x9, 0x0, 0xb4, 0xc0, 0x3c, 0x78, 0x1, 0x48,
    0x19, 0x0, 0x18, 0xc0, 0x3f, 0x1a, 0x80, 0x8,
    0xec, 0x2, 0xb0, 0xf, 0xf4, 0x0, 0x56, 0x80,
    0x1, 0x20, 0xf, 0xf1, 0x8, 0x0, 0xc8, 0x0,
    0xa0, 0x1f, 0xfc, 0x5, 0x0, 0x30, 0x80, 0x4,
    0x3, 0xff, 0x80, 0x20, 0x3, 0x0, 0xff, 0xe4,
    0x8, 0x0, 0x40, 0x3f, 0xf8, 0x2, 0x0, 0x32,
    0x0, 0x28, 0x7, 0xff, 0x1, 0x40, 0xc, 0x80,
    0x1, 0x20, 0xf, 0xf1, 0x8, 0x0, 0xec, 0x2,
    0xb0, 0xf, 0xf5, 0x80, 0x56, 0x64, 0x0, 0x63,
    0x0, 0xfc, 0x6c, 0x0, 0x23, 0x9, 0x0, 0xb4,
    0xc0, 0x3c, 0x7a, 0x1, 0x48, 0x1, 0x18, 0x0,
    0x39, 0x28, 0x44, 0x49, 0xc1, 0x0, 0x32, 0x0,
    0x52, 0xa0, 0x13, 0x5e, 0xea, 0xd8, 0x2, 0x59,
    0x0, 0xea, 0x80, 0xf, 0xe1, 0x9a, 0x0, 0xf9,
    0xfa, 0x50, 0x40, 0x2, 0x93, 0xec, 0x1, 0x80,

    /* U+00F3 "ó" */
    0x0, 0xff, 0xf, 0xfd, 0x80, 0x1f, 0xfc, 0x39,
    0x0, 0xb8, 0x3, 0xff, 0x86, 0xc0, 0x7, 0x20,
    0xf, 0xfe, 0x13, 0x8, 0x14, 0x0, 0x7f, 0xf0,
    0xec, 0x1, 0xc0, 0x1f, 0xfc, 0x35, 0x20, 0x63,
    0x0, 0xff, 0xe1, 0xaf, 0xfa, 0x40, 0x3f, 0xfd,
    0x22, 0xd7, 0xdf, 0xee, 0xb6, 0x0, 0xff, 0x37,
    0x4a, 0x8, 0x0, 0x52, 0x79, 0x80, 0x3e, 0xa9,
    0x0, 0xfe, 0x19, 0xa0, 0xe, 0x95, 0x0, 0x9a,
    0xf7, 0x56, 0xc0, 0x12, 0xc8, 0x4, 0x8c, 0x0,
    0x1c, 0x94, 0x22, 0x24, 0xe0, 0x4, 0xc8, 0x0,
    0x90, 0xb, 0x4c, 0x3, 0xc7, 0x80, 0x14, 0x81,
    0x90, 0x1, 0x8c, 0x3, 0xf1, 0xa8, 0x0, 0x8e,
    0xc0, 0x2b, 0x0, 0xff, 0x40, 0x5, 0x68, 0x0,
    0x12, 0x0, 0xff, 0x10, 0x80, 0xc, 0x80, 0xa,
    0x1, 0xff, 0xc0, 0x50, 0x3, 0x8, 0x0, 0x40,
    0x3f, 0xf8, 0x2, 0x0, 0x30, 0xf, 0xfe, 0x40,
    0x80, 0x4, 0x3, 0xff, 0x80, 0x20, 0x3, 0x20,
    0x2, 0x80, 0x7f, 0xf0, 0x14, 0x0, 0xc8, 0x0,
    0x12, 0x0, 0xff, 0x10, 0x80, 0xe, 0xc0, 0x2b,
    0x0, 0xff, 0x58, 0x5, 0x66, 0x40, 0x6, 0x30,
    0xf, 0xc6, 0xc0, 0x2, 0x30, 0x90, 0xb, 0x4c,
    0x3, 0xc7, 0xa0, 0x14, 0x80, 0x11, 0x80, 0x3,
    0x92, 0x84, 0x44, 0x9c, 0x10, 0x3, 0x20, 0x5,
    0x2a, 0x1, 0x35, 0xee, 0xad, 0x80, 0x25, 0x90,
    0xe, 0xa8, 0x0, 0xfe, 0x19, 0xa0, 0xf, 0x9f,
    0xa5, 0x4, 0x0, 0x29, 0x3e, 0xc0, 0x18,

    /* U+00F4 "ô" */
    0x0, 0xf8, 0xbf, 0xee, 0x20, 0xf, 0xfe, 0x8,
    0xe0, 0x4, 0x3e, 0x1, 0xff, 0xc1, 0xd1, 0x6,
    0x50, 0x2b, 0x0, 0xff, 0xac, 0xc0, 0xe6, 0x8c,
    0x12, 0x40, 0x3f, 0xa5, 0x0, 0x74, 0x1, 0xc2,
    0xc, 0xc0, 0xf, 0x84, 0x4e, 0xec, 0x10, 0x1,
    0x6b, 0xb8, 0x40, 0x3e, 0x18, 0x88, 0x80, 0x31,
    0xc4, 0x1c, 0x3, 0xff, 0xca, 0x2d, 0x7d, 0xfe,
    0xeb, 0x60, 0xf, 0xf3, 0x74, 0xa0, 0x80, 0x5,
    0x27, 0x98, 0x3, 0xea, 0x90, 0xf, 0xe1, 0x9a,
    0x0, 0xe9, 0x50, 0x9, 0xaf, 0x75, 0x6c, 0x1,
    0x2c, 0x80, 0x48, 0xc0, 0x1, 0xc9, 0x42, 0x22,
    0x4e, 0x0, 0x4c, 0x80, 0x9, 0x0, 0xb4, 0xc0,
    0x3c, 0x78, 0x1, 0x48, 0x19, 0x0, 0x18, 0xc0,
    0x3f, 0x1a, 0x80, 0x8, 0xec, 0x2, 0xb0, 0xf,
    0xf4, 0x0, 0x56, 0x80, 0x1, 0x20, 0xf, 0xf1,
    0x8, 0x0, 0xc8, 0x0, 0xa0, 0x1f, 0xfc, 0x5,
    0x0, 0x30, 0x80, 0x4, 0x3, 0xff, 0x80, 0x20,
    0x3, 0x0, 0xff, 0xe4, 0x8, 0x0, 0x40, 0x3f,
    0xf8, 0x2, 0x0, 0x32, 0x0, 0x28, 0x7, 0xff,
    0x1, 0x40, 0xc, 0x80, 0x1, 0x20, 0xf, 0xf1,
    0x8, 0x0, 0xec, 0x2, 0xb0, 0xf, 0xf5, 0x80,
    0x56, 0x64, 0x0, 0x63, 0x0, 0xfc, 0x6c, 0x0,
    0x23, 0x9, 0x0, 0xb4, 0xc0, 0x3c, 0x7a, 0x1,
    0x48, 0x1, 0x18, 0x0, 0x39, 0x28, 0x44, 0x49,
    0xc1, 0x0, 0x32, 0x0, 0x52, 0xa0, 0x13, 0x5e,
    0xea, 0xd8, 0x2, 0x59, 0x0, 0xea, 0x80, 0xf,
    0xe1, 0x9a, 0x0, 0xf9, 0xfa, 0x50, 0x40, 0x2,
    0x93, 0xec, 0x1, 0x80,

    /* U+00F5 "õ" */
    0x0, 0xe6, 0xdf, 0xec, 0xa8, 0x87, 0xfa, 0x0,
    0x3f, 0x24, 0x90, 0x9, 0xab, 0xb8, 0x1, 0x60,
    0x1f, 0xb4, 0x0, 0xcc, 0x42, 0x0, 0x15, 0x18,
    0x7, 0xe9, 0xff, 0x4c, 0xaf, 0x7f, 0xda, 0xa0,
    0x1f, 0xff, 0xa1, 0x6b, 0xef, 0xf7, 0x5b, 0x0,
    0x7f, 0x9b, 0xa5, 0x4, 0x0, 0x29, 0x3c, 0xc0,
    0x1f, 0x54, 0x80, 0x7f, 0xc, 0xd0, 0x7, 0x4a,
    0x80, 0x4d, 0x7b, 0xab, 0x60, 0x9, 0x64, 0x2,
    0x46, 0x0, 0xe, 0x4a, 0x11, 0x12, 0x70, 0x2,
    0x64, 0x0, 0x48, 0x5, 0xa6, 0x1, 0xe3, 0xc0,
    0xa, 0x40, 0xc8, 0x0, 0xc6, 0x1, 0xf8, 0xd4,
    0x0, 0x47, 0x60, 0x15, 0x80, 0x7f, 0xa0, 0x2,
    0xb4, 0x0, 0x9, 0x0, 0x7f, 0x88, 0x40, 0x6,
    0x40, 0x5, 0x0, 0xff, 0xe0, 0x28, 0x1, 0x84,
    0x0, 0x20, 0x1f, 0xfc, 0x1, 0x0, 0x18, 0x7,
    0xff, 0x20, 0x40, 0x2, 0x1, 0xff, 0xc0, 0x10,
    0x1, 0x90, 0x1, 0x40, 0x3f, 0xf8, 0xa, 0x0,
    0x64, 0x0, 0x9, 0x0, 0x7f, 0x88, 0x40, 0x7,
    0x60, 0x15, 0x80, 0x7f, 0xac, 0x2, 0xb3, 0x20,
    0x3, 0x18, 0x7, 0xe3, 0x60, 0x1, 0x18, 0x48,
    0x5, 0xa6, 0x1, 0xe3, 0xd0, 0xa, 0x40, 0x8,
    0xc0, 0x1, 0xc9, 0x42, 0x22, 0x4e, 0x8, 0x1,
    0x90, 0x2, 0x95, 0x0, 0x9a, 0xf7, 0x56, 0xc0,
    0x12, 0xc8, 0x7, 0x54, 0x0, 0x7f, 0xc, 0xd0,
    0x7, 0xcf, 0xd2, 0x82, 0x0, 0x14, 0x9f, 0x60,
    0xc,

    /* U+00F6 "ö" */
    0x0, 0xc5, 0xe, 0x1, 0xc2, 0xf0, 0x40, 0x1f,
    0xe, 0xbc, 0x60, 0x6, 0xc8, 0x7c, 0x10, 0xf,
    0x38, 0x4, 0x62, 0x0, 0x22, 0x0, 0x5, 0x0,
    0x3c, 0x40, 0x18, 0x40, 0x6, 0x1, 0x98, 0x3,
    0xc9, 0x2, 0x56, 0x1, 0xd, 0x8, 0xa0, 0xc0,
    0x3e, 0x7e, 0xd4, 0x0, 0xcb, 0xdc, 0x70, 0xf,
    0xff, 0xc8, 0xb5, 0xf7, 0xfb, 0xad, 0x80, 0x3f,
    0xcd, 0xd2, 0x82, 0x0, 0x14, 0x9e, 0x60, 0xf,
    0xaa, 0x40, 0x3f, 0x86, 0x68, 0x3, 0xa5, 0x40,
    0x26, 0xbd, 0xd5, 0xb0, 0x4, 0xb2, 0x1, 0x23,
    0x0, 0x7, 0x25, 0x8, 0x89, 0x38, 0x1, 0x32,
    0x0, 0x24, 0x2, 0xd3, 0x0, 0xf1, 0xe0, 0x5,
    0x20, 0x64, 0x0, 0x63, 0x0, 0xfc, 0x6a, 0x0,
    0x23, 0xb0, 0xa, 0xc0, 0x3f, 0xd0, 0x1, 0x5a,
    0x0, 0x4, 0x80, 0x3f, 0xc4, 0x20, 0x3, 0x20,
    0x2, 0x80, 0x7f, 0xf0, 0x14, 0x0, 0xc2, 0x0,
    0x10, 0xf, 0xfe, 0x0, 0x80, 0xc, 0x3, 0xff,
    0x90, 0x20, 0x1, 0x0, 0xff, 0xe0, 0x8, 0x0,
    0xc8, 0x0, 0xa0, 0x1f, 0xfc, 0x5, 0x0, 0x32,
    0x0, 0x4, 0x80, 0x3f, 0xc4, 0x20, 0x3, 0xb0,
    0xa, 0xc0, 0x3f, 0xd6, 0x1, 0x59, 0x90, 0x1,
    0x8c, 0x3, 0xf1, 0xb0, 0x0, 0x8c, 0x24, 0x2,
    0xd3, 0x0, 0xf1, 0xe8, 0x5, 0x20, 0x4, 0x60,
    0x0, 0xe4, 0xa1, 0x11, 0x27, 0x4, 0x0, 0xc8,
    0x1, 0x4a, 0x80, 0x4d, 0x7b, 0xab, 0x60, 0x9,
    0x64, 0x3, 0xaa, 0x0, 0x3f, 0x86, 0x68, 0x3,
    0xe7, 0xe9, 0x41, 0x0, 0xa, 0x4f, 0xb0, 0x6,

    /* U+00F7 "÷" */
    0x0, 0xf9, 0x37, 0xa4, 0x3, 0xff, 0x84, 0x36,
    0x42, 0xd0, 0x1, 0xff, 0xc1, 0x40, 0xc, 0x60,
    0x1f, 0xfc, 0x17, 0x0, 0xc4, 0x1, 0xff, 0xc1,
    0x29, 0x0, 0x1c, 0x0, 0x7f, 0xf0, 0x9b, 0xfb,
    0x4, 0x3, 0xff, 0x88, 0x20, 0x1f, 0xfd, 0xe,
    0xff, 0xff, 0xe2, 0xb0, 0x7, 0xff, 0x6a, 0xab,
    0xff, 0x8c, 0x88, 0x55, 0xff, 0xe2, 0x90, 0x7,
    0xff, 0x40, 0x40, 0x3f, 0xf8, 0x8d, 0xfd, 0x62,
    0x1, 0xff, 0xc1, 0x29, 0x0, 0x24, 0x0, 0x7f,
    0xf0, 0x5c, 0x3, 0x10, 0x7, 0xff, 0x5, 0x0,
    0x31, 0x80, 0x7f, 0xf0, 0x46, 0xc8, 0x1a, 0x0,
    0x3e,

    /* U+00F8 "ø" */
    0x0, 0xff, 0xe3, 0xa8, 0x7, 0xe1, 0x6b, 0xef,
    0xf7, 0x5b, 0x0, 0x57, 0x50, 0x1, 0xe6, 0xe9,
    0x41, 0x0, 0xa, 0x4f, 0x34, 0xa0, 0x30, 0x80,
    0x6a, 0x90, 0xf, 0xe1, 0x96, 0x0, 0x68, 0x80,
    0x52, 0xa0, 0x13, 0x5e, 0xea, 0xd8, 0x3, 0xa8,
    0xc0, 0x24, 0x60, 0x0, 0xe4, 0xa1, 0x11, 0x26,
    0x40, 0x18, 0x40, 0x34, 0x80, 0x5a, 0x60, 0x1c,
    0x30, 0x1, 0xa4, 0x2, 0x32, 0x0, 0x31, 0x80,
    0x7b, 0x44, 0x3, 0x11, 0x80, 0x2c, 0x2, 0xb0,
    0xf, 0x59, 0x81, 0x60, 0x5, 0x60, 0x4, 0x0,
    0x9, 0x0, 0x74, 0x20, 0xe, 0x18, 0x80, 0xc,
    0x0, 0x40, 0x5, 0x0, 0xe6, 0x70, 0x6, 0x88,
    0x28, 0x1, 0x80, 0x2, 0x0, 0x10, 0xc, 0x92,
    0x0, 0xa3, 0x0, 0x8, 0x0, 0xc0, 0x3f, 0x8a,
    0xc0, 0x10, 0xa0, 0x1f, 0xc2, 0x0, 0x10, 0x0,
    0xe0, 0x1, 0x9c, 0x3, 0x8, 0x0, 0xc0, 0x4,
    0x0, 0x50, 0x6, 0x88, 0x24, 0x80, 0x72, 0x80,
    0x18, 0x0, 0x80, 0x1, 0x2b, 0x30, 0x2b, 0x0,
    0xe2, 0x10, 0x1, 0x80, 0x2c, 0x2, 0xd4, 0x1,
    0xc0, 0xf, 0x58, 0x5, 0x60, 0x3, 0x20, 0xe,
    0xd1, 0x0, 0xe3, 0x60, 0x1, 0x18, 0x5, 0x20,
    0x19, 0xcc, 0x3, 0x8f, 0x40, 0x29, 0x0, 0xcc,
    0x1, 0x9e, 0x50, 0x88, 0x93, 0x82, 0x0, 0x64,
    0x0, 0x87, 0x0, 0x39, 0xaf, 0x75, 0x6c, 0x1,
    0x2c, 0x80, 0x6d, 0x10, 0x48, 0x0, 0xfe, 0x19,
    0xa0, 0xc, 0x22, 0x2, 0xb7, 0xe9, 0x41, 0x0,
    0xa, 0x4f, 0xb0, 0x7, 0xe, 0xb7, 0x80, 0x5,
    0xaf, 0xbf, 0xdd, 0x6c, 0x20, 0x1e,

    /* U+00F9 "ù" */
    0x0, 0x86, 0xee, 0x80, 0xf, 0xfe, 0x8, 0x9a,
    0x21, 0xc8, 0x3, 0xff, 0x83, 0x4, 0x0, 0x80,
    0xf, 0xfe, 0x17, 0x0, 0x14, 0x80, 0x3f, 0xf8,
    0x26, 0xe0, 0xb, 0x0, 0xff, 0xe1, 0x41, 0x3,
    0x8, 0x7, 0xff, 0xb, 0x7f, 0xc2, 0x1, 0xff,
    0xdf, 0xef, 0xf4, 0x80, 0x7f, 0xbf, 0xe9, 0x0,
    0xff, 0xff, 0x80, 0x7f, 0xff, 0xc0, 0x3f, 0xff,
    0xe0, 0x1f, 0xc6, 0x0, 0x30, 0xf, 0xe2, 0x0,
    0xc2, 0x0, 0x40, 0xf, 0xe4, 0x0, 0xca, 0x0,
    0x14, 0x0, 0xfd, 0x60, 0x1b, 0x40, 0x2a, 0x20,
    0xf, 0x59, 0x0, 0x64, 0x20, 0x0, 0xec, 0x19,
    0x1b, 0xf2, 0x11, 0x0, 0x37, 0x0, 0x67, 0xcd,
    0xc8, 0x10, 0xe0, 0xe, 0x3b, 0x10, 0xf, 0x87,
    0xc, 0x3, 0xc9, 0xf0, 0x62, 0x2, 0x71, 0xc6,
    0x1, 0xc0,

    /* U+00FA "ú" */
    0x0, 0xff, 0x3c, 0x41, 0x80, 0x3f, 0xf8, 0x2f,
    0xe, 0xe2, 0x0, 0xff, 0xe0, 0xc8, 0x1, 0xd0,
    0x3, 0xff, 0x80, 0xe2, 0x5, 0x0, 0x1f, 0xfc,
    0x19, 0x0, 0x70, 0x7, 0xff, 0x5, 0xc4, 0x20,
    0xc0, 0x3f, 0xf8, 0x2f, 0xfe, 0x70, 0xf, 0xfe,
    0xff, 0x7f, 0xa4, 0x3, 0xfd, 0xff, 0x48, 0x7,
    0xff, 0xfc, 0x3, 0xff, 0xfe, 0x1, 0xff, 0xff,
    0x0, 0xfe, 0x30, 0x1, 0x80, 0x7f, 0x10, 0x6,
    0x10, 0x2, 0x0, 0x7f, 0x20, 0x6, 0x50, 0x0,
    0xa0, 0x7, 0xeb, 0x0, 0xda, 0x1, 0x51, 0x0,
    0x7a, 0xc8, 0x3, 0x21, 0x0, 0x7, 0x60, 0xc8,
    0xdf, 0x90, 0x88, 0x1, 0xb8, 0x3, 0x3e, 0x6e,
    0x40, 0x87, 0x0, 0x71, 0xd8, 0x80, 0x7c, 0x38,
    0x60, 0x1e, 0x4f, 0x83, 0x10, 0x13, 0x8e, 0x30,
    0xe,

    /* U+00FB "û" */
    0x0, 0xf9, 0xe2, 0xa, 0x1, 0xff, 0xc1, 0xb8,
    0x77, 0x52, 0x80, 0x7f, 0xd2, 0x80, 0x40, 0xa,
    0x30, 0xf, 0xe7, 0x60, 0x1c, 0x90, 0x6, 0x88,
    0x7, 0xcb, 0x0, 0xd, 0x16, 0x60, 0xe, 0x80,
    0x78, 0xe8, 0x1, 0x26, 0x0, 0x93, 0x3, 0xa0,
    0xe, 0x3f, 0xf9, 0x80, 0x36, 0x7f, 0xa8, 0x3,
    0xff, 0xb7, 0xdf, 0xe9, 0x0, 0xff, 0x7f, 0xd2,
    0x1, 0xff, 0xff, 0x0, 0xff, 0xff, 0x80, 0x7f,
    0xff, 0xc0, 0x3f, 0x8c, 0x0, 0x60, 0x1f, 0xc4,
    0x1, 0x84, 0x0, 0x80, 0x1f, 0xc8, 0x1, 0x94,
    0x0, 0x28, 0x1, 0xfa, 0xc0, 0x36, 0x80, 0x54,
    0x40, 0x1e, 0xb2, 0x0, 0xc8, 0x40, 0x1, 0xd8,
    0x32, 0x37, 0xe4, 0x22, 0x0, 0x6e, 0x0, 0xcf,
    0x9b, 0x90, 0x21, 0xc0, 0x1c, 0x76, 0x20, 0x1f,
    0xe, 0x18, 0x7, 0x93, 0xe0, 0xc4, 0x4, 0xe3,
    0x8c, 0x3, 0x80,

    /* U+00FC "ü" */
    0x0, 0xa7, 0xf0, 0xc0, 0x33, 0x77, 0x14, 0x3,
    0x99, 0x80, 0x7c, 0x1, 0x1c, 0x88, 0xa8, 0x40,
    0x37, 0x0, 0x44, 0x1, 0x30, 0x6, 0x20, 0xd,
    0x60, 0x12, 0x80, 0x48, 0x20, 0x2, 0x30, 0xc,
    0x78, 0xf3, 0x40, 0x10, 0xe3, 0xc6, 0x0, 0x78,
    0xe1, 0x80, 0x38, 0xa1, 0xc4, 0x3, 0xff, 0xb7,
    0xdf, 0xe9, 0x0, 0xff, 0x7f, 0xd2, 0x1, 0xff,
    0xff, 0x0, 0xff, 0xff, 0x80, 0x7f, 0xff, 0xc0,
    0x3f, 0x8c, 0x0, 0x60, 0x1f, 0xc4, 0x1, 0x84,
    0x0, 0x80, 0x1f, 0xc8, 0x1, 0x94, 0x0, 0x28,
    0x1, 0xfa, 0xc0, 0x36, 0x80, 0x54, 0x40, 0x1e,
    0xb2, 0x0, 0xc8, 0x40, 0x1, 0xd8, 0x32, 0x37,
    0xe4, 0x22, 0x0, 0x6e, 0x0, 0xcf, 0x9b, 0x90,
    0x21, 0xc0, 0x1c, 0x76, 0x20, 0x1f, 0xe, 0x18,
    0x7, 0x93, 0xe0, 0xc4, 0x4, 0xe3, 0x8c, 0x3,
    0x80,

    /* U+00FD "ý" */
    0x0, 0xff, 0x96, 0x22, 0x10, 0xf, 0xfe, 0x18,
    0xd3, 0xb8, 0x84, 0x3, 0xff, 0x87, 0x20, 0x1,
    0xb0, 0xf, 0xfe, 0x18, 0xb8, 0x2, 0x84, 0x3,
    0xff, 0x87, 0x20, 0x6, 0x40, 0xf, 0xfe, 0x18,
    0xb8, 0x14, 0x80, 0x7f, 0xf1, 0x7, 0xfd, 0xa0,
    0x1f, 0xfe, 0x7c, 0xff, 0x84, 0x3, 0xfe, 0x9f,
    0xf8, 0xe4, 0x2, 0x60, 0xf, 0xf9, 0xc0, 0x4,
    0x6a, 0x1, 0x58, 0x7, 0xf9, 0x44, 0x1, 0x40,
    0x6, 0x0, 0x19, 0x0, 0x7f, 0x78, 0x4, 0xc0,
    0xa, 0x0, 0xa8, 0x3, 0xf0, 0xa8, 0x1, 0x4,
    0x0, 0x64, 0x0, 0x60, 0xf, 0xce, 0x1, 0x78,
    0x6, 0xa0, 0x0, 0x98, 0x7, 0xd4, 0x0, 0x14,
    0x0, 0xcc, 0x1, 0x50, 0x7, 0x88, 0xc0, 0xc,
    0x1, 0xc2, 0x80, 0x6, 0x0, 0xf5, 0x0, 0x54,
    0x1, 0xee, 0x0, 0x94, 0x3, 0x94, 0x0, 0x64,
    0x1, 0xe5, 0x10, 0x7, 0x0, 0x63, 0x20, 0x5,
    0x0, 0x7e, 0x60, 0x2, 0x8, 0x5, 0x40, 0x13,
    0x0, 0x7e, 0xa0, 0x9, 0xc0, 0x27, 0x0, 0x28,
    0x7, 0xf1, 0x18, 0x3, 0x40, 0x8, 0x20, 0x9,
    0x0, 0xff, 0x50, 0x1, 0x4, 0x34, 0x0, 0x46,
    0x1, 0xfe, 0x70, 0x9, 0x1, 0xc0, 0x14, 0x1,
    0xff, 0xa, 0x80, 0x3c, 0xc4, 0x0, 0xc0, 0x1f,
    0xfc, 0xe, 0x0, 0x2d, 0x80, 0x10, 0x40, 0x3f,
    0xf8, 0x8, 0x20, 0x7, 0x0, 0x70, 0x7, 0xff,
    0x9, 0x80, 0x30, 0xa8, 0x7, 0xff, 0xa, 0x80,
    0x33, 0x0, 0x7f, 0xf0, 0xc8, 0xc0, 0x2a, 0x0,
    0xff, 0xe2, 0x8, 0x0, 0xc8, 0x3, 0xff, 0x86,
    0x44, 0x0, 0x50, 0x7, 0xff, 0x12, 0xc0, 0x26,
    0x0, 0xff, 0xe1, 0x93, 0x0, 0x18, 0x3, 0xff,
    0x80, 0x48, 0x6d, 0x80, 0x15, 0x80, 0x7f, 0xf0,
    0x22, 0xf2, 0x44, 0x1, 0x4, 0x1, 0xff, 0xc0,
    0x40, 0xe, 0x77, 0x0, 0x7f, 0xf0, 0x4, 0x84,
    0x5, 0x72, 0x0, 0x3f, 0xf8, 0x0,

    /* U+00FE "þ" */
    0xef, 0xf4, 0x80, 0x7f, 0xff, 0xc0, 0x3f, 0xfe,
    0xe3, 0x1b, 0xdf, 0xd6, 0xc0, 0x1f, 0xf2, 0xf3,
    0x90, 0x80, 0xa4, 0xf2, 0x0, 0x7e, 0x4a, 0x0,
    0xfc, 0x36, 0xc0, 0x1e, 0x2a, 0x0, 0x3d, 0xee,
    0xa4, 0xc0, 0x29, 0x40, 0xe, 0x41, 0x2e, 0x84,
    0x22, 0x36, 0x38, 0x5, 0x40, 0x1e, 0x1c, 0x10,
    0xf, 0x42, 0x80, 0x5, 0x80, 0x3a, 0x44, 0x3,
    0xf5, 0x80, 0x54, 0x1, 0xcc, 0x1, 0xfc, 0x2a,
    0x0, 0x31, 0x0, 0x8c, 0x40, 0x3f, 0xd8, 0x1,
    0x28, 0x4, 0xc0, 0x1f, 0xf2, 0x80, 0x44, 0x1,
    0x18, 0x7, 0xfc, 0x20, 0x10, 0x80, 0x7f, 0xf2,
    0xcc, 0x3, 0xfe, 0x10, 0x8, 0x40, 0x27, 0x0,
    0xff, 0x94, 0x2, 0x20, 0x8, 0x84, 0x3, 0xfd,
    0xa0, 0x12, 0x80, 0x69, 0x0, 0xfe, 0x24, 0x0,
    0x18, 0x80, 0x67, 0x10, 0xf, 0xd0, 0x1, 0x50,
    0x7, 0xb0, 0x40, 0x3d, 0x2a, 0x0, 0x16, 0x0,
    0xc8, 0x44, 0xe8, 0x42, 0x23, 0x63, 0x0, 0x54,
    0x1, 0xc5, 0xc0, 0x7, 0xbd, 0xd4, 0x98, 0x5,
    0x28, 0x1, 0xe3, 0xb1, 0x0, 0xf8, 0x6d, 0x80,
    0x3f, 0x27, 0xb9, 0x8, 0xa, 0x4f, 0x20, 0x7,
    0xf8, 0x63, 0x7b, 0xfa, 0xd8, 0x3, 0xff, 0xfe,
    0x1, 0xff, 0xfb,

    /* U+00FF "ÿ" */
    0x0, 0xc9, 0xbc, 0xe0, 0x18, 0xb3, 0xe8, 0x3,
    0xfa, 0xc8, 0x61, 0x0, 0x2e, 0x30, 0x57, 0x0,
    0xf8, 0x40, 0x31, 0x0, 0x44, 0x1, 0x70, 0x7,
    0xc2, 0x60, 0x13, 0x80, 0x4c, 0x1, 0x68, 0x7,
    0xec, 0x87, 0xd1, 0x0, 0xa2, 0x5e, 0xd0, 0x3,
    0xf9, 0xe0, 0x80, 0x39, 0xa1, 0x0, 0x3f, 0xfc,
    0x79, 0xff, 0x8, 0x7, 0xfd, 0x3f, 0xf1, 0xc8,
    0x4, 0xc0, 0x1f, 0xf3, 0x80, 0x8, 0xd4, 0x2,
    0xb0, 0xf, 0xf2, 0x88, 0x2, 0x80, 0xc, 0x0,
    0x32, 0x0, 0xfe, 0xf0, 0x9, 0x80, 0x14, 0x1,
    0x50, 0x7, 0xe1, 0x50, 0x2, 0x8, 0x0, 0xc8,
    0x0, 0xc0, 0x1f, 0x9c, 0x2, 0xf0, 0xd, 0x40,
    0x1, 0x30, 0xf, 0xa8, 0x0, 0x28, 0x1, 0x98,
    0x2, 0xa0, 0xf, 0x11, 0x80, 0x18, 0x3, 0x85,
    0x0, 0xc, 0x1, 0xea, 0x0, 0xa8, 0x3, 0xdc,
    0x1, 0x28, 0x7, 0x28, 0x0, 0xc8, 0x3, 0xca,
    0x20, 0xe, 0x0, 0xc6, 0x40, 0xa, 0x0, 0xfc,
    0xc0, 0x4, 0x10, 0xa, 0x80, 0x26, 0x0, 0xfd,
    0x40, 0x13, 0x80, 0x4e, 0x0, 0x50, 0xf, 0xe2,
    0x30, 0x6, 0x80, 0x10, 0x40, 0x12, 0x1, 0xfe,
    0xa0, 0x2, 0x8, 0x68, 0x0, 0x8c, 0x3, 0xfc,
    0xe0, 0x12, 0x3, 0x80, 0x28, 0x3, 0xfe, 0x15,
    0x0, 0x79, 0x88, 0x1, 0x80, 0x3f, 0xf8, 0x1c,
    0x0, 0x5b, 0x0, 0x20, 0x80, 0x7f, 0xf0, 0x10,
    0x40, 0xe, 0x0, 0xe0, 0xf, 0xfe, 0x13, 0x0,
    0x61, 0x50, 0xf, 0xfe, 0x15, 0x0, 0x66, 0x0,
    0xff, 0xe1, 0x91, 0x80, 0x54, 0x1, 0xff, 0xc4,
    0x10, 0x1, 0x90, 0x7, 0xff, 0xc, 0x88, 0x0,
    0xa0, 0xf, 0xfe, 0x25, 0x80, 0x4c, 0x1, 0xff,
    0xc3, 0x26, 0x0, 0x30, 0x7, 0xff, 0x0, 0x90,
    0xdb, 0x0, 0x2b, 0x0, 0xff, 0xe0, 0x45, 0xe4,
    0x88, 0x2, 0x8, 0x3, 0xff, 0x80, 0x80, 0x1c,
    0xee, 0x0, 0xff, 0xe0, 0x9, 0x8, 0xa, 0xe4,
    0x0, 0x7f, 0xf0, 0x0
};


/*---------------------
 *  GLYPH DESCRIPTION
 *--------------------*/

static const lv_font_fmt_txt_glyph_dsc_t glyph_dsc[] = {
    {.bitmap_index = 0, .adv_w = 0, .box_w = 0, .box_h = 0, .ofs_x = 0, .ofs_y = 0} /* id = 0 reserved */,
    {.bitmap_index = 0, .adv_w = 180, .box_w = 0, .box_h = 0, .ofs_x = 0, .ofs_y = 0},
    {.bitmap_index = 0, .adv_w = 184, .box_w = 6, .box_h = 29, .ofs_x = 3, .ofs_y = 0},
    {.bitmap_index = 50, .adv_w = 298, .box_w = 11, .box_h = 12, .ofs_x = 4, .ofs_y = 17},
    {.bitmap_index = 102, .adv_w = 405, .box_w = 25, .box_h = 29, .ofs_x = 0, .ofs_y = 0},
    {.bitmap_index = 342, .adv_w = 411, .box_w = 22, .box_h = 38, .ofs_x = 2, .ofs_y = -4},
    {.bitmap_index = 593, .adv_w = 628, .box_w = 31, .box_h = 29, .ofs_x = 4, .ofs_y = 0},
    {.bitmap_index = 915, .adv_w = 412, .box_w = 24, .box_h = 29, .ofs_x = 2, .ofs_y = 0},
    {.bitmap_index = 1177, .adv_w = 192, .box_w = 4, .box_h = 12, .ofs_x = 4, .ofs_y = 17},
    {.bitmap_index = 1200, .adv_w = 233, .box_w = 9, .box_h = 36, .ofs_x = 4, .ofs_y = -5},
    {.bitmap_index = 1334, .adv_w = 233, .box_w = 10, .box_h = 36, .ofs_x = 1, .ofs_y = -5},
    {.bitmap_index = 1468, .adv_w = 321, .box_w = 16, .box_h = 17, .ofs_x = 2, .ofs_y = 12},
    {.bitmap_index = 1581, .adv_w = 423, .box_w = 20, .box_h = 19, .ofs_x = 3, .ofs_y = 2},
    {.bitmap_index = 1620, .adv_w = 184, .box_w = 7, .box_h = 12, .ofs_x = 2, .ofs_y = -7},
    {.bitmap_index = 1660, .adv_w = 294, .box_w = 14, .box_h = 4, .ofs_x = 2, .ofs_y = 11},
    {.bitmap_index = 1672, .adv_w = 184, .box_w = 6, .box_h = 6, .ofs_x = 3, .ofs_y = 0},
    {.bitmap_index = 1690, .adv_w = 231, .box_w = 14, .box_h = 35, .ofs_x = 0, .ofs_y = -4},
    {.bitmap_index = 1844, .adv_w = 404, .box_w = 21, .box_h = 29, .ofs_x = 2, .ofs_y = 0},
    {.bitmap_index = 2061, .adv_w = 260, .box_w = 12, .box_h = 29, .ofs_x = 1, .ofs_y = 0},
    {.bitmap_index = 2112, .adv_w = 390, .box_w = 19, .box_h = 29, .ofs_x = 3, .ofs_y = 0},
    {.bitmap_index = 2293, .adv_w = 395, .box_w = 21, .box_h = 29, .ofs_x = 2, .ofs_y = 0},
    {.bitmap_index = 2505, .adv_w = 413, .box_w = 22, .box_h = 29, .ofs_x = 2, .ofs_y = 0},
    {.bitmap_index = 2647, .adv_w = 380, .box_w = 20, .box_h = 29, .ofs_x = 2, .ofs_y = 0},
    {.bitmap_index = 2844, .adv_w = 397, .box_w = 21, .box_h = 29, .ofs_x = 2, .ofs_y = 0},
    {.bitmap_index = 3079, .adv_w = 362, .box_w = 20, .box_h = 29, .ofs_x = 1, .ofs_y = 0},
    {.bitmap_index = 3241, .adv_w = 396, .box_w = 21, .box_h = 29, .ofs_x = 2, .ofs_y = 0},
    {.bitmap_index = 3478, .adv_w = 397, .box_w = 21, .box_h = 29, .ofs_x = 2, .ofs_y = 0},
    {.bitmap_index = 3710, .adv_w = 184, .box_w = 6, .box_h = 21, .ofs_x = 3, .ofs_y = 0},
    {.bitmap_index = 3748, .adv_w = 193, .box_w = 7, .box_h = 28, .ofs_x = 2, .ofs_y = -7},
    {.bitmap_index = 3811, .adv_w = 423, .box_w = 19, .box_h = 22, .ofs_x = 3, .ofs_y = 0},
    {.bitmap_index = 3948, .adv_w = 423, .box_w = 19, .box_h = 12, .ofs_x = 4, .ofs_y = 6},
    {.bitmap_index = 3978, .adv_w = 423, .box_w = 20, .box_h = 22, .ofs_x = 4, .ofs_y = 0},
    {.bitmap_index = 4120, .adv_w = 327, .box_w = 18, .box_h = 29, .ofs_x = 1, .ofs_y = 0},
    {.bitmap_index = 4284, .adv_w = 618, .box_w = 35, .box_h = 36, .ofs_x = 2, .ofs_y = -8},
    {.bitmap_index = 4733, .adv_w = 442, .box_w = 26, .box_h = 29, .ofs_x = 1, .ofs_y = 0},
    {.bitmap_index = 4972, .adv_w = 419, .box_w = 21, .box_h = 29, .ofs_x = 3, .ofs_y = 0},
    {.bitmap_index = 5141, .adv_w = 468, .box_w = 26, .box_h = 29, .ofs_x = 2, .ofs_y = 0},
    {.bitmap_index = 5374, .adv_w = 462, .box_w = 24, .box_h = 29, .ofs_x = 3, .ofs_y = 0},
    {.bitmap_index = 5549, .adv_w = 385, .box_w = 19, .box_h = 29, .ofs_x = 3, .ofs_y = 0},
    {.bitmap_index = 5609, .adv_w = 378, .box_w = 19, .box_h = 29, .ofs_x = 3, .ofs_y = 0},
    {.bitmap_index = 5658, .adv_w = 478, .box_w = 26, .box_h = 29, .ofs_x = 2, .ofs_y = 0},
    {.bitmap_index = 5898, .adv_w = 476, .box_w = 24, .box_h = 29, .ofs_x = 3, .ofs_y = 0},
    {.bitmap_index = 5948, .adv_w = 172, .box_w = 5, .box_h = 29, .ofs_x = 3, .ofs_y = 0},
    {.bitmap_index = 5957, .adv_w = 365, .box_w = 19, .box_h = 29, .ofs_x = 1, .ofs_y = 0},
    {.bitmap_index = 6050, .adv_w = 430, .box_w = 23, .box_h = 29, .ofs_x = 3, .ofs_y = 0},
    {.bitmap_index = 6245, .adv_w = 362, .box_w = 18, .box_h = 29, .ofs_x = 3, .ofs_y = 0},
    {.bitmap_index = 6279, .adv_w = 578, .box_w = 30, .box_h = 29, .ofs_x = 3, .ofs_y = 0},
    {.bitmap_index = 6533, .adv_w = 482, .box_w = 24, .box_h = 29, .ofs_x = 3, .ofs_y = 0},
    {.bitmap_index = 6697, .adv_w = 489, .box_w = 27, .box_h = 29, .ofs_x = 2, .ofs_y = 0},
    {.bitmap_index = 6961, .adv_w = 409, .box_w = 21, .box_h = 29, .ofs_x = 3, .ofs_y = 0},
    {.bitmap_index = 7088, .adv_w = 489, .box_w = 27, .box_h = 32, .ofs_x = 2, .ofs_y = -3},
    {.bitmap_index = 7385, .adv_w = 412, .box_w = 22, .box_h = 29, .ofs_x = 3, .ofs_y = 0},
    {.bitmap_index = 7557, .adv_w = 411, .box_w = 22, .box_h = 29, .ofs_x = 2, .ofs_y = 0},
    {.bitmap_index = 7787, .adv_w = 413, .box_w = 23, .box_h = 29, .ofs_x = 1, .ofs_y = 0},
    {.bitmap_index = 7833, .adv_w = 476, .box_w = 24, .box_h = 29, .ofs_x = 3, .ofs_y = 0},
    {.bitmap_index = 7950, .adv_w = 442, .box_w = 26, .box_h = 29, .ofs_x = 1, .ofs_y = 0},
    {.bitmap_index = 8198, .adv_w = 631, .box_w = 38, .box_h = 29, .ofs_x = 1, .ofs_y = 0},
    {.bitmap_index = 8601, .adv_w = 437, .box_w = 26, .box_h = 29, .ofs_x = 1, .ofs_y = 0},
    {.bitmap_index = 8856, .adv_w = 434, .box_w = 26, .box_h = 29, .ofs_x = 1, .ofs_y = 0},
    {.bitmap_index = 9020, .adv_w = 403, .box_w = 21, .box_h = 29, .ofs_x = 2, .ofs_y = 0},
    {.bitmap_index = 9181, .adv_w = 233, .box_w = 9, .box_h = 36, .ofs_x = 4, .ofs_y = -5},
    {.bitmap_index = 9211, .adv_w = 231, .box_w = 14, .box_h = 35, .ofs_x = 0, .ofs_y = -4},
    {.bitmap_index = 9364, .adv_w = 233, .box_w = 9, .box_h = 36, .ofs_x = 2, .ofs_y = -5},
    {.bitmap_index = 9390, .adv_w = 302, .box_w = 17, .box_h = 13, .ofs_x = 1, .ofs_y = 15},
    {.bitmap_index = 9478, .adv_w = 292, .box_w = 19, .box_h = 4, .ofs_x = 0, .ofs_y = -3},
    {.bitmap_index = 9489, .adv_w = 207, .box_w = 8, .box_h = 6, .ofs_x = 2, .ofs_y = 25},
    {.bitmap_index = 9510, .adv_w = 359, .box_w = 19, .box_h = 22, .ofs_x = 1, .ofs_y = 0},
    {.bitmap_index = 9670, .adv_w = 392, .box_w = 20, .box_h = 29, .ofs_x = 3, .ofs_y = 0},
    {.bitmap_index = 9831, .adv_w = 366, .box_w = 19, .box_h = 22, .ofs_x = 2, .ofs_y = 0},
    {.bitmap_index = 9980, .adv_w = 392, .box_w = 20, .box_h = 29, .ofs_x = 2, .ofs_y = 0},
    {.bitmap_index = 10142, .adv_w = 373, .box_w = 20, .box_h = 22, .ofs_x = 2, .ofs_y = 0},
    {.bitmap_index = 10301, .adv_w = 237, .box_w = 15, .box_h = 31, .ofs_x = 0, .ofs_y = 0},
    {.bitmap_index = 10372, .adv_w = 393, .box_w = 20, .box_h = 30, .ofs_x = 2, .ofs_y = -8},
    {.bitmap_index = 10590, .adv_w = 378, .box_w = 18, .box_h = 29, .ofs_x = 3, .ofs_y = 0},
    {.bitmap_index = 10672, .adv_w = 155, .box_w = 6, .box_h = 30, .ofs_x = 2, .ofs_y = 0},
    {.bitmap_index = 10701, .adv_w = 155, .box_w = 9, .box_h = 38, .ofs_x = -1, .ofs_y = -8},
    {.bitmap_index = 10760, .adv_w = 351, .box_w = 19, .box_h = 29, .ofs_x = 3, .ofs_y = 0},
    {.bitmap_index = 10902, .adv_w = 155, .box_w = 4, .box_h = 29, .ofs_x = 3, .ofs_y = 0},
    {.bitmap_index = 10911, .adv_w = 561, .box_w = 29, .box_h = 22, .ofs_x = 3, .ofs_y = 0},
    {.bitmap_index = 11030, .adv_w = 378, .box_w = 18, .box_h = 22, .ofs_x = 3, .ofs_y = 0},
    {.bitmap_index = 11105, .adv_w = 384, .box_w = 20, .box_h = 22, .ofs_x = 2, .ofs_y = 0},
    {.bitmap_index = 11273, .adv_w = 392, .box_w = 20, .box_h = 30, .ofs_x = 3, .ofs_y = -8},
    {.bitmap_index = 11439, .adv_w = 392, .box_w = 20, .box_h = 30, .ofs_x = 2, .ofs_y = -8},
    {.bitmap_index = 11604, .adv_w = 241, .box_w = 12, .box_h = 22, .ofs_x = 3, .ofs_y = 0},
    {.bitmap_index = 11649, .adv_w = 338, .box_w = 18, .box_h = 22, .ofs_x = 2, .ofs_y = 0},
    {.bitmap_index = 11808, .adv_w = 209, .box_w = 13, .box_h = 27, .ofs_x = 0, .ofs_y = 0},
    {.bitmap_index = 11863, .adv_w = 378, .box_w = 18, .box_h = 22, .ofs_x = 3, .ofs_y = 0},
    {.bitmap_index = 11936, .adv_w = 360, .box_w = 21, .box_h = 22, .ofs_x = 1, .ofs_y = 0},
    {.bitmap_index = 12104, .adv_w = 524, .box_w = 31, .box_h = 22, .ofs_x = 1, .ofs_y = 0},
    {.bitmap_index = 12377, .adv_w = 349, .box_w = 20, .box_h = 22, .ofs_x = 1, .ofs_y = 0},
    {.bitmap_index = 12548, .adv_w = 360, .box_w = 21, .box_h = 30, .ofs_x = 1, .ofs_y = -8},
    {.bitmap_index = 12767, .adv_w = 353, .box_w = 18, .box_h = 22, .ofs_x = 2, .ofs_y = 0},
    {.bitmap_index = 12873, .adv_w = 273, .box_w = 13, .box_h = 36, .ofs_x = 2, .ofs_y = -5},
    {.bitmap_index = 13000, .adv_w = 213, .box_w = 4, .box_h = 48, .ofs_x = 5, .ofs_y = -9},
    {.bitmap_index = 13014, .adv_w = 273, .box_w = 13, .box_h = 36, .ofs_x = 2, .ofs_y = -5},
    {.bitmap_index = 13138, .adv_w = 423, .box_w = 21, .box_h = 8, .ofs_x = 3, .ofs_y = 8},
    {.bitmap_index = 13207, .adv_w = 180, .box_w = 0, .box_h = 0, .ofs_x = 0, .ofs_y = 0},
    {.bitmap_index = 13207, .adv_w = 184, .box_w = 6, .box_h = 29, .ofs_x = 3, .ofs_y = -7},
    {.bitmap_index = 13256, .adv_w = 366, .box_w = 19, .box_h = 29, .ofs_x = 2, .ofs_y = 0},
    {.bitmap_index = 13426, .adv_w = 391, .box_w = 21, .box_h = 29, .ofs_x = 2, .ofs_y = 0},
    {.bitmap_index = 13596, .adv_w = 464, .box_w = 25, .box_h = 25, .ofs_x = 2, .ofs_y = 0},
    {.bitmap_index = 13832, .adv_w = 352, .box_w = 22, .box_h = 29, .ofs_x = 0, .ofs_y = 0},
    {.bitmap_index = 14010, .adv_w = 173, .box_w = 5, .box_h = 35, .ofs_x = 3, .ofs_y = -6},
    {.bitmap_index = 14030, .adv_w = 364, .box_w = 19, .box_h = 35, .ofs_x = 2, .ofs_y = -6},
    {.bitmap_index = 14296, .adv_w = 378, .box_w = 14, .box_h = 5, .ofs_x = 5, .ofs_y = 25},
    {.bitmap_index = 14329, .adv_w = 585, .box_w = 31, .box_h = 30, .ofs_x = 3, .ofs_y = 0},
    {.bitmap_index = 14707, .adv_w = 290, .box_w = 15, .box_h = 17, .ofs_x = 1, .ofs_y = 13},
    {.bitmap_index = 14821, .adv_w = 373, .box_w = 21, .box_h = 19, .ofs_x = 1, .ofs_y = 3},
    {.bitmap_index = 14991, .adv_w = 423, .box_w = 17, .box_h = 10, .ofs_x = 4, .ofs_y = 5},
    {.bitmap_index = 15014, .adv_w = 426, .box_w = 24, .box_h = 23, .ofs_x = 1, .ofs_y = 7},
    {.bitmap_index = 15245, .adv_w = 306, .box_w = 11, .box_h = 3, .ofs_x = 4, .ofs_y = 26},
    {.bitmap_index = 15254, .adv_w = 292, .box_w = 14, .box_h = 13, .ofs_x = 2, .ofs_y = 16},
    {.bitmap_index = 15338, .adv_w = 423, .box_w = 19, .box_h = 21, .ofs_x = 4, .ofs_y = 1},
    {.bitmap_index = 15394, .adv_w = 283, .box_w = 14, .box_h = 16, .ofs_x = 2, .ofs_y = 18},
    {.bitmap_index = 15485, .adv_w = 285, .box_w = 15, .box_h = 16, .ofs_x = 2, .ofs_y = 18},
    {.bitmap_index = 15592, .adv_w = 207, .box_w = 7, .box_h = 6, .ofs_x = 3, .ofs_y = 25},
    {.bitmap_index = 15614, .adv_w = 375, .box_w = 21, .box_h = 30, .ofs_x = 3, .ofs_y = -8},
    {.bitmap_index = 15708, .adv_w = 386, .box_w = 19, .box_h = 29, .ofs_x = 2, .ofs_y = 0},
    {.bitmap_index = 15805, .adv_w = 184, .box_w = 6, .box_h = 6, .ofs_x = 3, .ofs_y = 11},
    {.bitmap_index = 15823, .adv_w = 172, .box_w = 7, .box_h = 9, .ofs_x = 3, .ofs_y = -8},
    {.bitmap_index = 15853, .adv_w = 195, .box_w = 9, .box_h = 16, .ofs_x = 1, .ofs_y = 18},
    {.bitmap_index = 15882, .adv_w = 309, .box_w = 17, .box_h = 17, .ofs_x = 1, .ofs_y = 13},
    {.bitmap_index = 16006, .adv_w = 373, .box_w = 21, .box_h = 19, .ofs_x = 1, .ofs_y = 3},
    {.bitmap_index = 16178, .adv_w = 513, .box_w = 30, .box_h = 30, .ofs_x = 1, .ofs_y = -1},
    {.bitmap_index = 16436, .adv_w = 542, .box_w = 31, .box_h = 29, .ofs_x = 1, .ofs_y = 0},
    {.bitmap_index = 16711, .adv_w = 564, .box_w = 33, .box_h = 30, .ofs_x = 1, .ofs_y = -1},
    {.bitmap_index = 17035, .adv_w = 327, .box_w = 17, .box_h = 30, .ofs_x = 2, .ofs_y = -8},
    {.bitmap_index = 17197, .adv_w = 442, .box_w = 26, .box_h = 38, .ofs_x = 1, .ofs_y = 0},
    {.bitmap_index = 17475, .adv_w = 442, .box_w = 26, .box_h = 38, .ofs_x = 1, .ofs_y = 0},
    {.bitmap_index = 17754, .adv_w = 442, .box_w = 26, .box_h = 38, .ofs_x = 1, .ofs_y = 0},
    {.bitmap_index = 18047, .adv_w = 442, .box_w = 26, .box_h = 37, .ofs_x = 1, .ofs_y = 0},
    {.bitmap_index = 18337, .adv_w = 442, .box_w = 26, .box_h = 37, .ofs_x = 1, .ofs_y = 0},
    {.bitmap_index = 18630, .adv_w = 442, .box_w = 26, .box_h = 40, .ofs_x = 1, .ofs_y = 0},
    {.bitmap_index = 18952, .adv_w = 636, .box_w = 37, .box_h = 29, .ofs_x = 1, .ofs_y = 0},
    {.bitmap_index = 19156, .adv_w = 468, .box_w = 26, .box_h = 37, .ofs_x = 2, .ofs_y = -8},
    {.bitmap_index = 19439, .adv_w = 385, .box_w = 19, .box_h = 38, .ofs_x = 3, .ofs_y = 0},
    {.bitmap_index = 19539, .adv_w = 385, .box_w = 19, .box_h = 38, .ofs_x = 3, .ofs_y = 0},
    {.bitmap_index = 19640, .adv_w = 385, .box_w = 19, .box_h = 38, .ofs_x = 3, .ofs_y = 0},
    {.bitmap_index = 19750, .adv_w = 385, .box_w = 19, .box_h = 37, .ofs_x = 3, .ofs_y = 0},
    {.bitmap_index = 19856, .adv_w = 172, .box_w = 8, .box_h = 38, .ofs_x = 0, .ofs_y = 0},
    {.bitmap_index = 19897, .adv_w = 172, .box_w = 8, .box_h = 38, .ofs_x = 3, .ofs_y = 0},
    {.bitmap_index = 19939, .adv_w = 172, .box_w = 13, .box_h = 38, .ofs_x = -1, .ofs_y = 0},
    {.bitmap_index = 20001, .adv_w = 172, .box_w = 14, .box_h = 37, .ofs_x = -2, .ofs_y = 0},
    {.bitmap_index = 20064, .adv_w = 470, .box_w = 28, .box_h = 29, .ofs_x = 0, .ofs_y = 0},
    {.bitmap_index = 20251, .adv_w = 482, .box_w = 24, .box_h = 37, .ofs_x = 3, .ofs_y = 0},
    {.bitmap_index = 20468, .adv_w = 489, .box_w = 27, .box_h = 38, .ofs_x = 2, .ofs_y = 0},
    {.bitmap_index = 20770, .adv_w = 489, .box_w = 27, .box_h = 38, .ofs_x = 2, .ofs_y = 0},
    {.bitmap_index = 21074, .adv_w = 489, .box_w = 27, .box_h = 38, .ofs_x = 2, .ofs_y = 0},
    {.bitmap_index = 21393, .adv_w = 489, .box_w = 27, .box_h = 38, .ofs_x = 2, .ofs_y = 0},
    {.bitmap_index = 21712, .adv_w = 489, .box_w = 27, .box_h = 38, .ofs_x = 2, .ofs_y = 0},
    {.bitmap_index = 22031, .adv_w = 423, .box_w = 19, .box_h = 19, .ofs_x = 4, .ofs_y = 2},
    {.bitmap_index = 22170, .adv_w = 489, .box_w = 27, .box_h = 31, .ofs_x = 2, .ofs_y = -1},
    {.bitmap_index = 22490, .adv_w = 476, .box_w = 24, .box_h = 38, .ofs_x = 3, .ofs_y = 0},
    {.bitmap_index = 22647, .adv_w = 476, .box_w = 24, .box_h = 38, .ofs_x = 3, .ofs_y = 0},
    {.bitmap_index = 22806, .adv_w = 476, .box_w = 24, .box_h = 38, .ofs_x = 3, .ofs_y = 0},
    {.bitmap_index = 22979, .adv_w = 476, .box_w = 24, .box_h = 38, .ofs_x = 3, .ofs_y = 0},
    {.bitmap_index = 23149, .adv_w = 434, .box_w = 26, .box_h = 38, .ofs_x = 1, .ofs_y = 0},
    {.bitmap_index = 23355, .adv_w = 407, .box_w = 20, .box_h = 29, .ofs_x = 3, .ofs_y = 0},
    {.bitmap_index = 23474, .adv_w = 394, .box_w = 20, .box_h = 29, .ofs_x = 3, .ofs_y = 0},
    {.bitmap_index = 23653, .adv_w = 359, .box_w = 19, .box_h = 31, .ofs_x = 1, .ofs_y = 0},
    {.bitmap_index = 23852, .adv_w = 359, .box_w = 19, .box_h = 31, .ofs_x = 1, .ofs_y = 0},
    {.bitmap_index = 24051, .adv_w = 359, .box_w = 19, .box_h = 31, .ofs_x = 1, .ofs_y = 0},
    {.bitmap_index = 24261, .adv_w = 359, .box_w = 19, .box_h = 29, .ofs_x = 1, .ofs_y = 0},
    {.bitmap_index = 24453, .adv_w = 359, .box_w = 19, .box_h = 31, .ofs_x = 1, .ofs_y = 0},
    {.bitmap_index = 24660, .adv_w = 359, .box_w = 19, .box_h = 34, .ofs_x = 1, .ofs_y = 0},
    {.bitmap_index = 24900, .adv_w = 587, .box_w = 34, .box_h = 22, .ofs_x = 1, .ofs_y = 0},
    {.bitmap_index = 25170, .adv_w = 366, .box_w = 19, .box_h = 30, .ofs_x = 2, .ofs_y = -8},
    {.bitmap_index = 25370, .adv_w = 373, .box_w = 20, .box_h = 31, .ofs_x = 2, .ofs_y = 0},
    {.bitmap_index = 25569, .adv_w = 373, .box_w = 20, .box_h = 31, .ofs_x = 2, .ofs_y = 0},
    {.bitmap_index = 25768, .adv_w = 373, .box_w = 20, .box_h = 31, .ofs_x = 2, .ofs_y = 0},
    {.bitmap_index = 25979, .adv_w = 373, .box_w = 20, .box_h = 31, .ofs_x = 2, .ofs_y = 0},
    {.bitmap_index = 26186, .adv_w = 155, .box_w = 8, .box_h = 30, .ofs_x = -1, .ofs_y = 0},
    {.bitmap_index = 26227, .adv_w = 155, .box_w = 7, .box_h = 31, .ofs_x = 3, .ofs_y = 0},
    {.bitmap_index = 26265, .adv_w = 155, .box_w = 14, .box_h = 31, .ofs_x = -2, .ofs_y = 0},
    {.bitmap_index = 26325, .adv_w = 155, .box_w = 14, .box_h = 30, .ofs_x = -2, .ofs_y = 0},
    {.bitmap_index = 26381, .adv_w = 373, .box_w = 20, .box_h = 32, .ofs_x = 2, .ofs_y = 0},
    {.bitmap_index = 26620, .adv_w = 378, .box_w = 18, .box_h = 29, .ofs_x = 3, .ofs_y = 0},
    {.bitmap_index = 26734, .adv_w = 384, .box_w = 20, .box_h = 31, .ofs_x = 2, .ofs_y = 0},
    {.bitmap_index = 26942, .adv_w = 384, .box_w = 20, .box_h = 31, .ofs_x = 2, .ofs_y = 0},
    {.bitmap_index = 27149, .adv_w = 384, .box_w = 20, .box_h = 31, .ofs_x = 2, .ofs_y = 0},
    {.bitmap_index = 27369, .adv_w = 384, .box_w = 20, .box_h = 29, .ofs_x = 2, .ofs_y = 0},
    {.bitmap_index = 27570, .adv_w = 384, .box_w = 20, .box_h = 31, .ofs_x = 2, .ofs_y = 0},
    {.bitmap_index = 27786, .adv_w = 423, .box_w = 19, .box_h = 20, .ofs_x = 4, .ofs_y = 2},
    {.bitmap_index = 27875, .adv_w = 384, .box_w = 22, .box_h = 24, .ofs_x = 1, .ofs_y = -1},
    {.bitmap_index = 28097, .adv_w = 378, .box_w = 18, .box_h = 31, .ofs_x = 3, .ofs_y = 0},
    {.bitmap_index = 28211, .adv_w = 378, .box_w = 18, .box_h = 31, .ofs_x = 3, .ofs_y = 0},
    {.bitmap_index = 28324, .adv_w = 378, .box_w = 18, .box_h = 31, .ofs_x = 3, .ofs_y = 0},
    {.bitmap_index = 28447, .adv_w = 378, .box_w = 18, .box_h = 30, .ofs_x = 3, .ofs_y = 0},
    {.bitmap_index = 28568, .adv_w = 360, .box_w = 21, .box_h = 39, .ofs_x = 1, .ofs_y = -8},
    {.bitmap_index = 28830, .adv_w = 392, .box_w = 20, .box_h = 37, .ofs_x = 3, .ofs_y = -8},
    {.bitmap_index = 29001, .adv_w = 360, .box_w = 21, .box_h = 38, .ofs_x = 1, .ofs_y = -8}
};

/*---------------------
 *  CHARACTER MAPPING
 *--------------------*/



/*Collect the unicode lists and glyph_id offsets*/
static const lv_font_fmt_txt_cmap_t cmaps[] =
{
    {
        .range_start = 32, .range_length = 95, .glyph_id_start = 1,
        .unicode_list = NULL, .glyph_id_ofs_list = NULL, .list_length = 0, .type = LV_FONT_FMT_TXT_CMAP_FORMAT0_TINY
    },
    {
        .range_start = 160, .range_length = 13, .glyph_id_start = 96,
        .unicode_list = NULL, .glyph_id_ofs_list = NULL, .list_length = 0, .type = LV_FONT_FMT_TXT_CMAP_FORMAT0_TINY
    },
    {
        .range_start = 174, .range_length = 82, .glyph_id_start = 109,
        .unicode_list = NULL, .glyph_id_ofs_list = NULL, .list_length = 0, .type = LV_FONT_FMT_TXT_CMAP_FORMAT0_TINY
    }
};

/*-----------------
 *    KERNING
 *----------------*/


/*Pair left and right glyphs for kerning*/
static const uint8_t kern_pair_glyph_ids[] =
{
    3, 7,
    3, 13,
    3, 15,
    3, 21,
    3, 98,
    7, 3,
    7, 8,
    7, 61,
    7, 109,
    8, 7,
    8, 13,
    8, 15,
    8, 21,
    8, 98,
    9, 98,
    11, 7,
    11, 13,
    11, 15,
    11, 21,
    11, 33,
    11, 64,
    11, 105,
    12, 19,
    12, 20,
    12, 24,
    12, 61,
    12, 117,
    13, 3,
    13, 8,
    13, 17,
    13, 18,
    13, 20,
    13, 22,
    13, 23,
    13, 24,
    13, 25,
    13, 26,
    13, 32,
    13, 33,
    13, 105,
    13, 117,
    14, 19,
    14, 20,
    14, 24,
    14, 61,
    14, 117,
    15, 3,
    15, 8,
    15, 17,
    15, 18,
    15, 20,
    15, 22,
    15, 23,
    15, 24,
    15, 25,
    15, 26,
    15, 32,
    15, 33,
    15, 105,
    15, 117,
    16, 13,
    16, 15,
    17, 13,
    17, 15,
    17, 24,
    17, 61,
    17, 64,
    19, 21,
    20, 11,
    20, 13,
    20, 15,
    20, 63,
    20, 107,
    20, 111,
    21, 11,
    21, 13,
    21, 15,
    21, 18,
    21, 63,
    21, 109,
    21, 111,
    21, 117,
    22, 13,
    22, 15,
    22, 109,
    23, 13,
    23, 15,
    23, 64,
    24, 4,
    24, 7,
    24, 13,
    24, 15,
    24, 17,
    24, 20,
    24, 21,
    24, 22,
    24, 23,
    24, 24,
    24, 25,
    24, 26,
    24, 27,
    24, 28,
    24, 29,
    24, 64,
    24, 98,
    24, 107,
    25, 11,
    25, 13,
    25, 15,
    25, 63,
    25, 107,
    25, 111,
    26, 13,
    26, 15,
    26, 24,
    26, 61,
    26, 64,
    27, 61,
    28, 61,
    30, 61,
    31, 24,
    31, 61,
    33, 13,
    33, 15,
    33, 16,
    33, 61,
    33, 64,
    33, 109,
    60, 98,
    61, 3,
    61, 8,
    61, 11,
    61, 12,
    61, 14,
    61, 16,
    61, 18,
    61, 30,
    61, 32,
    61, 33,
    61, 61,
    61, 63,
    61, 95,
    61, 105,
    61, 107,
    61, 108,
    61, 109,
    61, 111,
    61, 112,
    61, 117,
    61, 118,
    61, 122,
    61, 150,
    61, 182,
    63, 7,
    63, 13,
    63, 15,
    63, 21,
    63, 33,
    63, 64,
    63, 105,
    64, 11,
    64, 17,
    64, 18,
    64, 20,
    64, 21,
    64, 22,
    64, 23,
    64, 25,
    64, 26,
    64, 33,
    64, 61,
    64, 63,
    64, 93,
    64, 105,
    64, 111,
    64, 117,
    92, 98,
    95, 19,
    95, 20,
    95, 24,
    95, 61,
    95, 117,
    97, 61,
    98, 3,
    98, 8,
    98, 10,
    98, 18,
    98, 61,
    98, 62,
    98, 94,
    98, 109,
    105, 13,
    105, 15,
    105, 16,
    105, 61,
    105, 64,
    105, 109,
    109, 7,
    109, 21,
    109, 33,
    109, 98,
    109, 105,
    111, 7,
    111, 13,
    111, 15,
    111, 21,
    111, 33,
    111, 64,
    111, 105,
    112, 61,
    116, 12,
    116, 14,
    116, 16,
    116, 29,
    116, 64,
    116, 95,
    116, 108,
    116, 118,
    116, 182,
    118, 19,
    118, 20,
    118, 24,
    118, 61,
    118, 117,
    122, 18,
    122, 19,
    122, 20,
    122, 24,
    122, 25,
    122, 61,
    126, 61,
    150, 61,
    182, 19,
    182, 20,
    182, 24,
    182, 61,
    182, 117
};

/* Kerning between the respective left and right glyphs
 * 4.4 format which needs to scaled with `kern_scale`*/
static const int8_t kern_pair_values[] =
{
    -22, -52, -52, -40, -9, -22, -22, -40,
    -14, -22, -52, -52, -40, -9, -7, -22,
    -87, -87, -29, -7, -43, -7, -22, -7,
    -14, -32, -11, -52, -52, -16, -55, -17,
    -9, -16, -9, -14, -4, -56, -28, -28,
    -32, -22, -7, -14, -32, -11, -52, -52,
    -16, -55, -17, -9, -16, -9, -14, -4,
    -56, -28, -28, -32, -25, -25, -16, -16,
    -12, -6, -29, -10, -9, -14, -14, -9,
    -22, -9, -12, -22, -22, -12, -12, -3,
    -12, -25, -17, -17, -3, -22, -22, -29,
    -36, -29, -80, -80, -10, -11, -37, -6,
    -10, 13, -9, -6, -22, -22, -58, -102,
    -32, -40, -9, -14, -14, -9, -22, -9,
    -16, -16, -12, -6, -29, -40, -40, -43,
    -47, -47, -28, -28, -25, -22, -25, -3,
    -7, -51, -51, -51, -22, -22, 13, -22,
    -32, -40, -22, -31, -51, -22, -22, -22,
    -22, -45, -51, -32, -31, -22, -22, -22,
    -22, -22, -87, -87, -29, -7, -43, -7,
    -43, -29, -69, -29, -36, -29, -29, -29,
    -29, -25, -51, -43, 22, -25, -43, -29,
    -7, -22, -7, -14, -32, -11, -22, -9,
    -9, -7, -22, -32, -7, -7, -7, -28,
    -28, -25, -22, -25, -3, -22, -32, -3,
    -18, -3, -22, -87, -87, -29, -7, -43,
    -7, -43, -25, -25, -22, -25, -22, -25,
    -22, -25, -25, -22, -7, -14, -25, -11,
    -25, -32, -29, -32, -22, -40, -50, -25,
    -22, -7, -14, -32, -11
};

/*Collect the kern pair's data in one place*/
static const lv_font_fmt_txt_kern_pair_t kern_pairs =
{
    .glyph_ids = kern_pair_glyph_ids,
    .values = kern_pair_values,
    .pair_cnt = 237,
    .glyph_ids_size = 0
};

/*--------------------
 *  ALL CUSTOM DATA
 *--------------------*/

#if LVGL_VERSION_MAJOR == 8
/*Store all the custom data of the font*/
static  lv_font_fmt_txt_glyph_cache_t cache;
#endif

#if LVGL_VERSION_MAJOR >= 8
static const lv_font_fmt_txt_dsc_t font_dsc = {
#else
static lv_font_fmt_txt_dsc_t font_dsc = {
#endif
    .glyph_bitmap = glyph_bitmap,
    .glyph_dsc = glyph_dsc,
    .cmaps = cmaps,
    .kern_dsc = &kern_pairs,
    .kern_scale = 16,
    .cmap_num = 3,
    .bpp = 4,
    .kern_classes = 0,
    .bitmap_format = 1,
#if LVGL_VERSION_MAJOR == 8
    .cache = &cache
#endif
};



/*-----------------
 *  PUBLIC FONT
 *----------------*/

/*Initialize a public general font descriptor*/
#if LVGL_VERSION_MAJOR >= 8
const lv_font_t ui_font_40 = {
#else
lv_font_t ui_font_40 = {
#endif
    .get_glyph_dsc = lv_font_get_glyph_dsc_fmt_txt,    /*Function pointer to get glyph's data*/
    .get_glyph_bitmap = lv_font_get_bitmap_fmt_txt,    /*Function pointer to get glyph's bitmap*/
    .line_height = 49,          /*The maximum line height required by the font*/
    .base_line = 9,             /*Baseline measured from the bottom of the line*/
#if !(LVGL_VERSION_MAJOR == 6 && LVGL_VERSION_MINOR == 0)
    .subpx = LV_FONT_SUBPX_NONE,
#endif
#if LV_VERSION_CHECK(7, 4, 0) || LVGL_VERSION_MAJOR >= 8
    .underline_position = -7,
    .underline_thickness = 3,
#endif
    .dsc = &font_dsc,          /*The custom font data. Will be accessed by `get_glyph_bitmap/dsc` */
#if LV_VERSION_CHECK(8, 2, 0) || LVGL_VERSION_MAJOR >= 9
    .fallback = NULL,
#endif
    .user_data = NULL,
};



#endif /*#if UI_FONT_40*/

