/*******************************************************************************
 * Size: 26 px
 * Bpp: 4
 * Opts: --size 26 --bpp 4 --format lvgl --lv-include lvgl.h --font /private/tmp/InterVariable.ttf -r 0x20-0x7E,0xA0-0xFF --lv-font-name ui_font_26 -o firmware/screen/main/ui/ui_fonts/ui_font_26.c
 ******************************************************************************/

#ifdef LV_LVGL_H_INCLUDE_SIMPLE
#include "lvgl.h"
#else
#include "lvgl.h"
#endif

#ifndef UI_FONT_26
#define UI_FONT_26 1
#endif

#if UI_FONT_26

/*-----------------
 *    BITMAPS
 *----------------*/

/*Store the image of the glyphs*/
static LV_ATTRIBUTE_LARGE_CONST const uint8_t glyph_bitmap[] = {
    /* U+0020 " " */

    /* U+0021 "!" */
    0x8f, 0xf0, 0x7, 0xff, 0x27, 0xc0, 0x38, 0x40,
    0x3f, 0xf8, 0x22, 0x1, 0xc6, 0x9, 0x30, 0x4,
    0xca, 0x1, 0xc2, 0xea, 0x1b, 0x14, 0x84, 0x0,
    0x28, 0x3, 0x60,

    /* U+0022 "\"" */
    0x5f, 0xf0, 0x87, 0xf9, 0x84, 0x3, 0xe7, 0x0,
    0x8, 0x8, 0x18, 0x7, 0xe1, 0x0, 0xc6, 0x2,
    0x0, 0x10, 0xc, 0xe6, 0x1, 0x84, 0x0, 0x2f,
    0x0, 0x9, 0x72,

    /* U+0023 "#" */
    0x0, 0xe9, 0xf5, 0x0, 0xdd, 0xe0, 0x1f, 0x88,
    0x18, 0x2, 0x11, 0x10, 0x7, 0xe5, 0x3, 0x0,
    0x88, 0x1c, 0x3, 0xf0, 0x88, 0x3, 0x28, 0x10,
    0x7, 0xc6, 0xa, 0x1, 0xb8, 0x34, 0x3, 0xe6,
    0x2, 0x0, 0xc6, 0xc, 0x1, 0x8f, 0xfd, 0x40,
    0xdf, 0xf9, 0x3, 0x3f, 0xc0, 0x5, 0x0, 0xff,
    0xe0, 0x98, 0x1, 0xbf, 0xc4, 0x1d, 0xff, 0x68,
    0x27, 0xfb, 0x0, 0x38, 0x80, 0x40, 0x27, 0x2,
    0x0, 0xf8, 0x80, 0xc0, 0x31, 0x7, 0x80, 0x7c,
    0xc0, 0xc0, 0x1b, 0x40, 0x80, 0x3e, 0x20, 0xd0,
    0xc, 0xc0, 0xc0, 0x19, 0x7f, 0xd2, 0x11, 0xff,
    0x8c, 0x37, 0xf4, 0x0, 0x40, 0x1f, 0xfc, 0x17,
    0x0, 0x3f, 0xf8, 0x43, 0xff, 0x58, 0x2f, 0xfa,
    0x80, 0x38, 0x48, 0x3, 0x10, 0x10, 0x7, 0xc6,
    0xc, 0x1, 0xbc, 0x34, 0x3, 0xe6, 0x3, 0x0,
    0xc4, 0xc, 0x1, 0xf6, 0x87, 0x0, 0x65, 0x3,
    0x0, 0xe0,

    /* U+0024 "$" */
    0x0, 0xf3, 0x78, 0x80, 0x7f, 0xf7, 0x1a, 0xe4,
    0x3a, 0xd8, 0x3, 0xc7, 0xb2, 0x80, 0x12, 0x4e,
    0x90, 0x4, 0x3a, 0x40, 0xc8, 0x10, 0xa0, 0x58,
    0x20, 0x8, 0x10, 0xd9, 0xd0, 0x6a, 0xb0, 0x19,
    0x0, 0x20, 0x39, 0x0, 0x72, 0x28, 0x28, 0x0,
    0x83, 0x80, 0x3e, 0xbc, 0xf0, 0x1, 0x6, 0x0,
    0x7c, 0x26, 0x40, 0x5, 0x5, 0x91, 0x0, 0xff,
    0x42, 0x3, 0x74, 0x81, 0x80, 0x7e, 0xb8, 0x0,
    0xdb, 0x6c, 0x1, 0xf3, 0xfd, 0x0, 0x49, 0x3a,
    0x60, 0x1f, 0x2c, 0x84, 0xa8, 0x16, 0x18, 0x7,
    0xf3, 0xd6, 0x90, 0x78, 0x7, 0xfc, 0x52, 0x6,
    0x26, 0xec, 0x1, 0xf9, 0x80, 0x6, 0xd1, 0x26,
    0x1, 0xf2, 0x0, 0x9, 0x0, 0x1e, 0x20, 0x1c,
    0x70, 0x8, 0x3, 0x0, 0x7f, 0x1a, 0xd, 0x58,
    0x21, 0x0, 0x7, 0x80, 0x17, 0x40, 0x85, 0x1,
    0xb3, 0x0, 0x9f, 0x5c, 0x80, 0x23, 0x8f, 0x40,
    0xe, 0x28, 0xd9, 0xe, 0xc7, 0x10, 0xf, 0xfe,
    0x62, 0xb8, 0x80, 0x78,

    /* U+0025 "%" */
    0x0, 0x2e, 0x7f, 0x40, 0x7, 0xe3, 0xfe, 0x0,
    0xcb, 0x46, 0x60, 0x79, 0x0, 0xfb, 0x82, 0x80,
    0x34, 0x5, 0xe7, 0x8b, 0x8, 0x7, 0x41, 0x2a,
    0x0, 0x62, 0x14, 0x1, 0x40, 0x50, 0xc, 0x4e,
    0x36, 0x1, 0x84, 0xc, 0x2, 0x30, 0x10, 0xd,
    0xc1, 0x62, 0x1, 0x84, 0x8, 0x2, 0x20, 0x10,
    0x9, 0xcd, 0x14, 0x3, 0xc6, 0xe, 0x8, 0x80,
    0x40, 0x1, 0x40, 0x50, 0x7, 0xde, 0x11, 0xf6,
    0x12, 0x1, 0x48, 0x48, 0x80, 0x7c, 0x7a, 0xe8,
    0xd6, 0xc0, 0x6, 0x43, 0x60, 0xf, 0xe2, 0x8b,
    0x94, 0x0, 0xc, 0x87, 0x0, 0x7f, 0xf1, 0x68,
    0x20, 0x80, 0x3f, 0xf8, 0x8a, 0x86, 0xe0, 0x2,
    0xbf, 0xea, 0x10, 0xf, 0xc3, 0x61, 0xc0, 0x1,
    0xc4, 0x23, 0x5c, 0x0, 0xfd, 0x62, 0xe4, 0x0,
    0x91, 0x6d, 0xd2, 0x12, 0x80, 0x79, 0x14, 0xa0,
    0x2, 0x30, 0xa0, 0x6, 0x86, 0x80, 0x7a, 0x83,
    0x80, 0x33, 0x80, 0x80, 0xc, 0x4, 0x3, 0xa4,
    0x5c, 0xc0, 0x33, 0x80, 0x80, 0xc, 0x4, 0x3,
    0x23, 0x14, 0x0, 0x71, 0x85, 0x80, 0x34, 0x34,
    0x3, 0x48, 0x48, 0x7, 0xa4, 0x5f, 0x74, 0x84,
    0xa0, 0x14, 0x13, 0x20, 0x7, 0x87, 0x10, 0x8d,
    0x70, 0x0,

    /* U+0026 "&" */
    0x0, 0x86, 0x7b, 0xfa, 0x44, 0x3, 0xf1, 0x7b,
    0x8, 0xb, 0x79, 0x0, 0x7d, 0x22, 0x17, 0xd6,
    0x22, 0x90, 0xf, 0x90, 0x29, 0x5, 0x2c, 0x10,
    0x3, 0xc2, 0x0, 0x70, 0x8, 0x40, 0x3f, 0x8,
    0x1, 0xc0, 0x2d, 0x1, 0x0, 0xf9, 0x2, 0x0,
    0xe, 0xc1, 0x60, 0x1f, 0x40, 0x14, 0xd4, 0x3,
    0x28, 0x7, 0xc6, 0xe0, 0xca, 0xf, 0x20, 0x1f,
    0xdc, 0x1, 0x4c, 0x0, 0x7f, 0x44, 0x80, 0x56,
    0x1, 0xfd, 0xe, 0xd, 0x80, 0x54, 0x1, 0x5d,
    0x88, 0x9, 0xc1, 0xa4, 0xe4, 0x15, 0x80, 0x51,
    0x0, 0xa, 0x1, 0x90, 0x3, 0x30, 0x24, 0xd4,
    0x0, 0x40, 0x40, 0xa0, 0x1a, 0x4c, 0x36, 0x1,
    0x0, 0x6, 0xe, 0x1, 0xda, 0x22, 0x30, 0xf0,
    0x6, 0x1, 0x98, 0x3, 0xc, 0x80, 0x48, 0x0,
    0x53, 0xc, 0x72, 0x14, 0xa8, 0x0, 0x94, 0x2,
    0xd2, 0x8, 0xde, 0xb5, 0x4, 0x50, 0xa3, 0x0,
    0xe, 0xc9, 0x88, 0xa, 0xdd, 0xa8, 0xc3, 0x84,

    /* U+0027 "'" */
    0x5f, 0xf0, 0x88, 0x2, 0x70, 0x0, 0x80, 0x61,
    0x0, 0xe1, 0x3, 0x0, 0x85, 0xe0, 0x0,

    /* U+0028 "(" */
    0x0, 0xcf, 0x2, 0x1, 0x3c, 0x28, 0x80, 0x52,
    0x16, 0x1, 0x28, 0x83, 0x0, 0x5c, 0xa, 0x1,
    0x90, 0x3c, 0x2, 0x40, 0x2, 0x0, 0x58, 0x4,
    0x20, 0x11, 0x82, 0x0, 0x65, 0xf, 0x0, 0xc2,
    0x4, 0x1, 0x10, 0x1, 0x80, 0x21, 0x0, 0xfe,
    0x30, 0x8, 0x40, 0x6, 0x1, 0x18, 0x0, 0x40,
    0x21, 0x0, 0x30, 0x6, 0x30, 0xc0, 0xc, 0x80,
    0xa0, 0x1b, 0x0, 0xc4, 0x2, 0x41, 0x7, 0x0,
    0xce, 0x14, 0x1, 0xac, 0xc, 0x80, 0x22, 0x40,
    0xb0, 0xd, 0x0, 0xc2,

    /* U+0029 ")" */
    0x58, 0x40, 0xc, 0xf4, 0x1, 0x28, 0x89, 0x80,
    0x26, 0xb, 0x0, 0xac, 0x8, 0x80, 0x3, 0x10,
    0x50, 0x9, 0xc2, 0xc0, 0x2c, 0x3, 0x0, 0x9c,
    0x0, 0x60, 0x2, 0x0, 0x28, 0x4, 0x41, 0xc0,
    0x13, 0x1, 0x0, 0x42, 0x1, 0xc6, 0x2, 0x1,
    0x18, 0x8, 0x4, 0xc0, 0x40, 0x11, 0x7, 0x80,
    0x4, 0x40, 0x80, 0x4, 0x0, 0x18, 0x3, 0x0,
    0xc0, 0x27, 0xa, 0x0, 0x20, 0x83, 0x80, 0x3c,
    0x14, 0x40, 0x90, 0x20, 0x1, 0x60, 0xa4, 0x0,

    /* U+002A "*" */
    0x0, 0xcd, 0xec, 0x1, 0xf8, 0xc0, 0xc0, 0x3b,
    0x10, 0x4, 0x2, 0x4c, 0x5, 0x3b, 0xa1, 0x0,
    0x4d, 0x9a, 0xab, 0x11, 0x68, 0x29, 0x93, 0x14,
    0xe, 0xe0, 0x2, 0x8b, 0x30, 0x0, 0xcc, 0x0,
    0x51, 0x22, 0x9, 0xcc, 0x92, 0x12, 0x8d, 0xc8,
    0xa3, 0x36, 0x40, 0x77, 0x22, 0xa3, 0xcc, 0x2,
    0x1, 0x37, 0x8, 0x6, 0x30, 0x30, 0xf, 0xcd,
    0xcc, 0x1, 0x80,

    /* U+002B "+" */
    0x0, 0xe3, 0x85, 0x0, 0xff, 0x23, 0xf8, 0x7,
    0xff, 0x84, 0x47, 0x70, 0x30, 0x8f, 0x47, 0x76,
    0x60, 0x3e, 0xed, 0x40, 0x1f, 0xfc, 0x18, 0xff,
    0xd0, 0xb, 0xff, 0xac, 0x3, 0xff, 0xda, 0x8f,
    0xe0, 0x1c,

    /* U+002C "," */
    0x2, 0x88, 0x10, 0x23, 0xb8, 0xc3, 0x80, 0x84,
    0xc, 0x10, 0x0, 0xc1, 0xa0, 0x2, 0x4, 0x2,
    0x3, 0x0, 0x30, 0x20, 0x0,

    /* U+002D "-" */
    0x3, 0x3f, 0xc0, 0x59, 0x9f, 0x88, 0x3, 0xfc,

    /* U+002E "." */
    0x18, 0x50, 0xd7, 0xa4, 0x20, 0x1, 0x40, 0x1b,
    0x0,

    /* U+002F "/" */
    0x0, 0xf1, 0xc2, 0x80, 0x7a, 0x9f, 0x40, 0x3c,
    0x81, 0x80, 0x1c, 0x24, 0x8, 0x1, 0xc8, 0x8,
    0x1, 0xef, 0xc, 0x0, 0xf2, 0x2, 0x0, 0x71,
    0x8, 0x18, 0x7, 0x20, 0x20, 0x7, 0xb0, 0x30,
    0x3, 0xc8, 0xa, 0x1, 0xc4, 0x22, 0x20, 0xe,
    0x50, 0x40, 0xf, 0x60, 0x60, 0x7, 0x90, 0x10,
    0x3, 0x8c, 0x4, 0x80, 0x39, 0x1, 0x0, 0x3d,
    0x81, 0xe0, 0x1e, 0x40, 0x40, 0xe, 0x40, 0x21,
    0x0, 0xec, 0x4, 0x0, 0xf2, 0x6, 0x0, 0x78,
    0xc1, 0x0, 0x39, 0x0, 0x84, 0x3, 0x80,

    /* U+0030 "0" */
    0x0, 0xcb, 0x9f, 0xed, 0x81, 0x0, 0xf5, 0x50,
    0xc0, 0x4, 0xfe, 0x60, 0x1a, 0x54, 0x12, 0xb2,
    0x0, 0x74, 0x40, 0x4, 0xc0, 0xd6, 0xa6, 0xf8,
    0x3, 0x0, 0xb, 0x1, 0x90, 0xc, 0x6e, 0xc,
    0x0, 0x70, 0x90, 0xf, 0x48, 0x1, 0x4, 0x40,
    0x80, 0x1e, 0x12, 0xc, 0x50, 0x1, 0x80, 0x7c,
    0xe0, 0x62, 0x1, 0xfe, 0x20, 0x73, 0x1, 0x0,
    0xfd, 0xe0, 0x20, 0x1f, 0xf7, 0x80, 0xc, 0x4,
    0x3, 0xfc, 0x22, 0x0, 0xff, 0x10, 0x3b, 0x0,
    0xc, 0x3, 0xe7, 0x3, 0x21, 0x4, 0x0, 0xf0,
    0x90, 0x60, 0x38, 0x48, 0x7, 0xa4, 0x0, 0x81,
    0x40, 0x32, 0x1, 0x8d, 0xc1, 0x80, 0x6, 0xc0,
    0xd6, 0xa9, 0x18, 0x3, 0x0, 0x14, 0xa0, 0x25,
    0x5b, 0x80, 0xe8, 0x80, 0x6b, 0xa3, 0x0, 0x13,
    0x79, 0x80, 0x0,

    /* U+0031 "1" */
    0x0, 0x97, 0xfe, 0x40, 0x4, 0xd0, 0x6, 0x1c,
    0x60, 0x50, 0xb, 0x4c, 0x26, 0xc0, 0x31, 0x63,
    0x0, 0x64, 0xc3, 0x0, 0xe8, 0x10, 0xf, 0xff,
    0xf8, 0x7, 0xff, 0x5c,

    /* U+0032 "2" */
    0x0, 0x86, 0x37, 0xfb, 0x18, 0x3, 0x8f, 0xdc,
    0x80, 0x4e, 0x70, 0x40, 0x3, 0xa2, 0x29, 0xcb,
    0x70, 0x3a, 0x0, 0x48, 0x8b, 0x18, 0xd2, 0x2c,
    0x11, 0x0, 0xa0, 0xc4, 0x1, 0x90, 0xc3, 0x0,
    0x5, 0x80, 0x1e, 0x50, 0x20, 0xdd, 0x20, 0x7,
    0x88, 0xc, 0x3, 0xf8, 0x50, 0x30, 0x3, 0xfa,
    0xc0, 0x54, 0x3, 0xf3, 0x28, 0x50, 0x7, 0xe4,
    0x90, 0x64, 0x0, 0xf8, 0xec, 0xe, 0x40, 0x3e,
    0x1d, 0x2, 0xd0, 0xf, 0x87, 0x4, 0x5e, 0x20,
    0x1f, 0x69, 0x6, 0x90, 0x7, 0xd4, 0x61, 0x66,
    0x1, 0xf4, 0x28, 0x52, 0x0, 0x7c, 0xee, 0x4,
    0x14, 0x4f, 0x82, 0x0, 0x9, 0x77, 0xf8, 0x3,
    0xff, 0x82,

    /* U+0033 "3" */
    0x0, 0xcf, 0x9d, 0xfb, 0x2, 0x1, 0xc7, 0xd0,
    0x62, 0x4, 0xfe, 0x60, 0x11, 0x60, 0x8a, 0x33,
    0x10, 0x22, 0xd1, 0x0, 0x58, 0xf, 0xb9, 0x99,
    0xf0, 0x5, 0x80, 0xe, 0x12, 0x20, 0x18, 0x94,
    0x30, 0x1, 0xb8, 0xc0, 0x1e, 0x20, 0x70, 0x1,
    0x98, 0x40, 0x3c, 0x60, 0xc0, 0x1f, 0xe4, 0x40,
    0x70, 0x7, 0x88, 0xd2, 0x2c, 0x19, 0x0, 0x3d,
    0xd9, 0x6e, 0x35, 0x20, 0x1f, 0xf0, 0xc3, 0x0,
    0x7d, 0x9f, 0xd6, 0x85, 0x2e, 0x1, 0xf8, 0x52,
    0xd8, 0x20, 0x40, 0x3f, 0xd0, 0x0, 0x70, 0x22,
    0x0, 0x7c, 0x22, 0x1, 0x4d, 0xd1, 0x0, 0x78,
    0x44, 0x2, 0xa0, 0x9, 0x0, 0xf5, 0x80, 0x1c,
    0x60, 0x13, 0x5d, 0x10, 0xda, 0xa0, 0xe2, 0xe,
    0xe0, 0x28, 0xbb, 0x49, 0x3, 0xc0, 0x5, 0x18,
    0xc4, 0x0, 0x26, 0xc8, 0x0, 0x0,

    /* U+0034 "4" */
    0x0, 0xfd, 0x1f, 0xeb, 0x0, 0xff, 0x13, 0x80,
    0x7f, 0xf0, 0x64, 0x3, 0xff, 0x82, 0x88, 0x3,
    0x0, 0xff, 0xa4, 0x21, 0x40, 0x3f, 0xce, 0x44,
    0x70, 0xf, 0xf0, 0xc0, 0x40, 0x7, 0xfd, 0x60,
    0x8a, 0x1, 0xfe, 0x35, 0x9, 0x0, 0xff, 0xb8,
    0x1c, 0x80, 0x3f, 0xcc, 0x43, 0x0, 0x1f, 0xe1,
    0x90, 0x80, 0xf, 0xfa, 0x0, 0xd8, 0x3, 0xfc,
    0x6c, 0x8, 0x9f, 0x2, 0x24, 0x28, 0x0, 0x7b,
    0xbe, 0x20, 0x5, 0xd9, 0x40, 0x3f, 0xf8, 0x6f,
    0xff, 0xf9, 0x81, 0x3f, 0xc8, 0x1, 0xff, 0xe1,

    /* U+0035 "5" */
    0x0, 0x7f, 0xff, 0x80, 0x4, 0x1, 0xff, 0xc0,
    0x60, 0x6, 0x67, 0xe0, 0x0, 0x80, 0x99, 0xfe,
    0x0, 0x10, 0x10, 0x7, 0xfb, 0x81, 0xc0, 0x3f,
    0xc4, 0x4, 0x0, 0x22, 0x0, 0x79, 0x80, 0x15,
    0xfb, 0xaf, 0x91, 0x0, 0x88, 0x19, 0x40, 0x33,
    0x60, 0x80, 0x8, 0xa, 0xbb, 0xf5, 0x80, 0xb4,
    0x1, 0xbf, 0xaa, 0x20, 0x52, 0xe0, 0x68, 0x1,
    0xfd, 0x2, 0x1a, 0x1, 0xfe, 0x70, 0x50, 0xf,
    0xf0, 0x80, 0x89, 0x10, 0x1, 0xf0, 0x83, 0x15,
    0xd8, 0x80, 0x3c, 0xe0, 0x66, 0x10, 0x90, 0xe,
    0x91, 0xa, 0x9, 0x4, 0xc6, 0x35, 0xc6, 0x7,
    0x20, 0x77, 0x1, 0xce, 0x51, 0x83, 0x40, 0x5,
    0x18, 0xa2, 0x2, 0x97, 0x20, 0x0,

    /* U+0036 "6" */
    0x0, 0xc7, 0x5d, 0xfd, 0x46, 0x1, 0xe7, 0xc5,
    0x10, 0x15, 0xc8, 0x0, 0xcb, 0x0, 0x73, 0x72,
    0x60, 0xec, 0x1, 0x58, 0x2e, 0x32, 0x36, 0x20,
    0x40, 0x1, 0xc4, 0x54, 0x1, 0xd2, 0x2, 0x81,
    0x61, 0x0, 0x1e, 0x2f, 0xe4, 0x3, 0x4, 0x0,
    0x88, 0x40, 0x21, 0x3, 0x0, 0x11, 0xdf, 0xef,
    0x6a, 0x80, 0x4c, 0x2, 0x78, 0x80, 0x11, 0x54,
    0x80, 0xc, 0x1, 0xa1, 0x1d, 0xf8, 0x60, 0xcc,
    0x1, 0x1, 0x15, 0xb8, 0x81, 0xe2, 0x4, 0x0,
    0x80, 0x15, 0x0, 0x3a, 0x40, 0x54, 0xc0, 0x1c,
    0x1, 0xe2, 0x20, 0x13, 0x0, 0x1c, 0x3, 0xe1,
    0xf, 0x30, 0x3, 0x0, 0x7c, 0x41, 0xe0, 0x61,
    0xc0, 0x1e, 0x41, 0x4, 0x9, 0x4, 0x60, 0xc,
    0x34, 0x4, 0x60, 0xa8, 0x13, 0x4a, 0x8f, 0xe2,
    0x1c, 0x1, 0x51, 0x82, 0xd5, 0xc0, 0x85, 0x18,
    0x4, 0x39, 0x26, 0x20, 0x4d, 0xaa, 0x0,

    /* U+0037 "7" */
    0xcf, 0xff, 0xf9, 0xc0, 0x3f, 0xf8, 0x3f, 0x77,
    0xfa, 0x0, 0x4, 0x68, 0x9f, 0xb4, 0x5, 0x40,
    0x3f, 0x12, 0x84, 0x0, 0x7f, 0x58, 0xb, 0x0,
    0x7e, 0x16, 0x9, 0x0, 0xfe, 0x90, 0x3, 0x0,
    0x7e, 0x17, 0x7, 0x10, 0xf, 0xcc, 0x0, 0x90,
    0xf, 0xe9, 0x6, 0x10, 0xf, 0xcc, 0x21, 0x60,
    0x1f, 0xd0, 0xa, 0x40, 0x1f, 0x98, 0x42, 0x0,
    0x3f, 0xac, 0x10, 0x80, 0x3f, 0x29, 0x4, 0x0,
    0x7f, 0x48, 0x21, 0x80, 0x7e, 0x43, 0xf, 0x0,
    0xfe, 0xf0, 0x34, 0x0, 0xfc, 0x68, 0x12, 0x1,
    0xf8,

    /* U+0038 "8" */
    0x0, 0xcf, 0x9f, 0xed, 0x71, 0x0, 0xe2, 0xe8,
    0x30, 0x1, 0x47, 0x98, 0x6, 0xf1, 0x8, 0xcc,
    0x40, 0xe, 0x88, 0x1, 0x88, 0x31, 0xcc, 0xcf,
    0xa0, 0x2c, 0x0, 0xc0, 0x43, 0x0, 0xc4, 0xa1,
    0x80, 0x1, 0x2, 0x0, 0xf1, 0x3, 0x80, 0x8,
    0x8, 0x3, 0xc4, 0xc, 0x0, 0xd0, 0x43, 0x0,
    0xc4, 0xa1, 0xc0, 0x4, 0x50, 0xc7, 0x22, 0x36,
    0x2, 0xa0, 0x5, 0x52, 0x11, 0xba, 0x91, 0x8a,
    0x0, 0xcb, 0x60, 0x1e, 0x95, 0x0, 0x96, 0x89,
    0x2f, 0xfd, 0x88, 0x34, 0xc0, 0xb, 0x5, 0xb4,
    0x0, 0x1d, 0xb0, 0x48, 0xa0, 0x85, 0x80, 0x7a,
    0x0, 0x8, 0x40, 0x1, 0x0, 0xf0, 0x88, 0x8,
    0xc0, 0x2, 0x1, 0xe1, 0x10, 0xa, 0x0, 0x2c,
    0x3, 0xd0, 0x0, 0x41, 0x70, 0x5c, 0x63, 0x33,
    0x63, 0x3, 0x10, 0x43, 0x1, 0xce, 0x62, 0x4c,
    0x1a, 0x40, 0x29, 0xc6, 0x20, 0x1, 0x36, 0x48,
    0x0,

    /* U+0039 "9" */
    0x0, 0x85, 0xf7, 0xfd, 0x8c, 0x1, 0xe3, 0xf8,
    0x20, 0x1, 0xce, 0x88, 0x4, 0x58, 0x20, 0xf7,
    0x66, 0x2, 0xd0, 0xa, 0x40, 0x1b, 0x8, 0x89,
    0xb0, 0x37, 0x2, 0x40, 0x92, 0x0, 0xc8, 0xe1,
    0x40, 0xe0, 0x6, 0x0, 0xf5, 0x1, 0x10, 0xc0,
    0x40, 0x3e, 0x20, 0x3, 0x98, 0x8, 0x7, 0xc4,
    0x0, 0x27, 0x0, 0x28, 0x7, 0xac, 0x1, 0xe4,
    0x61, 0x64, 0x1, 0x95, 0x80, 0x37, 0x80, 0xe3,
    0xa2, 0x26, 0x84, 0x80, 0x23, 0xa0, 0x18, 0xbb,
    0x30, 0xe8, 0x87, 0x80, 0x17, 0x58, 0x80, 0x5b,
    0xcc, 0x40, 0x80, 0x22, 0x9d, 0xfe, 0x91, 0x2,
    0x7, 0x3, 0x30, 0x7, 0xca, 0x2, 0x43, 0x98,
    0x50, 0xf, 0x48, 0x30, 0x9, 0x84, 0x8, 0x6,
    0x83, 0x9, 0x0, 0x78, 0x17, 0xb2, 0x2d, 0xb8,
    0x40, 0x80, 0xe, 0x40, 0x66, 0xe9, 0x1, 0xdc,
    0x1, 0x9b, 0x58, 0x80, 0x52, 0xe0, 0x2,

    /* U+003A ":" */
    0x18, 0x50, 0xd7, 0xa4, 0x20, 0x1, 0x40, 0x1b,
    0x33, 0xf0, 0x3, 0xff, 0x9a, 0x30, 0xa1, 0xaf,
    0x48, 0x40, 0x2, 0x80, 0x36,

    /* U+003B ";" */
    0x2, 0xde, 0x40, 0xa2, 0x1f, 0xe, 0x0, 0x10,
    0x34, 0xc4, 0x80, 0x19, 0xc0, 0x3f, 0xfa, 0x85,
    0x10, 0x20, 0x47, 0x71, 0x87, 0x1, 0x8, 0x18,
    0x20, 0x1, 0x83, 0x40, 0x4, 0x8, 0x4, 0x6,
    0x0, 0x60, 0x40, 0x0,

    /* U+003C "<" */
    0x0, 0xff, 0x9c, 0x80, 0x3f, 0x9f, 0xa0, 0x40,
    0x3e, 0x6e, 0x81, 0x1, 0x0, 0xe5, 0xd9, 0x10,
    0x6e, 0x20, 0x9, 0x36, 0x88, 0x1b, 0xa4, 0x40,
    0x7, 0x96, 0x40, 0xfd, 0x22, 0x1, 0x4e, 0x18,
    0x3f, 0x40, 0x80, 0x72, 0x80, 0x1a, 0x4, 0x3,
    0xe8, 0x30, 0x6e, 0x70, 0xf, 0x93, 0x28, 0x86,
    0x39, 0xc0, 0x3e, 0x5d, 0xa1, 0x14, 0x73, 0x80,
    0x7c, 0xbd, 0x22, 0x28, 0xe7, 0x0, 0xf9, 0xba,
    0x0, 0x60, 0xc0, 0x3f, 0x3f, 0x38, 0x7, 0xfc,
    0x31, 0xc4,

    /* U+003D "=" */
    0x2f, 0xff, 0xf9, 0x40, 0x3f, 0xf8, 0x25, 0x99,
    0xff, 0x20, 0x19, 0xff, 0xc2, 0x1, 0xff, 0xc2,
    0x33, 0xff, 0x84, 0xb3, 0x3f, 0xe4, 0x0, 0xff,
    0xe0, 0x80,

    /* U+003E ">" */
    0x91, 0x0, 0xff, 0x37, 0x40, 0x80, 0x7e, 0x10,
    0x7e, 0x80, 0xf, 0xba, 0x4, 0x1f, 0x9c, 0x3,
    0xcf, 0xd0, 0x22, 0x8e, 0x60, 0xf, 0x3f, 0x40,
    0x8a, 0x75, 0x40, 0x3c, 0xfd, 0x2, 0x55, 0xa0,
    0x1f, 0x3c, 0x0, 0x8, 0x3, 0xcb, 0xb2, 0x5,
    0x20, 0x19, 0x76, 0x88, 0x67, 0x58, 0x0, 0xdb,
    0x44, 0x11, 0xcc, 0x0, 0x6d, 0x92, 0x7, 0xe7,
    0x0, 0xd2, 0x40, 0xdd, 0x2, 0x1, 0xe5, 0xd9,
    0x10, 0xf, 0xb6, 0x88, 0x3, 0xf8,

    /* U+003F "?" */
    0x0, 0x14, 0xf7, 0xf5, 0x20, 0x4, 0xba, 0xc2,
    0x2, 0xb6, 0xe0, 0x54, 0x5, 0x5b, 0x68, 0x10,
    0x90, 0x3, 0x8a, 0x49, 0x66, 0x1e, 0xe0, 0xe2,
    0x1, 0xa8, 0x17, 0xb2, 0x0, 0x3e, 0x13, 0x30,
    0x80, 0x76, 0x1, 0x0, 0x7c, 0xaa, 0xa, 0x0,
    0xf4, 0x50, 0x13, 0x80, 0x76, 0x38, 0x26, 0x0,
    0x74, 0x98, 0x45, 0x88, 0x7, 0x38, 0x33, 0x80,
    0x78, 0x44, 0x1a, 0x1, 0xf8, 0x88, 0xc0, 0x1f,
    0xe, 0xe8, 0x80, 0x3f, 0xf8, 0xec, 0xe0, 0x1f,
    0x9e, 0x62, 0x0, 0x1f, 0x70, 0x0, 0x80, 0x3e,
    0xb2, 0x19, 0x0, 0xc0,

    /* U+0040 "@" */
    0x0, 0xf9, 0x23, 0x3b, 0xfd, 0xb6, 0xe4, 0x1,
    0xff, 0x26, 0xdb, 0x98, 0x80, 0x9, 0x23, 0x68,
    0x40, 0x3f, 0x4d, 0x91, 0x23, 0x7f, 0xf6, 0x38,
    0x2f, 0x98, 0x7, 0xa9, 0x82, 0x75, 0xc8, 0x3,
    0x1c, 0x72, 0x8e, 0x10, 0x6, 0x65, 0xb, 0x60,
    0xf, 0xe1, 0xa6, 0xf, 0x0, 0x86, 0x42, 0x50,
    0x0, 0x55, 0xdf, 0x8c, 0x96, 0xc1, 0x26, 0x4e,
    0x0, 0x60, 0x26, 0x0, 0x1e, 0xa8, 0x81, 0xcc,
    0x93, 0xc0, 0x10, 0x12, 0x0, 0xa0, 0xb0, 0xb,
    0x41, 0x77, 0xf5, 0x48, 0x3, 0x20, 0x88, 0x84,
    0x81, 0xc0, 0xe, 0x29, 0x44, 0x5, 0x44, 0x1,
    0xc8, 0x8, 0xa0, 0x22, 0x0, 0x58, 0x40, 0x7,
    0x28, 0x7, 0x10, 0x70, 0x81, 0x0, 0x44, 0x6,
    0x1, 0xdc, 0x1, 0xde, 0x0, 0x30, 0x70, 0x8,
    0x40, 0x3e, 0x30, 0xf, 0xbc, 0x3, 0xc2, 0x2,
    0x1, 0xc4, 0x1, 0xde, 0x0, 0x30, 0x70, 0x9,
    0x41, 0x0, 0x3b, 0x40, 0x38, 0x80, 0x84, 0x8,
    0x2, 0xc0, 0x90, 0xc, 0x2a, 0x6, 0x1, 0x20,
    0x3a, 0x80, 0x88, 0x0, 0xc2, 0x76, 0x64, 0xb8,
    0x0, 0x42, 0x7, 0x13, 0x21, 0x20, 0x70, 0x0,
    0xd0, 0x26, 0x6d, 0x15, 0x88, 0xb7, 0xa0, 0x20,
    0x1, 0x41, 0x60, 0x12, 0x62, 0x8, 0x1e, 0x26,
    0x28, 0x88, 0xed, 0x0, 0xc, 0x4, 0xc0, 0x11,
    0xdf, 0x7e, 0x18, 0x15, 0x77, 0xe2, 0x0, 0x43,
    0x1, 0x28, 0x1, 0xff, 0xc7, 0x74, 0xb, 0x70,
    0xf, 0xfe, 0x3d, 0xb0, 0x47, 0x42, 0x0, 0x63,
    0x7c, 0x50, 0xf, 0xe9, 0xa2, 0x17, 0xbf, 0xfd,
    0x90, 0x78, 0x1, 0xfe, 0x5d, 0xb7, 0x32, 0x0,
    0x9, 0xb5, 0x48, 0x7, 0x0,

    /* U+0041 "A" */
    0x0, 0xfa, 0xbf, 0xce, 0x1, 0xff, 0xc2, 0x50,
    0x5, 0x0, 0x7f, 0xf0, 0x54, 0xc, 0x48, 0xc0,
    0x3f, 0xf8, 0x1e, 0x8, 0x80, 0xb0, 0xf, 0xfe,
    0x2, 0x85, 0xe0, 0x30, 0x7, 0xfc, 0xa0, 0x26,
    0xe0, 0x26, 0x1, 0xfe, 0xe0, 0x40, 0x13, 0xa,
    0x0, 0xfe, 0x14, 0xf, 0x0, 0x58, 0x38, 0x7,
    0xf3, 0x80, 0x14, 0x0, 0xa0, 0x28, 0x1, 0xfb,
    0x41, 0x40, 0x22, 0x30, 0xe0, 0xf, 0x85, 0x3,
    0xc0, 0x35, 0x82, 0x80, 0x7c, 0xe0, 0x5, 0x0,
    0xca, 0x0, 0x50, 0xf, 0x50, 0x3, 0xff, 0xb4,
    0x1, 0xe0, 0x1c, 0x26, 0x1, 0xfe, 0x50, 0xe,
    0x60, 0x6, 0x67, 0xd6, 0x0, 0x50, 0xd, 0x60,
    0x86, 0x7f, 0x21, 0x87, 0x0, 0x44, 0x61, 0xc0,
    0x1f, 0xac, 0x10, 0x40, 0xa, 0x0, 0x40, 0xf,
    0xcc, 0x0, 0x70, 0x5, 0x2, 0x8, 0x7, 0xe1,
    0x30, 0xa0, 0x22, 0x6, 0x80, 0x7f, 0xa8, 0xc,
    0x40,

    /* U+0042 "B" */
    0xbf, 0xff, 0xb6, 0x8, 0x3, 0xfe, 0x27, 0xd4,
    0x0, 0xc7, 0x99, 0xae, 0x0, 0x14, 0x20, 0x13,
    0x99, 0xe4, 0x7d, 0x1, 0x60, 0xf, 0xf1, 0x28,
    0x60, 0x7, 0xfc, 0x40, 0xe0, 0x1f, 0xf1, 0x83,
    0x0, 0x7f, 0x8d, 0x3, 0xc0, 0x31, 0x16, 0x37,
    0xc0, 0x65, 0x0, 0x93, 0x77, 0x64, 0xd, 0x48,
    0x7, 0xfc, 0x35, 0x0, 0x19, 0x3f, 0xfb, 0x14,
    0x1e, 0x0, 0x3f, 0x8e, 0x9c, 0x1c, 0x40, 0x3f,
    0xd0, 0x0, 0x70, 0xf, 0xf8, 0x83, 0x80, 0x3f,
    0xe3, 0xf, 0x0, 0xff, 0x38, 0x82, 0x0, 0x1c,
    0xcf, 0x96, 0xa0, 0xc, 0xc0, 0x3, 0xcc, 0xea,
    0x50, 0x2d, 0x0, 0xfe, 0x14, 0x9d, 0x10,

    /* U+0043 "C" */
    0x0, 0xe3, 0xad, 0xff, 0x6c, 0x98, 0x7, 0xc3,
    0x58, 0xa4, 0x0, 0x26, 0xc9, 0x0, 0xe1, 0xc5,
    0x1, 0x79, 0xa7, 0x10, 0x6b, 0x0, 0xd6, 0x40,
    0xfd, 0xc, 0xb1, 0xca, 0x8, 0xe0, 0x4, 0x50,
    0x78, 0x0, 0xf5, 0x20, 0x48, 0x3, 0xc0, 0xa0,
    0x3, 0xf4, 0x80, 0xa8, 0x20, 0x50, 0x7, 0xf1,
    0x54, 0xb1, 0x80, 0x14, 0x3, 0xfc, 0xac, 0x6c,
    0x0, 0x20, 0xf, 0xfe, 0x9, 0x80, 0x80, 0x7f,
    0xf4, 0xcc, 0x4, 0x3, 0xff, 0x84, 0xc0, 0x2,
    0x0, 0xff, 0xe0, 0x98, 0x1, 0x40, 0x3f, 0xca,
    0xc6, 0x8, 0x14, 0x1, 0xfc, 0x55, 0x2c, 0x1e,
    0x5, 0x0, 0x1f, 0xa0, 0x0, 0xa0, 0x88, 0x7,
    0x80, 0xf, 0x52, 0x84, 0x0, 0x54, 0x40, 0xfd,
    0xc, 0xb1, 0xca, 0x8, 0xe0, 0x10, 0xe2, 0x0,
    0xbc, 0xd3, 0x88, 0x35, 0x80, 0x70, 0xdd, 0x94,
    0x80, 0x4, 0xd9, 0x20, 0x10,

    /* U+0044 "D" */
    0xbf, 0xff, 0x76, 0x41, 0x0, 0x7f, 0xf0, 0x4,
    0xdf, 0x60, 0x3, 0xc3, 0x99, 0x5d, 0x38, 0x83,
    0xd8, 0x7, 0x29, 0x9c, 0x8b, 0x1c, 0xa0, 0x90,
    0x1, 0xff, 0xc0, 0xa5, 0x7, 0x10, 0xf, 0xfe,
    0x5, 0x80, 0x24, 0x3, 0xff, 0x80, 0x2a, 0x8,
    0x1, 0xff, 0xc1, 0xc0, 0x30, 0xf, 0xfe, 0xa,
    0x80, 0x8, 0x3, 0xff, 0x80, 0x20, 0x1, 0x0,
    0xff, 0xe8, 0x30, 0x0, 0x40, 0x3f, 0xf8, 0x4,
    0x0, 0x20, 0xf, 0xfe, 0x6, 0x1, 0x80, 0x7f,
    0xf0, 0x5, 0x42, 0xc0, 0x3f, 0xf8, 0x14, 0x0,
    0x60, 0xf, 0xfa, 0xd0, 0x20, 0x40, 0x25, 0x33,
    0x91, 0xa7, 0xd0, 0x15, 0xc0, 0x30, 0xe6, 0x57,
    0x2c, 0x0, 0x7a, 0x0, 0xff, 0x9, 0xc7, 0x40,
    0x6,

    /* U+0045 "E" */
    0xbf, 0xff, 0xf6, 0x80, 0x7f, 0xf0, 0x8f, 0x33,
    0xf7, 0x80, 0x1c, 0xcf, 0xf1, 0x0, 0x7f, 0xfc,
    0x93, 0xff, 0xf1, 0x80, 0x7f, 0xf0, 0x8f, 0x33,
    0xf1, 0x80, 0x1c, 0xcf, 0xf0, 0x7, 0xff, 0x9d,
    0xcc, 0xff, 0x80, 0x7, 0x99, 0xfb, 0x40, 0x3f,
    0xf8, 0x0,

    /* U+0046 "F" */
    0xbf, 0xff, 0xf5, 0x80, 0x7f, 0xf0, 0x8f, 0x33,
    0xf4, 0x80, 0x1c, 0xcf, 0xf1, 0x0, 0x7f, 0xfc,
    0x93, 0xff, 0xed, 0x0, 0xff, 0xe1, 0x9e, 0x67,
    0xdc, 0x1, 0x39, 0x9f, 0xe0, 0xf, 0xff, 0xf8,
    0x7, 0xf8,

    /* U+0047 "G" */
    0x0, 0xe4, 0xae, 0xff, 0x6c, 0x90, 0x7, 0xc3,
    0x76, 0x51, 0x0, 0x13, 0x6c, 0x80, 0x70, 0xe2,
    0x0, 0xbc, 0xc9, 0x84, 0x1a, 0xc0, 0x35, 0x10,
    0x3f, 0x43, 0x32, 0x79, 0x1, 0x20, 0x0, 0x88,
    0x7, 0x80, 0xf, 0x59, 0x83, 0x88, 0x78, 0x14,
    0x0, 0x7e, 0xf0, 0x3, 0x82, 0x5, 0x0, 0x7f,
    0x1d, 0xd9, 0xc, 0x0, 0xa0, 0x1f, 0xe4, 0x41,
    0x30, 0x0, 0x80, 0x3f, 0xf8, 0x26, 0x2, 0x1,
    0xe1, 0x33, 0xf1, 0x0, 0x7f, 0x36, 0x67, 0xb8,
    0xc0, 0x40, 0x3f, 0xf8, 0x4c, 0x0, 0x20, 0xe,
    0x7f, 0xfc, 0xa0, 0x3, 0x0, 0x28, 0x7, 0xf9,
    0x81, 0x81, 0x2, 0x80, 0x3f, 0x84, 0xc3, 0x43,
    0xc0, 0xa0, 0x3, 0xf5, 0x80, 0x18, 0x11, 0x0,
    0xf2, 0x1, 0xe9, 0x50, 0x71, 0x0, 0x51, 0x3,
    0x74, 0x33, 0x23, 0x98, 0xe, 0x0, 0x21, 0xc4,
    0x1, 0x79, 0x93, 0x88, 0x2e, 0x0, 0x70, 0xdd,
    0x94, 0x80, 0x4, 0xd9, 0x40, 0x10,

    /* U+0048 "H" */
    0xbf, 0xb0, 0xf, 0xe6, 0xff, 0x0, 0x7f, 0xff,
    0xc0, 0x3f, 0xfb, 0x8e, 0x67, 0xfd, 0xc0, 0x1c,
    0x79, 0x9f, 0xce, 0x1, 0xff, 0xc9, 0x4f, 0xff,
    0xe9, 0x0, 0xff, 0xff, 0x80, 0x7f, 0xfb, 0x0,

    /* U+0049 "I" */
    0xbf, 0xb0, 0xf, 0xff, 0x68,

    /* U+004A "J" */
    0x0, 0xfe, 0xdf, 0x90, 0xf, 0xff, 0xf8, 0x7,
    0xff, 0xe6, 0xfe, 0x80, 0x3f, 0xe1, 0x0, 0xf1,
    0x80, 0x90, 0x28, 0x7, 0x8, 0x83, 0xb0, 0x5,
    0x80, 0x34, 0x0, 0x11, 0x48, 0x26, 0x11, 0x69,
    0x81, 0x8, 0x3c, 0x41, 0xee, 0x94, 0xa, 0x80,
    0x5, 0xee, 0x40, 0x3, 0x8d, 0x10,

    /* U+004B "K" */
    0xbf, 0xb0, 0xf, 0xd9, 0xfe, 0x40, 0xf, 0xf5,
    0x98, 0x4a, 0x0, 0x7f, 0x4a, 0x3, 0xb0, 0x7,
    0xf3, 0xb0, 0x2c, 0x0, 0x7f, 0x2c, 0x2, 0x50,
    0x7, 0xf2, 0x50, 0x15, 0x80, 0x7f, 0x15, 0x0,
    0xe0, 0x7, 0xf0, 0xe0, 0x86, 0x8, 0x7, 0xc2,
    0x1a, 0x21, 0x44, 0x1, 0xfd, 0x26, 0x0, 0xf0,
    0xf, 0xe5, 0x60, 0x20, 0x55, 0x0, 0x7f, 0xa7,
    0x4c, 0x2c, 0x40, 0x3f, 0x3b, 0x7, 0x0, 0xd8,
    0x7, 0xe8, 0x0, 0x14, 0x2, 0xa8, 0x3, 0xc8,
    0x1, 0x9c, 0xc2, 0xc4, 0x3, 0xfe, 0xe0, 0x1a,
    0x0, 0xff, 0x8a, 0x1, 0x18, 0x3, 0xfe, 0x73,
    0x9, 0x10, 0xf, 0xfb, 0x80, 0x14, 0x1, 0xff,
    0x14, 0x2, 0x30,

    /* U+004C "L" */
    0xbf, 0xb0, 0xf, 0xff, 0xf8, 0x7, 0xff, 0xfc,
    0x3, 0xff, 0xd2, 0xe6, 0x7f, 0x84, 0x0, 0x79,
    0x9f, 0x98, 0x3, 0xff, 0x80,

    /* U+004D "M" */
    0xbf, 0xf7, 0x0, 0x7f, 0xcd, 0xff, 0x18, 0x4,
    0x28, 0x1, 0xfe, 0xa0, 0xf, 0xdc, 0x1, 0xfc,
    0x46, 0x1, 0xe3, 0x5, 0x0, 0xfe, 0xa0, 0x30,
    0xe, 0x40, 0x3, 0x0, 0x7e, 0x50, 0xb0, 0xf,
    0x28, 0x68, 0x7, 0xc6, 0x40, 0x80, 0x1e, 0xf0,
    0x41, 0x0, 0xf5, 0x2, 0x8, 0x7, 0xa, 0x80,
    0x18, 0x3, 0xce, 0x1a, 0x1, 0xf9, 0x82, 0x80,
    0x39, 0x44, 0x1c, 0x3, 0xf6, 0x81, 0x18, 0x6,
    0xe0, 0x51, 0x0, 0xfc, 0x84, 0x14, 0x1, 0xa,
    0x7, 0x0, 0x7f, 0x94, 0x1c, 0x2, 0x70, 0x14,
    0x0, 0xff, 0x50, 0xa, 0x80, 0x28, 0x18, 0x3,
    0xfe, 0x23, 0xf, 0x2, 0x30, 0xb0, 0xf, 0xfe,
    0x5, 0x2, 0x82, 0x81, 0x18, 0x7, 0xff, 0x1,
    0x80, 0x9, 0x61, 0x40, 0x1f, 0xfc, 0x25, 0xe,
    0x30, 0x60, 0xf, 0xfe, 0x17, 0x2, 0x82, 0x8,
    0x7, 0xff, 0x9, 0x8, 0x1, 0xc0, 0x1f, 0xfc,
    0x45, 0x1, 0x50, 0xf, 0xc0,

    /* U+004E "N" */
    0xbf, 0xf3, 0x0, 0x7e, 0x1f, 0xf2, 0x0, 0x52,
    0x20, 0x1f, 0xfc, 0x3b, 0x0, 0xff, 0xe0, 0x88,
    0x2a, 0x0, 0x7f, 0xf0, 0x1c, 0x82, 0x40, 0x3f,
    0xf8, 0x32, 0x4, 0xe0, 0x1f, 0xf1, 0xa2, 0x2,
    0x8, 0x3, 0xff, 0x81, 0x20, 0x9, 0x0, 0xff,
    0x8, 0x13, 0x2, 0x20, 0x3, 0xff, 0x81, 0x2,
    0x14, 0x1, 0xff, 0xc0, 0x1b, 0x1, 0x80, 0xf,
    0xfe, 0x2, 0x98, 0x39, 0x0, 0x7f, 0xf0, 0x38,
    0x1, 0x20, 0x1f, 0xfc, 0x2, 0x70, 0x45, 0x0,
    0xff, 0xe0, 0x40, 0x84, 0x0, 0x7f, 0xf0, 0x6c,
    0x9, 0x80, 0x3f, 0xf8, 0xa, 0x81, 0x20, 0x1f,
    0xfc, 0x19, 0x1, 0x0, 0xff, 0xe0, 0x94, 0x0,
    0x7f, 0xf0, 0xdc, 0x80, 0x20,

    /* U+004F "O" */
    0x0, 0xe3, 0xad, 0xff, 0x6c, 0x98, 0x7, 0xe1,
    0xac, 0x52, 0x0, 0x13, 0x64, 0x80, 0x7d, 0xaa,
    0x2, 0xf3, 0x26, 0x10, 0x6b, 0x0, 0xea, 0x30,
    0x7e, 0x86, 0x64, 0xf2, 0x82, 0x40, 0x4, 0x8a,
    0xf, 0x0, 0x1e, 0xa5, 0x7, 0x20, 0x7, 0x81,
    0x40, 0x7, 0xeb, 0x10, 0xb0, 0x2, 0x5, 0x0,
    0x7f, 0xb, 0x83, 0x81, 0x80, 0x14, 0x3, 0xfd,
    0xa0, 0x22, 0x60, 0x1, 0x0, 0x7f, 0x98, 0x0,
    0x46, 0x2, 0x1, 0xff, 0x10, 0x1, 0xc0, 0x3f,
    0xf8, 0x42, 0x1, 0x18, 0x8, 0x7, 0xfc, 0x60,
    0x7, 0x60, 0x1, 0x0, 0x7f, 0x98, 0x0, 0x46,
    0x0, 0x50, 0xf, 0xf6, 0x80, 0x88, 0x10, 0x28,
    0x3, 0xf8, 0x5c, 0x1c, 0x1, 0xe0, 0x50, 0x1,
    0xfa, 0xc4, 0x2c, 0x0, 0x8a, 0xf, 0x0, 0x1e,
    0xa5, 0x7, 0x20, 0xa, 0xc8, 0x1f, 0xa1, 0x99,
    0x3c, 0xa0, 0x90, 0x1, 0x87, 0x10, 0x5, 0xe6,
    0x4c, 0x20, 0xd6, 0x1, 0xe1, 0xbb, 0x29, 0x0,
    0x9, 0xb2, 0x40, 0x30,

    /* U+0050 "P" */
    0xbf, 0xff, 0x76, 0x38, 0x80, 0x7f, 0x84, 0xe3,
    0xd0, 0x3, 0x1e, 0x66, 0xb7, 0x1, 0xb1, 0x0,
    0x9c, 0xcf, 0x24, 0x68, 0x2, 0x0, 0x3f, 0xc4,
    0xe0, 0xe0, 0x1f, 0xf6, 0x0, 0x88, 0x3, 0xfc,
    0xe0, 0x3, 0x0, 0xff, 0x38, 0x0, 0xc0, 0x3f,
    0xda, 0x2, 0x20, 0xf, 0xe3, 0x60, 0x70, 0x9,
    0x4c, 0xf2, 0x46, 0x0, 0x20, 0x2, 0x1c, 0xcd,
    0x6e, 0x3, 0x82, 0x1, 0xf8, 0x4d, 0xfc, 0xc0,
    0x32, 0x7f, 0xee, 0xc8, 0x10, 0xf, 0xff, 0xf8,
    0x7, 0xff, 0x0,

    /* U+0051 "Q" */
    0x0, 0xe3, 0xad, 0xff, 0x6c, 0x98, 0x7, 0xe1,
    0xac, 0x52, 0x0, 0x13, 0x64, 0x80, 0x7d, 0xaa,
    0x2, 0xf3, 0x26, 0x10, 0x6b, 0x0, 0xea, 0x30,
    0x7e, 0x86, 0x64, 0xf2, 0x82, 0x40, 0x4, 0x8a,
    0xf, 0x0, 0x1e, 0xa5, 0x7, 0x20, 0x7, 0x81,
    0x40, 0x7, 0xeb, 0x10, 0xb0, 0x2, 0x5, 0x0,
    0x7f, 0xb, 0x83, 0x81, 0x80, 0x14, 0x3, 0xfd,
    0xa0, 0x22, 0x60, 0x1, 0x0, 0x7f, 0x98, 0x0,
    0x46, 0x2, 0x1, 0xff, 0x10, 0x1, 0xc0, 0x3f,
    0xf8, 0x42, 0x1, 0x18, 0x8, 0x7, 0xfc, 0x60,
    0x7, 0x60, 0x1, 0x0, 0x7f, 0x98, 0x0, 0x46,
    0x0, 0x50, 0xc, 0x8c, 0x80, 0x16, 0x80, 0x88,
    0x10, 0x28, 0x3, 0x3c, 0xda, 0x80, 0xb8, 0x38,
    0x3, 0xc0, 0xa0, 0x2, 0x38, 0xa, 0x2b, 0x10,
    0xb0, 0x2, 0x28, 0x3c, 0x0, 0x4e, 0x81, 0xaa,
    0xe, 0x40, 0x15, 0x90, 0x3f, 0x43, 0x30, 0x40,
    0x24, 0x80, 0xc, 0x38, 0x80, 0x2f, 0x32, 0x50,
    0xb, 0x80, 0x3c, 0x37, 0x65, 0x20, 0x1, 0x32,
    0x5, 0x88, 0x7, 0xc9, 0x5b, 0xfe, 0xd9, 0xb3,
    0x1a, 0x0, 0xff, 0xe1, 0xeb, 0x99, 0x0,

    /* U+0052 "R" */
    0xbf, 0xff, 0x76, 0xc1, 0x0, 0x7f, 0x84, 0x9f,
    0x54, 0x3, 0x1e, 0x66, 0xb7, 0x10, 0xa3, 0x0,
    0x9c, 0xcf, 0x24, 0x78, 0x84, 0x80, 0x7f, 0x86,
    0x41, 0x40, 0x3f, 0xe3, 0x0, 0x10, 0x7, 0xf9,
    0xc0, 0x3f, 0xf8, 0x2a, 0x0, 0x30, 0xf, 0xf5,
    0x1, 0x88, 0x7, 0xc2, 0x98, 0x61, 0x20, 0x12,
    0x7f, 0xee, 0xb3, 0x6, 0x50, 0xf, 0xfa, 0xa4,
    0x3, 0xb3, 0x31, 0x0, 0x10, 0x3, 0x90, 0xcf,
    0x78, 0x2, 0x0, 0x3f, 0xc4, 0xa0, 0xc4, 0x1,
    0xfe, 0x80, 0x5, 0x80, 0x7f, 0x89, 0x41, 0x88,
    0x3, 0xfd, 0x0, 0x8, 0x0, 0xff, 0x13, 0x2,
    0x90, 0x7, 0xfa, 0x0, 0x12,

    /* U+0053 "S" */
    0x0, 0xcd, 0x7d, 0xfd, 0x6c, 0x1, 0xe3, 0xd9,
    0x41, 0x1, 0x49, 0xd2, 0x0, 0x87, 0x48, 0x1a,
    0xb2, 0x94, 0xb, 0x4, 0x1, 0x2, 0x1b, 0x2a,
    0x6b, 0x56, 0x3, 0x20, 0x4, 0x7, 0x20, 0xe,
    0x45, 0x5, 0x0, 0x10, 0x70, 0x7, 0xd7, 0x9e,
    0x0, 0x20, 0xc0, 0xf, 0x84, 0xc8, 0x0, 0xa0,
    0xb2, 0x20, 0x1f, 0xe8, 0x40, 0x6e, 0xa5, 0x10,
    0xf, 0xd7, 0x0, 0x5, 0xae, 0xb6, 0x0, 0xf9,
    0xfe, 0x90, 0x0, 0x93, 0xa6, 0x1, 0xf2, 0xdf,
    0xda, 0x81, 0x61, 0x80, 0x7f, 0x25, 0x69, 0x7,
    0x80, 0x7f, 0xc5, 0x20, 0x62, 0x6e, 0xc0, 0x1f,
    0x98, 0x0, 0x6d, 0x12, 0x60, 0x1f, 0x20, 0x0,
    0x90, 0x1, 0xe2, 0x1, 0xc7, 0x0, 0x80, 0x30,
    0x7, 0xf0, 0xa8, 0xb5, 0x82, 0x10, 0x0, 0x78,
    0x1, 0x7a, 0xba, 0x50, 0x1b, 0x30, 0x9, 0xf5,
    0xc8, 0x40, 0x4e, 0x3d, 0x0, 0x0,

    /* U+0054 "T" */
    0xcf, 0xff, 0xfe, 0xc, 0x0, 0x7f, 0xf0, 0xfb,
    0x33, 0x88, 0x13, 0x33, 0xa4, 0x8c, 0xf8, 0x40,
    0x8c, 0xf8, 0x40, 0x3f, 0xff, 0xe0, 0x1f, 0xff,
    0xf0, 0xf, 0xff, 0xf8, 0x7, 0xff, 0xc,

    /* U+0055 "U" */
    0xbf, 0xb0, 0xf, 0xe5, 0xff, 0x8, 0x7, 0xff,
    0xfc, 0x3, 0xff, 0xfe, 0x1, 0xff, 0xdd, 0x11,
    0x3, 0x80, 0x7f, 0x18, 0x4, 0x40, 0x60, 0x1f,
    0xd8, 0x2, 0x18, 0x0, 0x70, 0xf, 0x89, 0x41,
    0xc1, 0x8, 0x21, 0x40, 0x38, 0xbc, 0x1, 0x60,
    0xf, 0x0, 0x56, 0x3a, 0xb5, 0x69, 0x4, 0x10,
    0x0, 0xb4, 0x80, 0xe2, 0xa5, 0x40, 0x12, 0xe0,
    0x18, 0xb6, 0x90, 0x80, 0x4d, 0xf9, 0x80, 0x20,

    /* U+0056 "V" */
    0x2f, 0xf2, 0x80, 0x7f, 0x9f, 0xfc, 0x24, 0x40,
    0xe0, 0xf, 0xf5, 0x81, 0x88, 0x50, 0x20, 0x80,
    0x7e, 0x13, 0xa, 0x0, 0x28, 0x1, 0xc0, 0x3f,
    0x38, 0x1, 0xc0, 0x4, 0x61, 0xa0, 0x1f, 0xa8,
    0x10, 0x40, 0x2a, 0x4, 0x10, 0xf, 0x9, 0x86,
    0x80, 0x67, 0x0, 0x38, 0x7, 0x9c, 0x0, 0xe0,
    0x18, 0x50, 0x34, 0x3, 0xd4, 0x8, 0x20, 0x1d,
    0xa0, 0x82, 0x1, 0x84, 0xc3, 0x80, 0x3c, 0xe0,
    0x7, 0x0, 0xce, 0x0, 0x50, 0xf, 0xa, 0x6,
    0x80, 0x6d, 0x5, 0x0, 0xfd, 0xc0, 0x82, 0x0,
    0x14, 0xf, 0x0, 0xfc, 0xa0, 0x7, 0x0, 0x38,
    0x1, 0x40, 0x3f, 0x94, 0x34, 0x1, 0xa0, 0xa0,
    0x1f, 0xee, 0x4, 0x0, 0x20, 0x70, 0x7, 0xf9,
    0x4, 0x11, 0x0, 0x28, 0x1, 0xff, 0x38, 0x6e,
    0x81, 0xc0, 0x3f, 0xf8, 0x14, 0xe, 0x81, 0xa0,
    0x1f, 0xfc, 0x3, 0x11, 0x10, 0xa0, 0x7, 0xff,
    0x5, 0x80, 0xe, 0x1, 0xf0,

    /* U+0057 "W" */
    0x3f, 0xf1, 0x80, 0x7d, 0x7f, 0xe4, 0x0, 0xfa,
    0xbf, 0x4c, 0x0, 0x80, 0x1f, 0x28, 0x3, 0x0,
    0x3e, 0x40, 0x40, 0x40, 0xc0, 0xf, 0x18, 0x80,
    0x10, 0x3, 0xc4, 0x21, 0xa1, 0x80, 0x80, 0x1e,
    0x40, 0x30, 0x30, 0xf, 0x20, 0x1, 0x1, 0x0,
    0x6, 0x1, 0xd8, 0x16, 0x20, 0x80, 0x1d, 0x80,
    0x60, 0x3, 0x10, 0x40, 0xe, 0x50, 0x35, 0xc,
    0x0, 0xe7, 0x4, 0x0, 0x90, 0x30, 0x3, 0x10,
    0x82, 0xe0, 0x20, 0x6, 0x12, 0xc, 0x0, 0xb0,
    0x10, 0x3, 0x20, 0x10, 0xa0, 0x18, 0x6, 0x40,
    0x2, 0x0, 0x48, 0x0, 0x30, 0xb, 0x1, 0x0,
    0xc0, 0x8, 0x1, 0x60, 0x18, 0x6, 0x21, 0x4,
    0x0, 0x90, 0x30, 0x0, 0x81, 0x80, 0x12, 0x5,
    0x80, 0x72, 0x6, 0x0, 0x8, 0x41, 0x0, 0x18,
    0x8, 0x0, 0x12, 0x4, 0x0, 0xec, 0x5, 0x0,
    0x20, 0x18, 0x80, 0x10, 0xc, 0x0, 0x80, 0x3,
    0x0, 0xe7, 0x1, 0x20, 0xc0, 0x40, 0x8, 0xc0,
    0x8, 0x18, 0x8, 0x1, 0xe1, 0x20, 0x40, 0x40,
    0xc0, 0xc, 0x81, 0x80, 0xa1, 0x80, 0x1f, 0x20,
    0x79, 0x8, 0x20, 0x6, 0xc0, 0x30, 0x30, 0x40,
    0xf, 0xb0, 0x11, 0xc0, 0xc0, 0x39, 0x1, 0xc,
    0x4, 0xc0, 0x3e, 0x40, 0x2c, 0x4, 0x0, 0xe3,
    0x10, 0xa0, 0x40, 0xf, 0xc2, 0x40, 0xc1, 0x80,
    0x1e, 0x40, 0x60, 0xc0, 0xf, 0xe4, 0x0, 0x90,
    0x3, 0xd8, 0x1, 0x20, 0x7, 0xf6, 0x0, 0xc,
    0x3, 0xe4, 0x0, 0x9, 0x0, 0x60,

    /* U+0058 "X" */
    0x8, 0xff, 0x20, 0x7, 0xe6, 0xff, 0x28, 0x2,
    0x8, 0x24, 0x3, 0xe1, 0x90, 0x55, 0x0, 0x5c,
    0x5, 0x0, 0x1e, 0xa0, 0x1b, 0x0, 0xc6, 0xc0,
    0xe6, 0x1, 0x99, 0x2, 0xc4, 0x3, 0xa4, 0x43,
    0x80, 0x21, 0x80, 0x45, 0x0, 0xfa, 0x80, 0x9c,
    0x1, 0x62, 0x2a, 0x0, 0xfc, 0x8c, 0x10, 0x28,
    0xa1, 0x2, 0x1, 0xfd, 0x2, 0x11, 0x0, 0x46,
    0x0, 0xff, 0xd, 0x83, 0x18, 0x50, 0x7, 0xff,
    0x1, 0x40, 0x26, 0x10, 0xf, 0xfe, 0x0, 0x80,
    0x48, 0x1, 0xff, 0xc1, 0xb0, 0x10, 0x27, 0x0,
    0xff, 0x95, 0x41, 0x4e, 0x10, 0x40, 0x1f, 0xc3,
    0x60, 0x88, 0x91, 0xe, 0x0, 0xfe, 0xb1, 0x9,
    0x1, 0xb0, 0x37, 0x0, 0xf9, 0x14, 0x20, 0x80,
    0xa, 0x81, 0x4, 0x1, 0xc3, 0x40, 0x6e, 0x1,
    0xa8, 0x1, 0x20, 0x1d, 0x62, 0x1c, 0x1, 0xc3,
    0x20, 0x8c, 0x1, 0x22, 0x84, 0x10, 0x7, 0x99,
    0x2, 0x44, 0x1, 0x40, 0x6e, 0x1, 0xfa, 0x40,
    0x14, 0x0,

    /* U+0059 "Y" */
    0x1f, 0xf5, 0x80, 0x7f, 0xf, 0xfa, 0xc6, 0x1,
    0x14, 0x3, 0xf5, 0x80, 0x24, 0x1c, 0x82, 0x0,
    0x3e, 0x35, 0x7, 0x20, 0x4, 0x81, 0x38, 0x7,
    0xbc, 0x6, 0x0, 0x24, 0x40, 0x40, 0x80, 0x66,
    0x30, 0xb0, 0xe, 0x90, 0x5, 0x80, 0x43, 0x0,
    0x8a, 0x1, 0xc4, 0xe0, 0xa6, 0x0, 0x91, 0x9,
    0x0, 0xfa, 0x4, 0x3c, 0x5, 0xc1, 0x88, 0x3,
    0xf5, 0x81, 0xa4, 0x0, 0xc0, 0x7, 0xf2, 0xa0,
    0x4b, 0x4, 0x8, 0x7, 0xfa, 0x40, 0x80, 0xd8,
    0x3, 0xfe, 0x26, 0x0, 0x78, 0x7, 0xff, 0x7,
    0xc0, 0x6, 0x1, 0xff, 0xff, 0x0, 0xff, 0xf3,
    0x0,

    /* U+005A "Z" */
    0x7f, 0xff, 0xfe, 0x5, 0x80, 0x7f, 0xf0, 0x9b,
    0x77, 0xfa, 0x0, 0x1e, 0x24, 0x5f, 0x8e, 0x41,
    0x90, 0x3, 0xfa, 0xc4, 0x50, 0x1, 0xfc, 0x8a,
    0x16, 0x20, 0x1f, 0xd2, 0x8, 0xa0, 0x1f, 0xd0,
    0x41, 0x20, 0x1f, 0xc6, 0xe1, 0x4, 0x1, 0xfd,
    0xe0, 0x6e, 0x1, 0xfc, 0xe6, 0x1e, 0x1, 0xfc,
    0x30, 0xe, 0x60, 0x1f, 0xd4, 0x5, 0x0, 0x1f,
    0xca, 0x81, 0x20, 0x1f, 0xc3, 0x60, 0xa8, 0x1,
    0xfd, 0x2, 0x2b, 0x0, 0xfe, 0x36, 0xa, 0x10,
    0xf, 0xee, 0x3, 0x62, 0x2f, 0xc2, 0xa4, 0x7,
    0xbb, 0xfe, 0x0, 0xff, 0xe1, 0x0,

    /* U+005B "[" */
    0x2f, 0xfd, 0xc0, 0x1f, 0xdf, 0xee, 0x0, 0xff,
    0xff, 0x80, 0x7f, 0xf7, 0x84, 0x3, 0xbb, 0xf8,
    0x3, 0xc0,

    /* U+005C "\\" */
    0x28, 0x60, 0xf, 0x9e, 0x0, 0x3c, 0x42, 0x23,
    0x0, 0xf2, 0x2, 0x0, 0x7b, 0x3, 0x0, 0x3c,
    0x80, 0x80, 0x1e, 0x22, 0x1, 0x80, 0x79, 0x2,
    0xc0, 0x3d, 0x80, 0x80, 0x1e, 0x40, 0x30, 0xf,
    0x9, 0x2, 0x0, 0x79, 0x3, 0x0, 0x3d, 0x80,
    0x80, 0x1e, 0x40, 0x31, 0x0, 0xe1, 0x30, 0x40,
    0xf, 0x20, 0x60, 0x7, 0xb0, 0x10, 0x3, 0xc8,
    0x4, 0x20, 0x1e, 0x30, 0x40, 0xf, 0x58, 0x60,
    0x7, 0x90, 0x10, 0x3, 0xc6, 0x4, 0x40, 0xf,
    0x20, 0x20, 0x7, 0xb0, 0x30,

    /* U+005D "]" */
    0x7f, 0xfd, 0x20, 0x1e, 0x7f, 0xf3, 0x0, 0x7f,
    0xff, 0xc0, 0x3f, 0xfc, 0x6f, 0xfe, 0x60, 0xf,
    0xc0,

    /* U+005E "^" */
    0x0, 0xc2, 0x20, 0xf, 0xcd, 0xdc, 0xa0, 0xf,
    0xac, 0x0, 0xa4, 0x1, 0xca, 0x46, 0xe1, 0x60,
    0x1d, 0x1, 0x32, 0x6, 0x10, 0x9, 0x8, 0x54,
    0x54, 0x24, 0x2, 0x80, 0x90, 0x4, 0x3, 0x88,
    0x19, 0x81, 0xc0, 0x4, 0x80, 0xc1, 0x0, 0xe0,
    0x1b, 0xc2, 0x40,

    /* U+005F "_" */
    0x33, 0xff, 0x8b, 0x33, 0xfe, 0xf0, 0xf, 0xfe,
    0x0,

    /* U+0060 "`" */
    0xb, 0xe9, 0x0, 0xa0, 0x58, 0x40, 0x6, 0xc1,
    0x20, 0x14, 0x8b, 0x80,

    /* U+0061 "a" */
    0x0, 0x9f, 0x3f, 0xdb, 0x44, 0x1, 0x17, 0x41,
    0x80, 0x9, 0x75, 0x40, 0x18, 0x21, 0x1b, 0xd6,
    0x61, 0x42, 0x64, 0x16, 0xe4, 0x29, 0xa0, 0x7,
    0x3c, 0xe4, 0x0, 0xc2, 0x81, 0xc0, 0x1, 0x0,
    0xe1, 0x60, 0x10, 0x8, 0xde, 0xb3, 0xb8, 0x40,
    0x12, 0xf6, 0x42, 0x98, 0x99, 0x0, 0x12, 0x84,
    0xa2, 0xf7, 0xf1, 0x80, 0x1e, 0x7, 0xae, 0x84,
    0x1, 0xcc, 0x16, 0x1, 0xe5, 0x0, 0x30, 0x68,
    0x7, 0x38, 0x80, 0x34, 0x16, 0x50, 0x92, 0xa0,
    0x40, 0xc, 0x80, 0xd7, 0xb6, 0xac, 0x80, 0x15,
    0xc9, 0x80, 0xe, 0x64, 0x1, 0x0,

    /* U+0062 "b" */
    0xff, 0x20, 0x7, 0xff, 0xda, 0x3b, 0xf6, 0x88,
    0x3, 0x87, 0x1c, 0x40, 0x97, 0x54, 0x3, 0x49,
    0xb6, 0x6d, 0x10, 0x51, 0x80, 0x47, 0x32, 0x32,
    0x5c, 0x20, 0xf0, 0x8, 0x98, 0x3, 0xc, 0x1,
    0x90, 0x2, 0x80, 0x3c, 0xa0, 0x4, 0x0, 0x10,
    0x7, 0xc6, 0x1c, 0x0, 0x10, 0xf, 0x9c, 0x4,
    0x0, 0x20, 0x1f, 0x38, 0x8, 0x3, 0x40, 0x3e,
    0x30, 0xe0, 0x2, 0x80, 0x79, 0x40, 0x8, 0x0,
    0x27, 0x0, 0xc3, 0x0, 0x64, 0x0, 0x48, 0x93,
    0x25, 0xc2, 0xf, 0x0, 0xa0, 0xdb, 0x36, 0x88,
    0x28, 0xc0, 0x36, 0x39, 0x0, 0xae, 0xa8, 0x0,

    /* U+0063 "c" */
    0x0, 0x86, 0x37, 0xfd, 0x8a, 0x1, 0xc9, 0xce,
    0x40, 0x3, 0xac, 0x0, 0x8a, 0xc0, 0xab, 0x30,
    0xe0, 0x76, 0x0, 0xe0, 0x2c, 0x53, 0x34, 0x50,
    0x22, 0x8, 0xc2, 0x44, 0x3, 0x2c, 0x52, 0xa8,
    0x5, 0x0, 0x3c, 0xea, 0x3c, 0xa, 0x1, 0xfe,
    0x30, 0x10, 0xf, 0xf1, 0x80, 0x80, 0x7f, 0xb8,
    0x14, 0x3, 0xfc, 0xa0, 0x28, 0x1, 0xe8, 0x72,
    0x21, 0x84, 0x80, 0x72, 0x3c, 0x38, 0x78, 0x16,
    0xa9, 0x1c, 0x58, 0x1a, 0x81, 0xd8, 0x15, 0x6e,
    0x38, 0x1e, 0x80, 0x49, 0xce, 0x40, 0x3, 0x9c,
    0x10,

    /* U+0064 "d" */
    0x0, 0xff, 0x37, 0xf0, 0x7, 0xff, 0xac, 0xeb,
    0xbf, 0x5c, 0x3, 0xcd, 0x8a, 0x20, 0x51, 0x60,
    0x19, 0x24, 0xe, 0xb6, 0xd5, 0x28, 0x2, 0x90,
    0x3c, 0x52, 0x4a, 0x73, 0x0, 0x19, 0x7, 0x80,
    0x74, 0x8, 0x1, 0x0, 0x4c, 0x3, 0xce, 0x0,
    0xe0, 0x50, 0xf, 0xbc, 0x0, 0x60, 0x20, 0x1f,
    0x18, 0x0, 0xc0, 0x40, 0x3e, 0x30, 0x7, 0x2,
    0x80, 0x7d, 0xe0, 0x4, 0x1, 0x40, 0xf, 0x38,
    0x0, 0xc8, 0x20, 0x3, 0xa0, 0x40, 0x29, 0x3,
    0xd5, 0x23, 0xa7, 0x40, 0x9, 0x24, 0xa, 0xb7,
    0x15, 0x5e, 0x1, 0x9b, 0x14, 0x40, 0xa2, 0x80,
    0x20,

    /* U+0065 "e" */
    0x0, 0x8a, 0x77, 0xfa, 0xd4, 0x3, 0x93, 0x58,
    0x80, 0x52, 0xac, 0x2, 0x3b, 0x3, 0xad, 0xc6,
    0x4, 0xa0, 0x7, 0x82, 0x62, 0x91, 0xcc, 0x81,
    0x4c, 0x8c, 0x24, 0x3, 0x98, 0x82, 0xd4, 0xc,
    0x80, 0x3c, 0xa0, 0x9c, 0x7, 0xff, 0xf3, 0x80,
    0x98, 0x7, 0xfc, 0x66, 0x4, 0xff, 0xfe, 0xee,
    0x3, 0x0, 0x7f, 0x90, 0x8, 0x80, 0x1e, 0x31,
    0x3, 0x20, 0xe0, 0xe, 0x2c, 0xe7, 0xe, 0x3,
    0xd5, 0x23, 0x6c, 0x1, 0x60, 0x3b, 0x2, 0xad,
    0xc9, 0x11, 0x68, 0x80, 0x13, 0x9c, 0x80, 0x4,
    0xfe, 0x60,

    /* U+0066 "f" */
    0x0, 0xe3, 0x67, 0x50, 0xe, 0xac, 0x98, 0xa0,
    0xc, 0xea, 0x2, 0x6c, 0x1, 0xa8, 0x13, 0xb2,
    0x40, 0x31, 0x6, 0x80, 0x7f, 0x18, 0x6, 0xcf,
    0xf0, 0x2, 0xbf, 0xd2, 0x1, 0xff, 0x67, 0xf8,
    0x1, 0x3f, 0xe9, 0x0, 0xf1, 0x80, 0x7f, 0xff,
    0xc0, 0x3f, 0xfb, 0x60,

    /* U+0067 "g" */
    0x0, 0x8a, 0xbb, 0xf6, 0x1, 0x3f, 0xc0, 0x5,
    0xd5, 0x10, 0x27, 0xb0, 0xc, 0x74, 0x5, 0x5b,
    0x6a, 0x90, 0x1, 0x70, 0x16, 0xa9, 0x25, 0x39,
    0x80, 0x8, 0x81, 0x20, 0x1d, 0x2, 0x0, 0x50,
    0x14, 0x0, 0xf3, 0x80, 0x38, 0x14, 0x3, 0xef,
    0x0, 0x18, 0x8, 0x7, 0xc6, 0x0, 0x30, 0x10,
    0xf, 0x8c, 0x0, 0x20, 0xc0, 0x1f, 0x70, 0x3,
    0x0, 0x8c, 0x3, 0xca, 0x0, 0x41, 0xf, 0x0,
    0xe6, 0x20, 0xa, 0xc0, 0xf1, 0x48, 0xe6, 0x44,
    0x1, 0x2c, 0x1, 0xd6, 0xe3, 0x24, 0x0, 0x67,
    0xc5, 0x10, 0x27, 0xb0, 0xf, 0x1d, 0x77, 0xec,
    0x0, 0x42, 0x1, 0xfe, 0x20, 0x20, 0x6e, 0x60,
    0xe, 0x1a, 0x5, 0xd, 0x19, 0x91, 0x89, 0x36,
    0x10, 0x58, 0x5a, 0x3, 0x67, 0x6c, 0x90, 0x51,
    0x0, 0x2e, 0x90, 0x40, 0x6, 0xfc, 0xa0,

    /* U+0068 "h" */
    0xff, 0x20, 0x7, 0xff, 0xc0, 0x63, 0x7f, 0xa4,
    0x40, 0x31, 0x7b, 0x90, 0xb, 0x79, 0x0, 0x52,
    0x11, 0x96, 0xc0, 0x32, 0x1, 0xb1, 0xcd, 0x25,
    0x81, 0x4, 0x0, 0xc4, 0x1, 0xa0, 0x0, 0xa0,
    0xc, 0x0, 0xe1, 0x0, 0x8, 0x0, 0x40, 0x3c,
    0x20, 0x60, 0x1f, 0xff, 0xf0, 0xf, 0xfe, 0x48,

    /* U+0069 "i" */
    0x4, 0x60, 0x4b, 0x99, 0x8, 0x0, 0xd6, 0x1a,
    0xc1, 0xe4, 0x40, 0x3b, 0xfc, 0x80, 0x1f, 0xfe,
    0xc0,

    /* U+006A "j" */
    0x0, 0x91, 0x80, 0x24, 0xb9, 0x90, 0x0, 0x40,
    0x6, 0x0, 0x58, 0x6b, 0x0, 0x9e, 0x44, 0x3,
    0xfb, 0xfc, 0x80, 0x1f, 0xff, 0xf0, 0xf, 0xfe,
    0x59, 0x0, 0x1c, 0x13, 0x80, 0x4d, 0x6c, 0xc2,
    0x0, 0x23, 0x96, 0x0,

    /* U+006B "k" */
    0xff, 0x20, 0x7, 0xff, 0xd7, 0x3f, 0x84, 0x3,
    0xeb, 0x31, 0xc1, 0x0, 0xf4, 0xa0, 0x69, 0x0,
    0x7a, 0x18, 0x2c, 0xc0, 0x3c, 0xce, 0x12, 0x80,
    0x1e, 0x59, 0x8, 0x60, 0xf, 0x75, 0x0, 0x1c,
    0x3, 0xe5, 0x0, 0x90, 0x3, 0xf4, 0x90, 0x50,
    0x80, 0x79, 0xdb, 0xc0, 0x74, 0x3, 0xd8, 0x5,
    0x20, 0x70, 0x1, 0xf9, 0x94, 0x1d, 0x0, 0x3f,
    0x51, 0x5, 0x8, 0x7, 0xef, 0x1, 0xd0, 0xf,
    0xc5, 0x20, 0x70,

    /* U+006C "l" */
    0xff, 0x20, 0x7, 0xff, 0xb4,

    /* U+006D "m" */
    0xff, 0x18, 0xcf, 0x7d, 0x90, 0x0, 0xab, 0xbf,
    0x58, 0x3, 0x3e, 0x30, 0x82, 0x69, 0x1e, 0xa8,
    0x81, 0x4c, 0x80, 0x28, 0xa, 0xc9, 0x10, 0x8d,
    0x19, 0xca, 0x30, 0x63, 0x0, 0x16, 0x29, 0xb6,
    0x2, 0x8e, 0x31, 0xae, 0x8, 0x50, 0x2, 0x44,
    0x2, 0x22, 0x2, 0x90, 0x6, 0x70, 0x20, 0x1,
    0x0, 0x70, 0x81, 0x0, 0x70, 0x83, 0x80, 0x4,
    0x3, 0xff, 0xfe, 0x1, 0xff, 0xff, 0x0, 0xff,
    0xe3, 0x0,

    /* U+006E "n" */
    0xff, 0x18, 0xc6, 0xff, 0x48, 0x80, 0x67, 0xc7,
    0x20, 0x16, 0xf2, 0x0, 0xa4, 0x2f, 0xfa, 0x0,
    0x64, 0x2, 0x2c, 0x40, 0x17, 0x80, 0x41, 0x0,
    0x38, 0x80, 0x66, 0x0, 0x28, 0x3, 0x40, 0x38,
    0x40, 0x2, 0x0, 0x10, 0xf, 0x8, 0x7, 0xff,
    0xfc, 0x3, 0xff, 0x96,

    /* U+006F "o" */
    0x0, 0x86, 0x37, 0xfb, 0x14, 0x3, 0xc9, 0xce,
    0x40, 0x27, 0x58, 0x20, 0x11, 0x58, 0x15, 0x66,
    0x1c, 0xf, 0x40, 0x2e, 0x2, 0xc5, 0x33, 0x45,
    0x81, 0xa8, 0x11, 0x84, 0x88, 0x6, 0x45, 0x9,
    0x5, 0x1, 0x40, 0xf, 0x78, 0x18, 0x70, 0x28,
    0x7, 0xce, 0x0, 0x23, 0x1, 0x0, 0xf8, 0xc0,
    0x2, 0x60, 0x20, 0x1f, 0x18, 0x0, 0x78, 0x14,
    0x3, 0xe7, 0x0, 0x1a, 0x80, 0xa0, 0x7, 0xbc,
    0xc, 0x48, 0xc2, 0x40, 0x39, 0x14, 0x28, 0x1,
    0xe0, 0x5a, 0xa4, 0x71, 0x60, 0x6c, 0x0, 0x3b,
    0x2, 0xad, 0xc7, 0x3, 0xd0, 0xc, 0x9c, 0xe4,
    0x2, 0x75, 0x82, 0x0,

    /* U+0070 "p" */
    0xff, 0x18, 0xc7, 0x7e, 0xd1, 0x0, 0x73, 0xe3,
    0x88, 0x12, 0xea, 0x80, 0x69, 0x29, 0xff, 0x62,
    0x5, 0x18, 0x4, 0x56, 0xc0, 0x3, 0xb3, 0xf,
    0x0, 0x8d, 0x0, 0x3a, 0x0, 0xc8, 0x1, 0x60,
    0x1e, 0x41, 0x4, 0x0, 0x10, 0x7, 0xc4, 0x1c,
    0x0, 0x10, 0xf, 0x9c, 0x4, 0x0, 0x20, 0x1f,
    0x38, 0x8, 0x3, 0x40, 0x3e, 0x30, 0xe0, 0x2,
    0x80, 0x79, 0x40, 0x8, 0x0, 0x27, 0x0, 0xc3,
    0x60, 0x64, 0x0, 0x38, 0x93, 0x25, 0xc1, 0xf,
    0x0, 0xa4, 0xdb, 0x36, 0x88, 0x28, 0xc0, 0x21,
    0xc7, 0x20, 0x15, 0xd5, 0x0, 0xf4, 0x6f, 0xf5,
    0x10, 0x7, 0xff, 0xe0,

    /* U+0071 "q" */
    0x0, 0x8e, 0xbb, 0xf5, 0xc1, 0x3f, 0x80, 0xd,
    0x8a, 0x20, 0x51, 0x60, 0x19, 0x24, 0xe, 0xb6,
    0xd5, 0x20, 0x2, 0x90, 0x3c, 0x52, 0x4a, 0x73,
    0x0, 0x19, 0x7, 0x80, 0x74, 0x8, 0x1, 0x0,
    0x4c, 0x3, 0xce, 0x0, 0xe0, 0x50, 0xf, 0xbc,
    0x0, 0x60, 0x20, 0x1f, 0x18, 0x0, 0xc0, 0x40,
    0x3e, 0x30, 0x7, 0x2, 0x80, 0x7d, 0xe0, 0x4,
    0x1, 0x40, 0xf, 0x38, 0x0, 0xc8, 0x20, 0x3,
    0xa0, 0x40, 0x29, 0x3, 0xd5, 0x23, 0xa7, 0x30,
    0x9, 0x24, 0xa, 0xb7, 0x15, 0x54, 0x1, 0x9b,
    0x14, 0x40, 0xa2, 0x80, 0x3c, 0x75, 0xdf, 0xae,
    0x1, 0xff, 0xf9,

    /* U+0072 "r" */
    0xff, 0x19, 0x5f, 0x79, 0x80, 0x17, 0x50, 0x40,
    0x34, 0x15, 0x6e, 0x8c, 0x2, 0xc5, 0x22, 0x0,
    0x52, 0x20, 0x1e, 0x20, 0xf, 0x84, 0x3, 0xff,
    0xf2,

    /* U+0073 "s" */
    0x0, 0x9f, 0x3f, 0xdb, 0x2, 0x1, 0xe, 0xc1,
    0x80, 0x9, 0xf0, 0x40, 0x1a, 0x43, 0x5d, 0xca,
    0x12, 0xa0, 0x13, 0xa, 0x51, 0x12, 0xe8, 0x4,
    0x60, 0x7, 0x0, 0xc7, 0xf6, 0x4, 0x0, 0xf2,
    0x0, 0xfd, 0x20, 0x7b, 0x90, 0x80, 0x1c, 0xd6,
    0x60, 0x6f, 0x7f, 0x20, 0x19, 0x33, 0xa5, 0x84,
    0x1a, 0xc0, 0x38, 0x5a, 0x79, 0xc1, 0xc, 0x8,
    0xc0, 0x3a, 0x0, 0xa, 0xfb, 0xa0, 0xe, 0x30,
    0x1, 0x28, 0xe, 0x21, 0x11, 0xb4, 0x5, 0xa,
    0x40, 0xef, 0x75, 0x22, 0x2d, 0x0, 0x36, 0x28,
    0x80, 0xd, 0xfc, 0xc0,

    /* U+0074 "t" */
    0x0, 0x24, 0x28, 0x7, 0x6b, 0xf8, 0x7, 0xff,
    0x1f, 0x3d, 0x81, 0x7f, 0xd2, 0x1, 0xfb, 0x3d,
    0x41, 0x3f, 0xd2, 0x0, 0x30, 0x10, 0xf, 0xff,
    0x98, 0x80, 0x77, 0x82, 0x29, 0x10, 0x0, 0xc2,
    0x15, 0xb2, 0x1, 0x62, 0x88, 0x38,

    /* U+0075 "u" */
    0xff, 0x20, 0x7, 0xbb, 0xd8, 0x3, 0xff, 0xfe,
    0x1, 0xff, 0xcb, 0x10, 0xf, 0x8, 0x0, 0x40,
    0x80, 0x38, 0xc0, 0x25, 0x9, 0x0, 0xe8, 0x0,
    0xb8, 0x7, 0x54, 0x93, 0x14, 0x40, 0xa, 0x80,
    0x55, 0xb6, 0x74, 0x60, 0x15, 0xc1, 0x0, 0xae,
    0xa0, 0x4,

    /* U+0076 "v" */
    0x2f, 0xf2, 0x80, 0x7d, 0x9f, 0x64, 0x61, 0xc0,
    0x1e, 0x13, 0xd, 0xa, 0x4, 0x0, 0xf3, 0x80,
    0x18, 0x1c, 0x0, 0xa0, 0x1d, 0x40, 0xa0, 0x1,
    0x40, 0xe0, 0xc, 0x26, 0x1c, 0x1, 0x70, 0x20,
    0x80, 0x4c, 0x2, 0x80, 0x12, 0x88, 0x38, 0x5,
    0x60, 0xe0, 0x1c, 0xe1, 0xa0, 0x2, 0x30, 0xa0,
    0xe, 0xa0, 0x41, 0x5, 0x2, 0x30, 0xe, 0x32,
    0x7, 0xb, 0xa, 0x0, 0xf9, 0x43, 0x4, 0xc1,
    0x40, 0x3e, 0xa0, 0x57, 0x3, 0x20, 0xf, 0x88,
    0xc2, 0x2, 0x80, 0x3f, 0xa8, 0x4, 0x1c, 0x3,
    0xf9, 0xc0, 0xa, 0x20, 0x18,

    /* U+0077 "w" */
    0xf, 0xf3, 0x80, 0x75, 0x7f, 0x80, 0x38, 0xbf,
    0xc6, 0xa, 0x18, 0x1, 0xc8, 0x0, 0x40, 0xc,
    0x80, 0x3, 0xc, 0x4, 0x0, 0xc6, 0x20, 0xc,
    0x0, 0xda, 0xa, 0x0, 0x70, 0x1, 0x80, 0x48,
    0xa, 0x8, 0x1, 0x90, 0x30, 0x0, 0x24, 0x16,
    0x1, 0x60, 0x48, 0x18, 0x4, 0x60, 0x7, 0x0,
    0x94, 0x10, 0x2, 0x40, 0x34, 0x4, 0x0, 0x20,
    0x18, 0x80, 0x58, 0x6, 0x0, 0x30, 0x40, 0xc0,
    0xc0, 0x5, 0x82, 0x0, 0x64, 0x0, 0x20, 0x20,
    0x60, 0x20, 0x20, 0x0, 0xc2, 0xc0, 0x39, 0x43,
    0x3, 0x1, 0x0, 0xc0, 0xc1, 0x0, 0x4c, 0x3,
    0xb0, 0x10, 0x10, 0xc, 0x0, 0xa0, 0x86, 0x8,
    0x1, 0xe7, 0x3, 0x30, 0x20, 0x5, 0x80, 0x78,
    0x1e, 0x1, 0xe1, 0x20, 0x90, 0xd0, 0x9, 0x3,
    0x10, 0x10, 0x3, 0xe5, 0x5, 0x4, 0x0, 0x88,
    0x88, 0x6, 0x20, 0x1f, 0x58, 0x0, 0x88, 0x1,
    0x90, 0x0, 0x80, 0x1f, 0x8c, 0x0, 0x80, 0x1d,
    0x80, 0xb, 0x0, 0xc0,

    /* U+0078 "x" */
    0x8, 0xff, 0x8, 0x7, 0x67, 0xe0, 0x2, 0x8,
    0x28, 0x3, 0x31, 0x87, 0x80, 0x52, 0x8, 0x80,
    0x0, 0xc0, 0x39, 0x80, 0x48, 0xa1, 0x20, 0x8,
    0x12, 0x80, 0xe, 0xb1, 0x27, 0x26, 0x9, 0x0,
    0xf0, 0xd8, 0x4c, 0x81, 0x50, 0x3, 0xe5, 0x41,
    0x41, 0xb0, 0xf, 0xed, 0x0, 0x10, 0x80, 0x7f,
    0x40, 0x0, 0xc8, 0x3, 0xf4, 0x89, 0xb0, 0x70,
    0x7, 0xc8, 0xc1, 0xf0, 0x26, 0xc0, 0x1e, 0x90,
    0x53, 0x18, 0x9, 0x20, 0xd, 0x4, 0x36, 0x0,
    0x63, 0x9, 0x0, 0x8d, 0xc2, 0x4, 0x2, 0xf0,
    0x46, 0x0, 0x70, 0x1b, 0x0, 0x63, 0x60, 0x91,

    /* U+0079 "y" */
    0x2f, 0xf2, 0x80, 0x7d, 0x7f, 0x64, 0x61, 0xc0,
    0x1e, 0x14, 0xd, 0xa, 0x4, 0x0, 0xf3, 0x80,
    0x18, 0x1c, 0x0, 0xa0, 0x1d, 0xa0, 0xa0, 0x1,
    0x40, 0xe0, 0xc, 0x28, 0x1e, 0x1, 0x70, 0x20,
    0x6, 0x70, 0x15, 0x0, 0x94, 0x0, 0xa0, 0x15,
    0x3, 0x80, 0x72, 0x87, 0x0, 0x4, 0xc2, 0x80,
    0x3b, 0x81, 0x0, 0xc, 0x2, 0x60, 0x1c, 0x82,
    0xa, 0x16, 0xc, 0x1, 0xf3, 0x87, 0x81, 0x85,
    0x0, 0x7d, 0x40, 0x8a, 0x4, 0x40, 0xf, 0x8c,
    0x45, 0x21, 0x40, 0x1f, 0xcc, 0x6, 0xc, 0x1,
    0xfd, 0x40, 0x3, 0x10, 0xf, 0xe2, 0x0, 0x50,
    0x7, 0xf9, 0x0, 0xe, 0x1, 0xfe, 0xf0, 0x51,
    0x0, 0xf8, 0xcd, 0x8, 0x12, 0x1, 0xfb, 0x71,
    0xc1, 0x8c, 0x3, 0xe1, 0x0, 0x14, 0x48, 0x7,
    0xc0,

    /* U+007A "z" */
    0x2f, 0xff, 0xf4, 0x0, 0x7f, 0xde, 0x57, 0x7f,
    0x18, 0x1, 0x41, 0x13, 0xc2, 0x61, 0x44, 0x1,
    0xe1, 0xb0, 0x55, 0x0, 0x7d, 0xa2, 0x54, 0x1,
    0xf4, 0x18, 0x70, 0x7, 0xc6, 0xe0, 0xe6, 0x1,
    0xe1, 0xd0, 0x38, 0x0, 0xfa, 0x84, 0x38, 0x3,
    0xe6, 0x40, 0xa2, 0x0, 0xf1, 0x48, 0x2a, 0x80,
    0x3e, 0xf0, 0x7, 0xa2, 0x78, 0xd8, 0x80, 0x15,
    0x77, 0xef, 0x0, 0xff, 0xe0, 0x0,

    /* U+007B "{" */
    0x0, 0xe5, 0xbe, 0x80, 0xc, 0xd4, 0x82, 0x1,
    0xd2, 0xb, 0xb0, 0x1, 0x18, 0x2, 0x88, 0x3,
    0x30, 0x18, 0x7, 0x8c, 0x1c, 0x3, 0xff, 0xab,
    0xc0, 0x20, 0x1e, 0x40, 0x20, 0x8, 0xb7, 0xcc,
    0x28, 0x2, 0x72, 0x5, 0xd2, 0x0, 0xf2, 0xa8,
    0x3, 0x2f, 0x48, 0x42, 0x80, 0x61, 0x65, 0xc,
    0x0, 0xf6, 0x81, 0x0, 0x78, 0x40, 0x3f, 0xfa,
    0xe, 0x1, 0xe2, 0x2, 0x0, 0xf2, 0x80, 0xd1,
    0x0, 0x61, 0x70, 0x5d, 0x80, 0xd, 0x14, 0x62,
    0x0,

    /* U+007C "|" */
    0x58, 0x2f, 0x77, 0x0, 0x7f, 0xff, 0xc0, 0x3f,
    0xf8, 0xc0,

    /* U+007D "}" */
    0x6e, 0xc5, 0x0, 0xe1, 0x11, 0xd3, 0x80, 0x67,
    0xe6, 0x8, 0x10, 0xc, 0x32, 0x20, 0xa0, 0x1e,
    0x50, 0x20, 0xf, 0x8, 0x8, 0x7, 0xff, 0x54,
    0xc3, 0x80, 0x3d, 0xc0, 0x80, 0x1e, 0x61, 0x2f,
    0xe3, 0x0, 0x87, 0xdc, 0x6, 0xc0, 0x33, 0xb8,
    0x3, 0xc9, 0x21, 0x3d, 0x0, 0x16, 0x2, 0x30,
    0x80, 0x61, 0x3, 0x0, 0xf1, 0x87, 0x80, 0x7f,
    0xf3, 0x4, 0x4, 0x3, 0xca, 0x6, 0x1, 0x86,
    0x4, 0x10, 0x2, 0x6e, 0x70, 0x71, 0x0, 0xe3,
    0x98, 0x0, 0xc0,

    /* U+007E "~" */
    0x3, 0xbf, 0xe9, 0x10, 0xc, 0xee, 0x2, 0xc4,
    0x1, 0x6c, 0x20, 0x1, 0x44, 0x2, 0xc0, 0xae,
    0x84, 0xb5, 0x8e, 0x40, 0xc1, 0x42, 0x11, 0x7c,
    0xc2, 0x71, 0x2, 0x2, 0xa1, 0x0, 0x3, 0x90,
    0x40, 0x76, 0x80,

    /* U+00A0 " " */

    /* U+00A1 "¡" */
    0x6f, 0xc0, 0x80, 0x36, 0x20, 0x2, 0xeb, 0xd1,
    0x8c, 0x28, 0x7, 0x13, 0x28, 0x24, 0xd8, 0x7,
    0xf0, 0x80, 0x70, 0x80, 0x7f, 0xf1, 0x7c, 0x3,
    0xff, 0x86,

    /* U+00A2 "¢" */
    0x0, 0xe1, 0xf6, 0x0, 0xff, 0xe6, 0x88, 0x7,
    0xe3, 0xae, 0x8, 0xe7, 0x0, 0xe6, 0xc5, 0x0,
    0x86, 0x34, 0x40, 0x7, 0x20, 0x74, 0x11, 0x22,
    0x5a, 0x0, 0xe0, 0x3c, 0x40, 0x16, 0xd0, 0x34,
    0x32, 0xf, 0x0, 0xe3, 0x9c, 0x44, 0x0, 0x98,
    0x7, 0x98, 0xc3, 0x81, 0x40, 0x3f, 0xc6, 0x2,
    0x1, 0xfe, 0x30, 0x10, 0xf, 0xf7, 0x2, 0x80,
    0x7f, 0x94, 0x5, 0x0, 0x3d, 0x2e, 0x44, 0x30,
    0x90, 0xe, 0x46, 0x87, 0xe, 0x2, 0xd6, 0xc,
    0x8b, 0x3, 0x50, 0x2b, 0x2, 0x80, 0x57, 0x3,
    0xc0, 0x9, 0x39, 0xc0, 0x23, 0x9c, 0x0, 0xe1,
    0x8e, 0x9, 0xc6, 0x0, 0xff, 0xe2, 0x0,

    /* U+00A3 "£" */
    0x0, 0xc2, 0xfb, 0xfe, 0xc6, 0x0, 0xf1, 0x64,
    0x10, 0x0, 0xe6, 0xc0, 0x3b, 0x88, 0x22, 0xec,
    0xc0, 0x90, 0x1, 0x29, 0x86, 0x3a, 0x22, 0x60,
    0x1c, 0x40, 0x1e, 0x8, 0x60, 0x19, 0xc0, 0x8,
    0x0, 0x60, 0x30, 0xf, 0x6f, 0xa8, 0x6, 0xf0,
    0xf, 0x10, 0x7, 0xbc, 0x3, 0xfe, 0x70, 0xf,
    0xfa, 0x7d, 0x1, 0xff, 0xfa, 0x80, 0x3f, 0xf8,
    0x22, 0x1, 0x4f, 0xa8, 0x2f, 0xff, 0x58, 0x7,
    0x18, 0x7, 0xff, 0x3c, 0x40, 0x40, 0x3f, 0xe1,
    0x0, 0xfc, 0x24, 0x20, 0x2, 0xd, 0x0, 0xf5,
    0x6b, 0xa5, 0xa2, 0x14, 0xcf, 0x91, 0x40, 0xe5,
    0x1, 0x33, 0x3d, 0x62, 0x25, 0x40, 0xf, 0xf1,
    0xe8, 0x0,

    /* U+00A4 "¤" */
    0x0, 0xff, 0xe1, 0x8, 0x5, 0x56, 0x0, 0x5b,
    0xef, 0xea, 0x30, 0x1c, 0x80, 0x35, 0x4c, 0xda,
    0x41, 0x1, 0x5c, 0xac, 0x27, 0x13, 0x90, 0x32,
    0x7, 0xcd, 0xb5, 0x5, 0x20, 0xb1, 0x6, 0x0,
    0x16, 0xc1, 0x92, 0x55, 0x0, 0x4, 0x80, 0x4,
    0x0, 0x79, 0x0, 0x72, 0xc8, 0x10, 0x80, 0x3c,
    0x1c, 0x80, 0x3e, 0x62, 0x6, 0x0, 0x20, 0x50,
    0x7, 0xf5, 0x6, 0x0, 0x80, 0x8, 0x3, 0xf8,
    0xc1, 0x80, 0xc0, 0x40, 0x3f, 0xce, 0x6, 0x6,
    0x2, 0x1, 0xfe, 0x70, 0x30, 0x10, 0x1, 0x0,
    0x7f, 0x18, 0x30, 0x1, 0x2, 0xc0, 0x3f, 0xa8,
    0x30, 0x1, 0xe0, 0xc4, 0x1, 0xf3, 0x90, 0x30,
    0x1, 0x0, 0x1a, 0x40, 0x1c, 0xb0, 0x0, 0x10,
    0x5, 0x80, 0x5b, 0x28, 0x49, 0x74, 0x1, 0x48,
    0x1a, 0x4, 0x18, 0x35, 0xed, 0xa0, 0x33, 0x83,
    0x9, 0xcc, 0x9f, 0x29, 0x4, 0x5, 0x72, 0x61,
    0xb0, 0x40,

    /* U+00A5 "¥" */
    0x6f, 0xf1, 0x80, 0x7d, 0xdf, 0x6c, 0x21, 0x20,
    0x1e, 0x51, 0x8, 0x9, 0x5, 0x10, 0xe, 0x90,
    0x33, 0x3, 0x0, 0x24, 0x3, 0x19, 0x82, 0x40,
    0x2, 0xe0, 0xc0, 0x1a, 0x40, 0x94, 0x2, 0x90,
    0x15, 0x0, 0xa, 0x85, 0x80, 0x61, 0x50, 0x90,
    0x3, 0x0, 0xb0, 0x7, 0x40, 0x19, 0x82, 0x42,
    0x40, 0x3c, 0x48, 0x12, 0xa2, 0xc, 0x1, 0xf4,
    0x2, 0xd0, 0x38, 0x80, 0x62, 0xdd, 0x70, 0x6,
    0x6d, 0xd3, 0x0, 0x4, 0x8a, 0x0, 0xc2, 0x44,
    0x10, 0x1, 0xff, 0xe0, 0x5, 0x7f, 0xce, 0x1,
    0xff, 0xc4, 0x3f, 0xfc, 0x0, 0xaf, 0xf9, 0xc0,
    0x2, 0x45, 0x80, 0x22, 0x28, 0x40, 0x5, 0xbb,
    0x80, 0x15, 0xbb, 0x30, 0x7, 0xff, 0x7c,

    /* U+00A6 "¦" */
    0x9f, 0x90, 0xf, 0xfe, 0x48, 0x80, 0x23, 0xe4,
    0x3, 0xff, 0x81, 0x3f, 0x20, 0x1f, 0xfc, 0xc9,
    0xf9,

    /* U+00A7 "§" */
    0x0, 0x8e, 0xbb, 0xfa, 0x84, 0x3, 0x93, 0x14,
    0x40, 0x57, 0xc4, 0x3, 0x50, 0x1e, 0x76, 0x18,
    0xd8, 0x4, 0x42, 0x1a, 0x62, 0x7c, 0xa, 0x20,
    0x1, 0x0, 0x8, 0x4, 0x51, 0x22, 0x0, 0x31,
    0x7, 0x0, 0xce, 0xc0, 0x1a, 0xc2, 0x20, 0x1,
    0xfe, 0x20, 0x7d, 0x30, 0xf, 0x4d, 0x34, 0x9,
    0x65, 0x8, 0x4, 0x6c, 0x56, 0xfc, 0xe0, 0xbe,
    0x60, 0x5, 0x4, 0x0, 0xa3, 0x50, 0x70, 0xc0,
    0xc1, 0x40, 0x31, 0x5b, 0x7, 0x2, 0x1, 0xb0,
    0x7, 0x48, 0x11, 0x6, 0x42, 0x68, 0x40, 0x31,
    0x0, 0x83, 0x48, 0x2f, 0xb0, 0x0, 0x88, 0x26,
    0x0, 0x6d, 0x41, 0x9c, 0x8c, 0xa, 0x0, 0xc5,
    0x74, 0x26, 0xe9, 0xa8, 0x1, 0xe5, 0xe6, 0x5,
    0x10, 0xf, 0xe9, 0x50, 0xf0, 0x8, 0xdc, 0x80,
    0x34, 0x81, 0x80, 0x51, 0x10, 0x6, 0x60, 0xe,
    0xf0, 0x58, 0x21, 0x4b, 0x4, 0x0, 0x91, 0x81,
    0xf7, 0xac, 0x45, 0x20, 0x1a, 0x64, 0x60, 0x2,
    0x7f, 0x20, 0x0,

    /* U+00A8 "¨" */
    0x0, 0xf8, 0x40, 0xbf, 0xc6, 0x0, 0xce, 0x75,
    0x0, 0x20, 0x9, 0x85, 0xa9, 0x11, 0x40, 0x54,
    0x28,

    /* U+00A9 "©" */
    0x0, 0xfc, 0x48, 0x82, 0x0, 0xff, 0xe0, 0x9d,
    0x7e, 0xdd, 0xb7, 0xa0, 0x40, 0x3f, 0xa7, 0x14,
    0x3, 0x85, 0xf9, 0x80, 0x3e, 0xb6, 0x2, 0x9d,
    0xfe, 0xc7, 0x10, 0x98, 0x0, 0xea, 0x40, 0x7d,
    0x62, 0x1, 0x38, 0xf4, 0x7, 0x60, 0x9, 0x54,
    0x13, 0x0, 0xb9, 0xdf, 0x8a, 0x36, 0xa1, 0x24,
    0x0, 0x80, 0x56, 0xa, 0xa1, 0x88, 0x1d, 0x48,
    0x51, 0x4, 0x2, 0x10, 0x58, 0x42, 0x83, 0x5d,
    0x94, 0x19, 0xc2, 0x1, 0x47, 0x41, 0x4, 0x4e,
    0x13, 0x24, 0x45, 0x38, 0x48, 0x28, 0x1, 0x8,
    0x30, 0x10, 0x9, 0x80, 0x34, 0xca, 0x0, 0x8,
    0x1a, 0xc0, 0x20, 0x40, 0xe0, 0x1c, 0x2c, 0xc0,
    0x1, 0x0, 0x88, 0x2, 0x10, 0x60, 0xf, 0x19,
    0x0, 0xc, 0x0, 0xe1, 0xc0, 0x80, 0x66, 0x0,
    0xd1, 0x9c, 0x0, 0x60, 0xec, 0x4, 0x2, 0x40,
    0xc6, 0x11, 0x3b, 0x82, 0x80, 0x4c, 0xd, 0x0,
    0xcc, 0x14, 0x41, 0x3d, 0xc8, 0x4, 0x60, 0x60,
    0x2, 0x1a, 0x7, 0x80, 0xe3, 0x0, 0x67, 0xb0,
    0x28, 0x7, 0x0, 0x40, 0x1d, 0x0, 0xcf, 0xe6,
    0x3e, 0x0, 0x7c, 0x6, 0x0, 0x7, 0x0, 0xb8,
    0x40, 0x3, 0x30, 0x1, 0x3c, 0x83, 0x40, 0x33,
    0xc0, 0x1e, 0xdb, 0xaa, 0xa3, 0x6c, 0x42, 0xcc,
    0x3, 0x9e, 0xc8, 0x12, 0x2a, 0x8e, 0x40, 0x7a,
    0x80, 0x1f, 0x26, 0xd2, 0x90, 0x0, 0x9a, 0xf0,
    0x80, 0x30,

    /* U+00AA "ª" */
    0x0, 0xc, 0x6f, 0xf5, 0xa8, 0x4, 0x5e, 0xe4,
    0x84, 0x95, 0x0, 0x5, 0x14, 0xfb, 0xcb, 0x7,
    0x10, 0x7f, 0xb0, 0x9, 0x0, 0x4, 0x1, 0xa,
    0x3c, 0xe0, 0x1, 0xc0, 0xb3, 0xae, 0x18, 0x40,
    0x37, 0x99, 0xab, 0x7f, 0x44, 0x0, 0x24, 0x1a,
    0xa4, 0x0, 0x10, 0x0, 0x80, 0x14, 0x2, 0x90,
    0xc, 0xc1, 0x79, 0x7c, 0x82, 0x1, 0x4c, 0x11,
    0xaa, 0x61, 0x80, 0x0,

    /* U+00AB "«" */
    0x0, 0xc5, 0xdf, 0x20, 0xd, 0xfb, 0x0, 0xef,
    0x13, 0x90, 0xb2, 0x25, 0x0, 0x6a, 0x21, 0xd0,
    0x84, 0xf, 0x10, 0x9, 0xd4, 0x34, 0x55, 0xc2,
    0x88, 0x2, 0x58, 0xa, 0x33, 0x50, 0x3a, 0x80,
    0x45, 0x40, 0xca, 0x3a, 0x9, 0x0, 0x19, 0x40,
    0x14, 0x8, 0x21, 0xc0, 0x1c, 0xe8, 0x1a, 0x2a,
    0xe1, 0x44, 0x1, 0xd6, 0x43, 0x41, 0x8, 0x1e,
    0x20, 0x1d, 0xe2, 0x92, 0x14, 0x44, 0xa0, 0xe,
    0x2a, 0x6, 0x51, 0xf0, 0x48, 0x0, 0xe4, 0x80,
    0xa3, 0x2b, 0x7, 0x50, 0xe, 0x79, 0x75, 0x4,
    0xa7, 0x20,

    /* U+00AC "¬" */
    0x1, 0x1f, 0xf0, 0x17, 0x77, 0xf9, 0xc0, 0x3f,
    0xf8, 0x5, 0xff, 0xf9, 0x0, 0x3f, 0xfa, 0xfc,
    0xe8,

    /* U+00AE "®" */
    0x0, 0xc7, 0x5d, 0xfd, 0x6c, 0x1, 0xfa, 0xb1,
    0x44, 0x64, 0x9d, 0x20, 0xe, 0xc5, 0x2a, 0xfe,
    0xfc, 0x52, 0xd2, 0x0, 0xa0, 0xd3, 0x54, 0x2,
    0x3a, 0x80, 0xf0, 0x0, 0xb8, 0xd0, 0x77, 0xfd,
    0x42, 0xea, 0x4c, 0xc, 0x12, 0x20, 0x2b, 0xb2,
    0xb2, 0x10, 0x1a, 0x1a, 0x8, 0x1, 0x19, 0x10,
    0x3c, 0x8, 0x50, 0x4, 0x8, 0x2, 0x6f, 0xb0,
    0x70, 0x1, 0x0, 0x4, 0x8, 0x2, 0x6f, 0x31,
    0x0, 0x88, 0x1, 0xa0, 0x80, 0x1d, 0x2, 0xc0,
    0x42, 0x80, 0xc1, 0x22, 0xd, 0x80, 0x8e, 0x21,
    0x1, 0xa0, 0x2e, 0x34, 0x12, 0xa0, 0x8, 0x77,
    0x29, 0x30, 0x2, 0xd, 0x35, 0x40, 0x23, 0xa8,
    0xf, 0x0, 0xd8, 0xa5, 0x5f, 0xdf, 0x8a, 0x5a,
    0x40, 0x1d, 0x56, 0xa2, 0x32, 0x4e, 0x90, 0x4,

    /* U+00AF "¯" */
    0x4e, 0xef, 0x50, 0x8f, 0xe0,

    /* U+00B0 "°" */
    0x0, 0x1d, 0xff, 0x50, 0x80, 0x47, 0x88, 0x2,
    0xbe, 0x40, 0xe, 0x6, 0xee, 0x20, 0xc8, 0x19,
    0x1c, 0x88, 0xac, 0x50, 0x18, 0x14, 0x3, 0x28,
    0x13, 0x2, 0x80, 0x65, 0x2, 0x32, 0x39, 0x1,
    0xb1, 0x40, 0x7, 0x3, 0x7f, 0x20, 0xc8, 0x0,
    0xf1, 0x0, 0x57, 0x8, 0x0,

    /* U+00B1 "±" */
    0x0, 0xe7, 0xfb, 0x0, 0xff, 0xf0, 0x37, 0xfe,
    0x80, 0x4f, 0xfd, 0x20, 0x1f, 0xfc, 0x17, 0xcc,
    0xca, 0x3, 0x99, 0xac, 0x4c, 0xf6, 0x82, 0x99,
    0xe2, 0x0, 0xff, 0xe9, 0xbf, 0x50, 0x7, 0x9,
    0x9f, 0x11, 0xc, 0xf1, 0x3e, 0x67, 0xfd, 0x60,
    0x1f, 0xfc, 0x10,

    /* U+00B2 "²" */
    0x1, 0x9d, 0xfe, 0xa3, 0x0, 0xf, 0xb1, 0xa1,
    0xae, 0x20, 0x30, 0x9f, 0x5e, 0xb0, 0x78, 0x3f,
    0x60, 0x4, 0x20, 0x20, 0x1, 0x0, 0x95, 0xc2,
    0x40, 0x3a, 0x28, 0x2c, 0xc0, 0x21, 0xc7, 0x2d,
    0x40, 0x9, 0x3c, 0xdb, 0x48, 0x2, 0x5b, 0x10,
    0x5c, 0xcc, 0x3a, 0x1, 0x19, 0xf8,

    /* U+00B3 "³" */
    0x1, 0x8d, 0xff, 0x63, 0x0, 0x58, 0xe6, 0x86,
    0x69, 0x80, 0x41, 0x5e, 0xbc, 0xa0, 0x60, 0x4c,
    0xa0, 0x0, 0xf8, 0x20, 0x6, 0x6f, 0xe4, 0x8a,
    0x0, 0xca, 0xea, 0x11, 0x0, 0xc, 0x71, 0x5e,
    0xe, 0x91, 0xd6, 0x1, 0x28, 0x0, 0x68, 0x53,
    0xf3, 0x6c, 0xd, 0x4b, 0x58, 0x8c, 0x8e, 0x30,
    0x0,

    /* U+00B4 "´" */
    0x5, 0xff, 0x10, 0x48, 0x39, 0x19, 0x86, 0x2,
    0x42, 0x80, 0x0,

    /* U+00B5 "µ" */
    0xff, 0x20, 0x7, 0xbb, 0xd8, 0x3, 0xff, 0xfe,
    0x1, 0xff, 0xdd, 0x10, 0xf, 0x8, 0x7, 0xb4,
    0x3, 0x84, 0x3, 0xe7, 0x0, 0xe6, 0x0, 0xfd,
    0x42, 0x0, 0x68, 0x0, 0x70, 0x6, 0x45, 0xee,
    0x7c, 0x93, 0x83, 0xf0, 0x80, 0x3e, 0x8c, 0x44,
    0xd9, 0x10, 0x21, 0x0, 0xcb, 0x9f, 0xd2, 0x20,
    0xfb, 0xe2, 0x1, 0xff, 0xfa,

    /* U+00B6 "¶" */
    0x0, 0x92, 0xb7, 0xff, 0xd4, 0x0, 0x9b, 0x52,
    0x0, 0xfc, 0xec, 0x1, 0x8f, 0x30, 0x0, 0xc1,
    0x80, 0xe, 0x73, 0x30, 0x4, 0xe0, 0x1f, 0xfc,
    0xe, 0x0, 0xff, 0xe0, 0x8, 0x7, 0xff, 0x3,
    0x80, 0x3f, 0xf8, 0x6, 0x1, 0xff, 0xc0, 0x42,
    0x0, 0xff, 0xe0, 0x70, 0x7, 0xff, 0x0, 0xf0,
    0x80, 0x3f, 0xe3, 0xdb, 0x87, 0xd0, 0xf, 0xe4,
    0x78, 0x60, 0xf, 0xff, 0xf8, 0x7, 0xe0,

    /* U+00B7 "·" */
    0x18, 0x50, 0xd7, 0xa4, 0x20, 0x1, 0x40, 0x1b,
    0x0,

    /* U+00B8 "¸" */
    0x4, 0xf0, 0xc, 0x40, 0x40, 0x17, 0x6, 0xe0,
    0x2, 0x3e, 0xd, 0x40, 0x45, 0xe0, 0x17, 0x71,
    0xcd, 0x42, 0xed, 0xb8, 0x0,

    /* U+00B9 "¹" */
    0x3, 0xcf, 0xf2, 0xc6, 0x18, 0x4, 0x69, 0xa4,
    0x0, 0x9b, 0x20, 0x8, 0x80, 0x3f, 0xfa, 0xe0,

    /* U+00BA "º" */
    0x0, 0x92, 0xfb, 0xf6, 0x4, 0x3, 0x3d, 0xa0,
    0x11, 0x1f, 0xc8, 0x0, 0x90, 0x13, 0xdb, 0xc8,
    0x3c, 0x0, 0xe0, 0x56, 0x0, 0xd, 0x1, 0x98,
    0x10, 0x3c, 0x3, 0x9, 0x82, 0x0, 0x83, 0x0,
    0x73, 0x7, 0x80, 0x83, 0x0, 0x73, 0x7, 0x82,
    0x7, 0x80, 0x61, 0x30, 0x40, 0xe0, 0x56, 0x0,
    0xd, 0x1, 0x98, 0x12, 0x2, 0x7b, 0x79, 0x7,
    0x80, 0x27, 0xb4, 0x2, 0x23, 0xf9, 0x0,

    /* U+00BB "»" */
    0x9f, 0xe1, 0x6, 0xff, 0x18, 0x6, 0x93, 0x1d,
    0x6, 0x50, 0xd1, 0x0, 0xda, 0x27, 0x41, 0x46,
    0x3a, 0x1, 0x87, 0x41, 0x5c, 0x34, 0x4e, 0x80,
    0x31, 0xc8, 0x42, 0xe, 0x82, 0xb8, 0x6, 0x66,
    0x5, 0x91, 0xc8, 0x42, 0x0, 0x6a, 0x0, 0x28,
    0x38, 0x3, 0x40, 0x21, 0xd0, 0x47, 0xd, 0x2,
    0x90, 0xb, 0x44, 0xac, 0x28, 0xc7, 0x0, 0x29,
    0x31, 0xf0, 0x65, 0xd, 0x10, 0x3, 0x30, 0x28,
    0x8e, 0x42, 0x4c, 0x0, 0x72, 0x10, 0x83, 0xa0,
    0xcc, 0x0, 0x95, 0xe5, 0xc1, 0x1a, 0x24, 0x3,
    0x0,

    /* U+00BC "¼" */
    0x0, 0x4f, 0xfa, 0x40, 0x3f, 0xbb, 0xcc, 0x2,
    0xc6, 0x0, 0xff, 0xa4, 0x5c, 0xc0, 0x23, 0x78,
    0x0, 0xfe, 0x46, 0x28, 0x0, 0xd5, 0x0, 0x1f,
    0xea, 0xe, 0x0, 0xe5, 0x0, 0xff, 0x48, 0xb9,
    0x80, 0x7f, 0xf0, 0xd1, 0x8a, 0x0, 0x3f, 0xf8,
    0x94, 0x1c, 0x1, 0xff, 0xc4, 0x91, 0x73, 0x0,
    0xff, 0xe1, 0xa3, 0x14, 0x0, 0x7f, 0xf1, 0x28,
    0x38, 0x2, 0x5f, 0xf4, 0x0, 0x62, 0x3f, 0x0,
    0x48, 0xb9, 0x80, 0x50, 0x1, 0xf2, 0xe3, 0x2,
    0x31, 0x40, 0x4, 0xe4, 0x1, 0xff, 0x50, 0x70,
    0x4, 0x30, 0x50, 0x1, 0xfd, 0x22, 0xe6, 0x1,
    0x40, 0x40, 0x80, 0x7e, 0x46, 0x28, 0x0, 0x89,
    0x8d, 0x40, 0x3f, 0xa8, 0x38, 0x3, 0x48, 0x40,
    0x7, 0xf4, 0x8b, 0x98, 0x4, 0x48, 0x13, 0xb2,
    0xf, 0x40, 0x12, 0x31, 0x40, 0x7, 0xc4, 0x40,
    0x9, 0x80, 0x2a, 0xe, 0x0, 0xe2, 0xff, 0xd0,
    0xf, 0x80, 0x3, 0x6a, 0x30, 0xf, 0xf2, 0x3e,
    0x0,

    /* U+00BD "½" */
    0x0, 0x2d, 0xe3, 0x0, 0x7f, 0x4e, 0x18, 0x6,
    0x8a, 0x43, 0xf0, 0xf, 0xcc, 0xc7, 0x30, 0xc,
    0xe6, 0xc0, 0x1f, 0xc3, 0x21, 0x40, 0x1c, 0xd9,
    0xc0, 0x1f, 0xd4, 0x12, 0x20, 0x1d, 0x20, 0x1f,
    0xe6, 0x44, 0x30, 0x7, 0xff, 0x10, 0x64, 0x24,
    0x3, 0xff, 0x8b, 0x41, 0x24, 0x1, 0xff, 0xc4,
    0x54, 0x36, 0x0, 0xff, 0xe2, 0xd, 0x87, 0x0,
    0x7f, 0xf1, 0x6c, 0x60, 0x80, 0xf, 0x9b, 0x44,
    0x1, 0xfc, 0xaa, 0x37, 0x0, 0x5c, 0x19, 0x2e,
    0x90, 0x4, 0xff, 0x20, 0x36, 0x1c, 0x0, 0x24,
    0x1d, 0xe5, 0xa, 0x0, 0xfa, 0xc6, 0x8, 0x0,
    0x59, 0x82, 0x1f, 0x1, 0x0, 0xf2, 0xa8, 0xdc,
    0x3, 0x19, 0x0, 0x24, 0x34, 0x3, 0x86, 0xc3,
    0xc0, 0x3f, 0x41, 0xaa, 0x0, 0x75, 0x8b, 0x98,
    0x7, 0xcc, 0xe5, 0x40, 0x1c, 0x8a, 0x50, 0x1,
    0xf2, 0xc8, 0xf8, 0x7, 0xa8, 0x38, 0x3, 0xe4,
    0xa0, 0xd2, 0x0, 0xe9, 0x17, 0x30, 0xf, 0xd,
    0x80, 0x3b, 0x75, 0x40, 0x4, 0x62, 0x80, 0xf,
    0x88, 0x2, 0x22, 0x98,

    /* U+00BE "¾" */
    0x2, 0xae, 0xfc, 0x30, 0xf, 0xed, 0xf4, 0x0,
    0x16, 0xa8, 0x11, 0xe1, 0x0, 0x7d, 0x4, 0xc8,
    0x0, 0x65, 0x9e, 0xd5, 0x5, 0x0, 0xf1, 0xb8,
    0xc8, 0x4, 0x94, 0xc0, 0x18, 0x80, 0x3d, 0xc1,
    0x40, 0x1e, 0x1a, 0xc5, 0x45, 0x0, 0xe8, 0x26,
    0x40, 0xf, 0x1a, 0x98, 0x10, 0x80, 0x63, 0x71,
    0x90, 0xf, 0x8b, 0xf9, 0x5a, 0xc0, 0x37, 0x5,
    0x0, 0x7f, 0x86, 0x41, 0x0, 0x28, 0x26, 0x40,
    0xf, 0x46, 0x40, 0x8a, 0x40, 0x80, 0x6, 0xe3,
    0x20, 0x1f, 0x59, 0xbf, 0x71, 0x42, 0x0, 0x1c,
    0x14, 0x1, 0x27, 0xfa, 0x40, 0xf5, 0x8d, 0x1f,
    0x90, 0x20, 0x99, 0x0, 0x28, 0x0, 0xe2, 0x9c,
    0xb8, 0x10, 0x37, 0x19, 0x0, 0x98, 0xc0, 0x3f,
    0xf8, 0x1c, 0x14, 0x1, 0xa0, 0x64, 0x3, 0xfd,
    0x4, 0xc8, 0x1, 0x40, 0xc1, 0x80, 0x7f, 0x1b,
    0x8c, 0x80, 0x42, 0xe4, 0xc0, 0x1f, 0xee, 0xa,
    0x0, 0xd6, 0x12, 0x1, 0xfe, 0x82, 0x64, 0x0,
    0xca, 0x13, 0xb4, 0xd, 0x60, 0x18, 0xdc, 0x64,
    0x3, 0x8, 0x0, 0x88, 0x1, 0x30, 0x6, 0xe0,
    0xa0, 0xe, 0x1f, 0xfd, 0x20, 0xda, 0x1, 0x12,
    0xca, 0x0, 0x7f, 0x95, 0xf4, 0x0,

    /* U+00BF "¿" */
    0x0, 0xec, 0xe5, 0x0, 0xfc, 0xc6, 0x36, 0x1,
    0xf8, 0x80, 0x4, 0x1, 0xf9, 0x2a, 0x34, 0x3,
    0xf9, 0x5c, 0x40, 0x3f, 0xf9, 0x33, 0x48, 0x1,
    0xfc, 0xca, 0x40, 0x1f, 0x88, 0x0, 0x40, 0x1f,
    0xb8, 0x0, 0xa0, 0x1e, 0x2c, 0x30, 0x71, 0x0,
    0xe3, 0xc3, 0x6, 0x80, 0xf, 0x70, 0x85, 0x48,
    0x7, 0x94, 0x82, 0x94, 0x3, 0xec, 0x2, 0x50,
    0xf, 0xc6, 0xe, 0x1, 0xc2, 0xcc, 0x13, 0x1,
    0x0, 0xe4, 0x99, 0x6, 0x2, 0x10, 0x6, 0xe0,
    0x21, 0x52, 0xc, 0x52, 0x3a, 0x40, 0xb0, 0x7,
    0x8, 0xab, 0x71, 0x41, 0xd8, 0x0, 0x7e, 0xe4,
    0x2, 0x97, 0x0, 0x0,

    /* U+00C0 "À" */
    0x0, 0xe1, 0xde, 0x50, 0xf, 0xfe, 0x10, 0xa8,
    0xc8, 0x7, 0xff, 0xe, 0x8, 0xcc, 0x1, 0xff,
    0xc3, 0x90, 0x80, 0xf, 0xfe, 0x1a, 0x7d, 0x80,
    0x7f, 0xf5, 0x6b, 0xfc, 0xe0, 0x1f, 0xfc, 0x25,
    0x0, 0x50, 0x7, 0xff, 0x5, 0x40, 0xc4, 0x8c,
    0x3, 0xff, 0x81, 0xe0, 0x88, 0xb, 0x0, 0xff,
    0xe0, 0x28, 0x5e, 0x3, 0x0, 0x7f, 0xca, 0x2,
    0x6e, 0x2, 0x60, 0x1f, 0xee, 0x4, 0x1, 0x30,
    0xa0, 0xf, 0xe1, 0x40, 0xf0, 0x5, 0x83, 0x80,
    0x7f, 0x38, 0x1, 0x40, 0xa, 0x2, 0x80, 0x1f,
    0xb4, 0x14, 0x2, 0x23, 0xe, 0x0, 0xf8, 0x50,
    0x3c, 0x3, 0x58, 0x28, 0x7, 0xce, 0x0, 0x50,
    0xc, 0xa0, 0x5, 0x0, 0xf5, 0x0, 0x3f, 0xfb,
    0x40, 0x1e, 0x1, 0xc2, 0x60, 0x1f, 0xe5, 0x0,
    0xe6, 0x0, 0x66, 0x7d, 0x60, 0x5, 0x0, 0xd6,
    0x8, 0x67, 0xf2, 0x18, 0x70, 0x4, 0x46, 0x1c,
    0x1, 0xfa, 0xc1, 0x4, 0x0, 0xa0, 0x4, 0x0,
    0xfc, 0xc0, 0x7, 0x0, 0x50, 0x20, 0x80, 0x7e,
    0x13, 0xa, 0x2, 0x20, 0x68, 0x7, 0xfa, 0x80,
    0xc4,

    /* U+00C1 "Á" */
    0x0, 0xfe, 0x38, 0x71, 0x0, 0xff, 0xe1, 0x43,
    0xe8, 0x80, 0x7f, 0xf0, 0x49, 0x2, 0xc0, 0x3f,
    0xf8, 0x56, 0x10, 0x20, 0x1f, 0xfc, 0x2e, 0x87,
    0x0, 0xff, 0xe1, 0xbb, 0x80, 0x3f, 0xf8, 0x75,
    0xfe, 0x70, 0xf, 0xfe, 0x12, 0x80, 0x28, 0x3,
    0xff, 0x82, 0xa0, 0x62, 0x46, 0x1, 0xff, 0xc0,
    0xf0, 0x44, 0x5, 0x80, 0x7f, 0xf0, 0x14, 0x2f,
    0x1, 0x80, 0x3f, 0xe5, 0x1, 0x37, 0x1, 0x30,
    0xf, 0xf7, 0x2, 0x0, 0x98, 0x50, 0x7, 0xf0,
    0xa0, 0x78, 0x2, 0xc1, 0xc0, 0x3f, 0x9c, 0x0,
    0xa0, 0x5, 0x1, 0x40, 0xf, 0xda, 0xa, 0x1,
    0x11, 0x87, 0x0, 0x7c, 0x28, 0x1e, 0x1, 0xac,
    0x14, 0x3, 0xe7, 0x0, 0x28, 0x6, 0x50, 0x2,
    0x80, 0x7a, 0x80, 0x1f, 0xfd, 0xa0, 0xf, 0x0,
    0xe1, 0x30, 0xf, 0xf2, 0x80, 0x73, 0x0, 0x33,
    0x3e, 0xb0, 0x2, 0x80, 0x6b, 0x4, 0x33, 0xf9,
    0xc, 0x38, 0x2, 0x23, 0xe, 0x0, 0xfd, 0x60,
    0x82, 0x0, 0x50, 0x2, 0x0, 0x7e, 0x60, 0x3,
    0x80, 0x28, 0x10, 0x40, 0x3f, 0x9, 0x85, 0x1,
    0x10, 0x34, 0x3, 0xfd, 0x40, 0x62,

    /* U+00C2 "Â" */
    0x0, 0xf8, 0xa2, 0x4, 0x1, 0xff, 0xc1, 0x1c,
    0x77, 0x78, 0x7, 0xff, 0x0, 0x70, 0x66, 0xa,
    0xc0, 0x3f, 0xea, 0x27, 0x67, 0x54, 0x90, 0xf,
    0xf5, 0xfc, 0x0, 0x2b, 0xe4, 0x3, 0xff, 0xa5,
    0x5f, 0xe7, 0x0, 0xff, 0xe1, 0x28, 0x2, 0x80,
    0x3f, 0xf8, 0x2a, 0x6, 0x24, 0x60, 0x1f, 0xfc,
    0xf, 0x4, 0x40, 0x58, 0x7, 0xff, 0x1, 0x42,
    0xf0, 0x18, 0x3, 0xfe, 0x50, 0x13, 0x70, 0x13,
    0x0, 0xff, 0x70, 0x20, 0x9, 0x85, 0x0, 0x7f,
    0xa, 0x7, 0x80, 0x2c, 0x1c, 0x3, 0xf9, 0xc0,
    0xa, 0x0, 0x50, 0x14, 0x0, 0xfd, 0xa0, 0xa0,
    0x11, 0x18, 0x70, 0x7, 0xc2, 0x81, 0xe0, 0x1a,
    0xc1, 0x40, 0x3e, 0x70, 0x2, 0x80, 0x65, 0x0,
    0x28, 0x7, 0xa8, 0x1, 0xff, 0xda, 0x0, 0xf0,
    0xe, 0x13, 0x0, 0xff, 0x28, 0x7, 0x30, 0x3,
    0x33, 0xeb, 0x0, 0x28, 0x6, 0xb0, 0x43, 0x3f,
    0x90, 0xc3, 0x80, 0x22, 0x30, 0xe0, 0xf, 0xd6,
    0x8, 0x20, 0x5, 0x0, 0x20, 0x7, 0xe6, 0x0,
    0x38, 0x2, 0x81, 0x4, 0x3, 0xf0, 0x98, 0x50,
    0x11, 0x3, 0x40, 0x3f, 0xd4, 0x6, 0x20,

    /* U+00C3 "Ã" */
    0x0, 0xe1, 0xcf, 0xb4, 0x2f, 0x90, 0xf, 0xf3,
    0x19, 0x92, 0xf4, 0x34, 0x3, 0xfe, 0x5c, 0xe8,
    0x59, 0x40, 0xf, 0xf3, 0xd0, 0xb, 0xd3, 0x0,
    0x7f, 0xf4, 0xeb, 0xfc, 0xe0, 0x1f, 0xfc, 0x25,
    0x0, 0x50, 0x7, 0xff, 0x5, 0x40, 0xc4, 0x8c,
    0x3, 0xff, 0x81, 0xe0, 0x88, 0xb, 0x0, 0xff,
    0xe0, 0x28, 0x5e, 0x3, 0x0, 0x7f, 0xca, 0x2,
    0x6e, 0x2, 0x60, 0x1f, 0xee, 0x4, 0x1, 0x30,
    0xa0, 0xf, 0xe1, 0x40, 0xf0, 0x5, 0x83, 0x80,
    0x7f, 0x38, 0x1, 0x40, 0xa, 0x2, 0x80, 0x1f,
    0xb4, 0x14, 0x2, 0x23, 0xe, 0x0, 0xf8, 0x50,
    0x3c, 0x3, 0x58, 0x28, 0x7, 0xce, 0x0, 0x50,
    0xc, 0xa0, 0x5, 0x0, 0xf5, 0x0, 0x3f, 0xfb,
    0x40, 0x1e, 0x1, 0xc2, 0x60, 0x1f, 0xe5, 0x0,
    0xe6, 0x0, 0x66, 0x7d, 0x60, 0x5, 0x0, 0xd6,
    0x8, 0x67, 0xf2, 0x18, 0x70, 0x4, 0x46, 0x1c,
    0x1, 0xfa, 0xc1, 0x4, 0x0, 0xa0, 0x4, 0x0,
    0xfc, 0xc0, 0x7, 0x0, 0x50, 0x20, 0x80, 0x7e,
    0x13, 0xa, 0x2, 0x20, 0x68, 0x7, 0xfa, 0x80,
    0xc4,

    /* U+00C4 "Ä" */
    0x0, 0xf0, 0x80, 0x61, 0x0, 0xff, 0xb7, 0x9c,
    0x1, 0x1d, 0x80, 0x1f, 0xc4, 0x40, 0xc0, 0x2,
    0x81, 0x88, 0x7, 0xe2, 0x41, 0xe0, 0x5, 0x82,
    0x88, 0x7, 0xf5, 0xf2, 0x80, 0x1b, 0xe8, 0x3,
    0xff, 0xa5, 0x5f, 0xe7, 0x0, 0xff, 0xe1, 0x28,
    0x2, 0x80, 0x3f, 0xf8, 0x2a, 0x6, 0x24, 0x60,
    0x1f, 0xfc, 0xf, 0x4, 0x40, 0x58, 0x7, 0xff,
    0x1, 0x42, 0xf0, 0x18, 0x3, 0xfe, 0x50, 0x13,
    0x70, 0x13, 0x0, 0xff, 0x70, 0x20, 0x9, 0x85,
    0x0, 0x7f, 0xa, 0x7, 0x80, 0x2c, 0x1c, 0x3,
    0xf9, 0xc0, 0xa, 0x0, 0x50, 0x14, 0x0, 0xfd,
    0xa0, 0xa0, 0x11, 0x18, 0x70, 0x7, 0xc2, 0x81,
    0xe0, 0x1a, 0xc1, 0x40, 0x3e, 0x70, 0x2, 0x80,
    0x65, 0x0, 0x28, 0x7, 0xa8, 0x1, 0xff, 0xda,
    0x0, 0xf0, 0xe, 0x13, 0x0, 0xff, 0x28, 0x7,
    0x30, 0x3, 0x33, 0xeb, 0x0, 0x28, 0x6, 0xb0,
    0x43, 0x3f, 0x90, 0xc3, 0x80, 0x22, 0x30, 0xe0,
    0xf, 0xd6, 0x8, 0x20, 0x5, 0x0, 0x20, 0x7,
    0xe6, 0x0, 0x38, 0x2, 0x81, 0x4, 0x3, 0xf0,
    0x98, 0x50, 0x11, 0x3, 0x40, 0x3f, 0xd4, 0x6,
    0x20,

    /* U+00C5 "Å" */
    0x0, 0xf0, 0xd7, 0xf4, 0x80, 0x7f, 0xf0, 0x75,
    0x4c, 0x9a, 0xc0, 0x3f, 0xe3, 0x32, 0xe6, 0x11,
    0x4, 0x1, 0xfe, 0x60, 0xc0, 0x1, 0x83, 0x0,
    0x7f, 0x9c, 0x2c, 0x49, 0x41, 0x40, 0x3f, 0xc4,
    0xe5, 0xda, 0x50, 0x20, 0x1f, 0xf4, 0x5b, 0x32,
    0xdc, 0x3, 0xff, 0x83, 0xcc, 0xc3, 0x0, 0xff,
    0xe1, 0x28, 0x2, 0x80, 0x3f, 0xf8, 0x2a, 0x6,
    0x24, 0x60, 0x1f, 0xfc, 0xf, 0x4, 0x40, 0x58,
    0x7, 0xff, 0x1, 0x42, 0xf0, 0x18, 0x3, 0xfe,
    0x50, 0x13, 0x70, 0x13, 0x0, 0xff, 0x70, 0x20,
    0x9, 0x85, 0x0, 0x7f, 0xa, 0x7, 0x80, 0x2c,
    0x1c, 0x3, 0xf9, 0xc0, 0xa, 0x0, 0x50, 0x14,
    0x0, 0xfd, 0xa0, 0xa0, 0x11, 0x18, 0x70, 0x7,
    0xc2, 0x81, 0xe0, 0x1a, 0xc1, 0x40, 0x3e, 0x70,
    0x2, 0x80, 0x65, 0x0, 0x28, 0x7, 0xa8, 0x1,
    0xff, 0xda, 0x0, 0xf0, 0xe, 0x13, 0x0, 0xff,
    0x28, 0x7, 0x30, 0x3, 0x33, 0xeb, 0x0, 0x28,
    0x6, 0xb0, 0x43, 0x3f, 0x90, 0xc3, 0x80, 0x22,
    0x30, 0xe0, 0xf, 0xd6, 0x8, 0x20, 0x5, 0x0,
    0x20, 0x7, 0xe6, 0x0, 0x38, 0x2, 0x81, 0x4,
    0x3, 0xf0, 0x98, 0x50, 0x11, 0x3, 0x40, 0x3f,
    0xd4, 0x6, 0x20,

    /* U+00C6 "Æ" */
    0x0, 0xfe, 0x7f, 0xff, 0xfe, 0x10, 0x7, 0xfa,
    0x41, 0xc, 0x3, 0xff, 0x90, 0xc2, 0x15, 0x40,
    0x1c, 0xcf, 0xe0, 0xf, 0xeb, 0x6, 0x10, 0x8,
    0xcf, 0xf8, 0x3, 0xf2, 0x10, 0x58, 0x7, 0xff,
    0x26, 0x1, 0x8, 0x3, 0xff, 0x90, 0x66, 0xf,
    0x0, 0xff, 0xe4, 0xc8, 0x12, 0x0, 0x7f, 0xf2,
    0x9, 0x42, 0xc0, 0x3f, 0xf9, 0x36, 0x2, 0xc0,
    0x1c, 0x3f, 0xff, 0x98, 0x3, 0x85, 0x82, 0x40,
    0x3f, 0xf9, 0x2c, 0x0, 0x60, 0xf, 0xe, 0x67,
    0xe7, 0x0, 0xe9, 0x0, 0x77, 0xfe, 0x90, 0x1,
    0x9f, 0xe1, 0x0, 0xcc, 0x20, 0x1f, 0xfc, 0xbb,
    0x2, 0xee, 0xf3, 0x80, 0x7f, 0xf0, 0x90, 0x82,
    0x44, 0x7d, 0xc0, 0x1f, 0xfc, 0x28, 0x2, 0x40,
    0xf, 0xfe, 0x41, 0x98, 0x2c, 0x3, 0xfc, 0x67,
    0xfc, 0x0, 0x90, 0x16, 0x0, 0xfe, 0x1c, 0xcf,
    0xe2, 0x22, 0x83, 0x0, 0x7f, 0xf2, 0x40,

    /* U+00C7 "Ç" */
    0x0, 0xe3, 0xad, 0xff, 0x6c, 0x98, 0x7, 0xc3,
    0x58, 0xa4, 0x0, 0x26, 0xc9, 0x0, 0xe1, 0xc5,
    0x1, 0x79, 0xa7, 0x10, 0x6b, 0x0, 0xd6, 0x40,
    0xfd, 0xc, 0xb1, 0xca, 0x8, 0xe0, 0x4, 0x50,
    0x78, 0x0, 0xf5, 0x20, 0x48, 0x3, 0xc0, 0xa0,
    0x3, 0xf4, 0x80, 0xa8, 0x20, 0x50, 0x7, 0xf1,
    0x54, 0xb1, 0x80, 0x14, 0x3, 0xfc, 0xac, 0x6c,
    0x0, 0x20, 0xf, 0xfe, 0x9, 0x80, 0x80, 0x7f,
    0xf4, 0xcc, 0x4, 0x3, 0xff, 0x84, 0xc0, 0x2,
    0x0, 0xff, 0xe0, 0x98, 0x1, 0x40, 0x3f, 0xca,
    0xc6, 0x8, 0x14, 0x1, 0xfc, 0x55, 0x2c, 0x1e,
    0x5, 0x0, 0x1f, 0xa0, 0x0, 0xa0, 0x88, 0x7,
    0x80, 0xf, 0x52, 0x84, 0x0, 0x54, 0x40, 0xfd,
    0xc, 0xb1, 0xca, 0x8, 0xe0, 0x10, 0xe2, 0x0,
    0xbc, 0xd3, 0x88, 0x35, 0x80, 0x70, 0xdd, 0x94,
    0x80, 0x4, 0xd9, 0x20, 0x1f, 0x92, 0xb4, 0xdb,
    0x64, 0xc0, 0x3f, 0xf8, 0x4, 0xf4, 0x40, 0x1f,
    0xfc, 0x17, 0x55, 0x70, 0x7, 0xff, 0x6, 0x6c,
    0xc8, 0x3, 0xff, 0x80, 0x6c, 0xe6, 0x40, 0x1f,
    0xfc, 0x4, 0x98, 0x3e, 0x0, 0xe0,

    /* U+00C8 "È" */
    0x0, 0xb3, 0x9c, 0x3, 0xfa, 0x46, 0x40, 0x3f,
    0x95, 0x5, 0x80, 0x3f, 0xa4, 0x2c, 0x3, 0xf8,
    0xbf, 0x40, 0x3f, 0xf8, 0xb7, 0xff, 0xfe, 0xd0,
    0xf, 0xfe, 0x11, 0xe6, 0x7e, 0xf0, 0x3, 0x99,
    0xfe, 0x20, 0xf, 0xff, 0x92, 0x7f, 0xfe, 0x30,
    0xf, 0xfe, 0x11, 0xe6, 0x7e, 0x30, 0x3, 0x99,
    0xfe, 0x0, 0xff, 0xf3, 0xb9, 0x9f, 0xf0, 0x0,
    0xf3, 0x3f, 0x68, 0x7, 0xff, 0x0,

    /* U+00C9 "É" */
    0x0, 0xf0, 0xc4, 0x8, 0x3, 0xf4, 0xba, 0x10,
    0x7, 0xe7, 0xf, 0x0, 0xfc, 0xe0, 0xc6, 0x1,
    0xf8, 0x62, 0x40, 0x3f, 0x99, 0xc0, 0x3a, 0xff,
    0xff, 0xda, 0x1, 0xff, 0xc2, 0x3c, 0xcf, 0xde,
    0x0, 0x73, 0x3f, 0xc4, 0x1, 0xff, 0xf2, 0x4f,
    0xff, 0xc6, 0x1, 0xff, 0xc2, 0x3c, 0xcf, 0xc6,
    0x0, 0x73, 0x3f, 0xc0, 0x1f, 0xfe, 0x77, 0x33,
    0xfe, 0x0, 0x1e, 0x67, 0xed, 0x0, 0xff, 0xe0,
    0x0,

    /* U+00CA "Ê" */
    0x0, 0xc2, 0xf0, 0x60, 0x1f, 0xb2, 0x1f, 0x48,
    0x3, 0xd6, 0x4f, 0x43, 0xe2, 0x1, 0xa9, 0x16,
    0x16, 0xa, 0x80, 0x35, 0x7d, 0x0, 0x1f, 0xec,
    0x3, 0xff, 0x85, 0x7f, 0xff, 0xed, 0x0, 0xff,
    0xe1, 0x1e, 0x67, 0xef, 0x0, 0x39, 0x9f, 0xe2,
    0x0, 0xff, 0xf9, 0x27, 0xff, 0xe3, 0x0, 0xff,
    0xe1, 0x1e, 0x67, 0xe3, 0x0, 0x39, 0x9f, 0xe0,
    0xf, 0xff, 0x3b, 0x99, 0xff, 0x0, 0xf, 0x33,
    0xf6, 0x80, 0x7f, 0xf0, 0x0,

    /* U+00CB "Ë" */
    0x0, 0x84, 0x3, 0x8, 0x7, 0x5f, 0x48, 0x1,
    0x7b, 0x40, 0x32, 0x3, 0x80, 0x3c, 0x8, 0xc0,
    0x27, 0x9, 0x0, 0x70, 0xa1, 0x80, 0x51, 0xee,
    0x0, 0x4e, 0xb0, 0xf, 0xfe, 0x15, 0xff, 0xff,
    0xb4, 0x3, 0xff, 0x84, 0x79, 0x9f, 0xbc, 0x0,
    0xe6, 0x7f, 0x88, 0x3, 0xff, 0xe4, 0x9f, 0xff,
    0x8c, 0x3, 0xff, 0x84, 0x79, 0x9f, 0x8c, 0x0,
    0xe6, 0x7f, 0x80, 0x3f, 0xfc, 0xee, 0x67, 0xfc,
    0x0, 0x3c, 0xcf, 0xda, 0x1, 0xff, 0xc0,

    /* U+00CC "Ì" */
    0x8e, 0xc0, 0x4, 0x81, 0xa8, 0xd, 0x84, 0x80,
    0x15, 0xc, 0xc0, 0xb, 0xf3, 0x0, 0xfa, 0xfe,
    0xc0, 0x3f, 0xff, 0xe0, 0x1f, 0xfc, 0x80,

    /* U+00CD "Í" */
    0x0, 0x34, 0x28, 0x14, 0xbb, 0x4, 0x3, 0x18,
    0xa8, 0xc0, 0x13, 0xd0, 0x81, 0xc2, 0x0, 0x2f,
    0xec, 0x3, 0xff, 0xfe, 0x1, 0xff, 0xca,

    /* U+00CE "Î" */
    0x0, 0x9a, 0x18, 0x3, 0x9e, 0x5e, 0x58, 0x2,
    0x58, 0x2d, 0x29, 0x40, 0x4a, 0x1f, 0x2f, 0xb,
    0x24, 0xfe, 0x20, 0x2f, 0xf1, 0x0, 0x7f, 0xf0,
    0x2f, 0xec, 0x3, 0xff, 0xfe, 0x1, 0xff, 0xff,
    0x0, 0xff, 0xe6, 0x0,

    /* U+00CF "Ï" */
    0x1, 0x0, 0xe1, 0x5, 0xee, 0x8, 0xf, 0x71,
    0x7c, 0x5, 0x41, 0x44, 0x32, 0x44, 0xd0, 0x10,
    0xc6, 0x8f, 0xb0, 0x2, 0xce, 0x30, 0xf, 0xfe,
    0x5, 0xfd, 0x80, 0x7f, 0xff, 0xc0, 0x3f, 0xff,
    0xe0, 0x1f, 0xfc, 0xc0,

    /* U+00D0 "Ð" */
    0x0, 0x37, 0xff, 0xdb, 0x48, 0x1, 0xff, 0xc3,
    0x25, 0xbc, 0x20, 0xf, 0xd7, 0x99, 0x54, 0x10,
    0x1e, 0x10, 0x7, 0xc8, 0x67, 0x2b, 0xec, 0x80,
    0xf8, 0x7, 0xff, 0x9, 0xa8, 0x9, 0x80, 0x3f,
    0xf8, 0x4a, 0x81, 0x60, 0x1f, 0xfc, 0x3e, 0x2,
    0x20, 0x7, 0xff, 0x9, 0x40, 0xe, 0x1, 0xff,
    0xc3, 0x10, 0x2c, 0xf9, 0x0, 0x7f, 0xf0, 0x80,
    0x63, 0xf, 0x0, 0xff, 0xe3, 0x67, 0xc8, 0x3,
    0xbf, 0xf0, 0x80, 0x63, 0xf, 0x0, 0xe1, 0x0,
    0xfc, 0x22, 0x2, 0x0, 0xff, 0xe1, 0x20, 0x1,
    0xc0, 0x3f, 0xf8, 0x5c, 0x4, 0x40, 0xf, 0xfe,
    0xa, 0xa0, 0x58, 0x7, 0xff, 0x5, 0xa8, 0xd,
    0x80, 0x3c, 0x86, 0x72, 0xbe, 0xc8, 0xf, 0x0,
    0x7d, 0x79, 0x95, 0x41, 0x2, 0x79, 0x0, 0x7f,
    0xf0, 0x9, 0xb2, 0xc4, 0x2,

    /* U+00D1 "Ñ" */
    0x0, 0xc5, 0xbd, 0x46, 0x9e, 0xc0, 0x1f, 0xa0,
    0x88, 0xb9, 0x60, 0x80, 0x1f, 0x8d, 0xf3, 0xa1,
    0x6c, 0x80, 0x3f, 0x4c, 0x0, 0xbd, 0x20, 0x7,
    0xff, 0x26, 0xff, 0xcc, 0x1, 0xf8, 0x7f, 0xc8,
    0x1, 0x48, 0x80, 0x7f, 0xf0, 0xec, 0x3, 0xff,
    0x82, 0x20, 0xa8, 0x1, 0xff, 0xc0, 0x72, 0x9,
    0x0, 0xff, 0xe0, 0xc8, 0x13, 0x80, 0x7f, 0xc6,
    0x88, 0x8, 0x20, 0xf, 0xfe, 0x4, 0x80, 0x24,
    0x3, 0xfc, 0x20, 0x4c, 0x8, 0x80, 0xf, 0xfe,
    0x4, 0x8, 0x50, 0x7, 0xff, 0x0, 0x6c, 0x6,
    0x0, 0x3f, 0xf8, 0xa, 0x60, 0xe4, 0x1, 0xff,
    0xc0, 0xe0, 0x4, 0x80, 0x7f, 0xf0, 0x9, 0xc1,
    0x14, 0x3, 0xff, 0x81, 0x2, 0x10, 0x1, 0xff,
    0xc1, 0xb0, 0x26, 0x0, 0xff, 0xe0, 0x2a, 0x4,
    0x80, 0x7f, 0xf0, 0x64, 0x4, 0x3, 0xff, 0x82,
    0x50, 0x1, 0xff, 0xc3, 0x72, 0x0, 0x80,

    /* U+00D2 "Ò" */
    0x0, 0xe1, 0xde, 0x50, 0xf, 0xfe, 0x10, 0xa8,
    0xc8, 0x7, 0xff, 0xe, 0x8, 0xcc, 0x1, 0xff,
    0xc3, 0x90, 0x80, 0xf, 0xfe, 0x1a, 0x7d, 0x80,
    0x7f, 0xf4, 0xce, 0xb7, 0xfd, 0xb2, 0x60, 0x1f,
    0x86, 0xb1, 0x48, 0x0, 0x4d, 0x92, 0x1, 0xf6,
    0xa8, 0xb, 0xcc, 0x98, 0x41, 0xac, 0x3, 0xa8,
    0xc1, 0xfa, 0x19, 0x93, 0xca, 0x9, 0x0, 0x12,
    0x28, 0x3c, 0x0, 0x7a, 0x94, 0x1c, 0x80, 0x1e,
    0x5, 0x0, 0x1f, 0xac, 0x42, 0xc0, 0x8, 0x14,
    0x1, 0xfc, 0x2e, 0xe, 0x6, 0x0, 0x50, 0xf,
    0xf6, 0x80, 0x89, 0x80, 0x4, 0x1, 0xfe, 0x60,
    0x1, 0x18, 0x8, 0x7, 0xfc, 0x40, 0x7, 0x0,
    0xff, 0xe1, 0x8, 0x4, 0x60, 0x20, 0x1f, 0xf1,
    0x80, 0x1d, 0x80, 0x4, 0x1, 0xfe, 0x60, 0x1,
    0x18, 0x1, 0x40, 0x3f, 0xda, 0x2, 0x20, 0x40,
    0xa0, 0xf, 0xe1, 0x70, 0x70, 0x7, 0x81, 0x40,
    0x7, 0xeb, 0x10, 0xb0, 0x2, 0x28, 0x3c, 0x0,
    0x7a, 0x94, 0x1c, 0x80, 0x2b, 0x20, 0x7e, 0x86,
    0x64, 0xf2, 0x82, 0x40, 0x6, 0x1c, 0x40, 0x17,
    0x99, 0x30, 0x83, 0x58, 0x7, 0x86, 0xec, 0xa4,
    0x0, 0x26, 0xc9, 0x0, 0xc0,

    /* U+00D3 "Ó" */
    0x0, 0xfe, 0x7f, 0xe1, 0x0, 0xff, 0xe1, 0x48,
    0x58, 0x80, 0x7f, 0xf0, 0x58, 0x51, 0x40, 0x3f,
    0xf8, 0x56, 0x12, 0x1, 0xff, 0xc3, 0xdf, 0x20,
    0xf, 0xfe, 0x91, 0xd6, 0xff, 0xb6, 0x4c, 0x3,
    0xf0, 0xd6, 0x29, 0x0, 0x9, 0xb2, 0x40, 0x3e,
    0xd5, 0x1, 0x79, 0x93, 0x8, 0x35, 0x80, 0x75,
    0x18, 0x3f, 0x43, 0x32, 0x79, 0x41, 0x20, 0x2,
    0x45, 0x7, 0x80, 0xf, 0x52, 0x83, 0x90, 0x3,
    0xc0, 0xa0, 0x3, 0xf5, 0x88, 0x58, 0x1, 0x2,
    0x80, 0x3f, 0x85, 0xc1, 0xc0, 0xc0, 0xa, 0x1,
    0xfe, 0xd0, 0x11, 0x30, 0x0, 0x80, 0x3f, 0xcc,
    0x0, 0x23, 0x1, 0x0, 0xff, 0x88, 0x0, 0xe0,
    0x1f, 0xfc, 0x21, 0x0, 0x8c, 0x4, 0x3, 0xfe,
    0x30, 0x3, 0xb0, 0x0, 0x80, 0x3f, 0xcc, 0x0,
    0x23, 0x0, 0x28, 0x7, 0xfb, 0x40, 0x44, 0x8,
    0x14, 0x1, 0xfc, 0x2e, 0xe, 0x0, 0xf0, 0x28,
    0x0, 0xfd, 0x62, 0x16, 0x0, 0x45, 0x7, 0x80,
    0xf, 0x52, 0x83, 0x90, 0x5, 0x64, 0xf, 0xd0,
    0xcc, 0x9e, 0x50, 0x48, 0x0, 0xc3, 0x88, 0x2,
    0xf3, 0x26, 0x10, 0x6b, 0x0, 0xf0, 0xdd, 0x94,
    0x80, 0x4, 0xd9, 0x20, 0x18,

    /* U+00D4 "Ô" */
    0x0, 0xfa, 0x3f, 0xcc, 0x1, 0xff, 0xc1, 0x47,
    0x21, 0x92, 0x0, 0xff, 0x8a, 0x83, 0xac, 0x3c,
    0x3, 0xfe, 0xe1, 0x83, 0x56, 0x2a, 0x0, 0xff,
    0x67, 0xb8, 0x2, 0x7e, 0x80, 0x3f, 0xfa, 0x7,
    0x5b, 0xfe, 0xd9, 0x30, 0xf, 0xc3, 0x58, 0xa4,
    0x0, 0x26, 0xc9, 0x0, 0xfb, 0x54, 0x5, 0xe6,
    0x4c, 0x20, 0xd6, 0x1, 0xd4, 0x60, 0xfd, 0xc,
    0xc9, 0xe5, 0x4, 0x80, 0x9, 0x14, 0x1e, 0x0,
    0x3d, 0x4a, 0xe, 0x40, 0xf, 0x2, 0x80, 0xf,
    0xd6, 0x21, 0x60, 0x4, 0xa, 0x0, 0xfe, 0x17,
    0x7, 0x3, 0x0, 0x28, 0x7, 0xfb, 0x40, 0x44,
    0xc0, 0x2, 0x0, 0xff, 0x30, 0x0, 0x8c, 0x4,
    0x3, 0xfe, 0x20, 0x3, 0x80, 0x7f, 0xf0, 0x84,
    0x2, 0x30, 0x10, 0xf, 0xf8, 0xc0, 0xe, 0xc0,
    0x2, 0x0, 0xff, 0x30, 0x0, 0x8c, 0x0, 0xa0,
    0x1f, 0xed, 0x1, 0x10, 0x20, 0x50, 0x7, 0xf0,
    0xb8, 0x38, 0x3, 0xc0, 0xa0, 0x3, 0xf5, 0x88,
    0x58, 0x1, 0x14, 0x1e, 0x0, 0x3d, 0x4a, 0xe,
    0x40, 0x15, 0x90, 0x3f, 0x43, 0x32, 0x79, 0x41,
    0x20, 0x3, 0xe, 0x20, 0xb, 0xcc, 0x98, 0x41,
    0xac, 0x3, 0xc3, 0x76, 0x52, 0x0, 0x13, 0x64,
    0x80, 0x60,

    /* U+00D5 "Õ" */
    0x0, 0xf3, 0x51, 0x80, 0x29, 0x80, 0x3f, 0xc9,
    0x2b, 0x8e, 0x6a, 0x20, 0x1f, 0xed, 0xd, 0x68,
    0xc0, 0x50, 0xf, 0xf7, 0x31, 0x4d, 0xb5, 0x10,
    0x7, 0xf9, 0xe4, 0x0, 0x92, 0xa0, 0x1f, 0xfd,
    0x13, 0xad, 0xff, 0x6c, 0x98, 0x7, 0xe1, 0xac,
    0x52, 0x0, 0x13, 0x64, 0x80, 0x7d, 0xaa, 0x2,
    0xf3, 0x26, 0x10, 0x6b, 0x0, 0xea, 0x30, 0x7e,
    0x86, 0x64, 0xf2, 0x82, 0x40, 0x4, 0x8a, 0xf,
    0x0, 0x1e, 0xa5, 0x7, 0x20, 0x7, 0x81, 0x40,
    0x7, 0xeb, 0x10, 0xb0, 0x2, 0x5, 0x0, 0x7f,
    0xb, 0x83, 0x81, 0x80, 0x14, 0x3, 0xfd, 0xa0,
    0x22, 0x60, 0x1, 0x0, 0x7f, 0x98, 0x0, 0x46,
    0x2, 0x1, 0xff, 0x10, 0x1, 0xc0, 0x3f, 0xf8,
    0x42, 0x1, 0x18, 0x8, 0x7, 0xfc, 0x60, 0x7,
    0x60, 0x1, 0x0, 0x7f, 0x98, 0x0, 0x46, 0x0,
    0x50, 0xf, 0xf6, 0x80, 0x88, 0x10, 0x28, 0x3,
    0xf8, 0x5c, 0x1c, 0x1, 0xe0, 0x50, 0x1, 0xfa,
    0xc4, 0x2c, 0x0, 0x8a, 0xf, 0x0, 0x1e, 0xa5,
    0x7, 0x20, 0xa, 0xc8, 0x1f, 0xa1, 0x99, 0x3c,
    0xa0, 0x90, 0x1, 0x87, 0x10, 0x5, 0xe6, 0x4c,
    0x20, 0xd6, 0x1, 0xe1, 0xbb, 0x29, 0x0, 0x9,
    0xb2, 0x40, 0x30,

    /* U+00D6 "Ö" */
    0x0, 0xf0, 0x80, 0x61, 0x0, 0xff, 0xb7, 0x98,
    0x1, 0x1d, 0x80, 0x1f, 0xc4, 0x40, 0xd0, 0x2,
    0x81, 0x88, 0x7, 0xe2, 0x41, 0xe0, 0x5, 0x83,
    0x8, 0x7, 0xf5, 0xf2, 0x80, 0x1b, 0xe4, 0x3,
    0xff, 0xa0, 0x75, 0xbf, 0xed, 0x93, 0x0, 0xfc,
    0x35, 0x8a, 0x40, 0x2, 0x6c, 0x90, 0xf, 0xb5,
    0x40, 0x5e, 0x64, 0xc2, 0xd, 0x60, 0x1d, 0x46,
    0xf, 0xd0, 0xcc, 0x9e, 0x50, 0x48, 0x0, 0x91,
    0x41, 0xe0, 0x3, 0xd4, 0xa0, 0xe4, 0x0, 0xf0,
    0x28, 0x0, 0xfd, 0x62, 0x16, 0x0, 0x40, 0xa0,
    0xf, 0xe1, 0x70, 0x70, 0x30, 0x2, 0x80, 0x7f,
    0xb4, 0x4, 0x4c, 0x0, 0x20, 0xf, 0xf3, 0x0,
    0x8, 0xc0, 0x40, 0x3f, 0xe2, 0x0, 0x38, 0x7,
    0xff, 0x8, 0x40, 0x23, 0x1, 0x0, 0xff, 0x8c,
    0x0, 0xec, 0x0, 0x20, 0xf, 0xf3, 0x0, 0x8,
    0xc0, 0xa, 0x1, 0xfe, 0xd0, 0x11, 0x2, 0x5,
    0x0, 0x7f, 0xb, 0x83, 0x80, 0x3c, 0xa, 0x0,
    0x3f, 0x58, 0x85, 0x80, 0x11, 0x41, 0xe0, 0x3,
    0xd4, 0xa0, 0xe4, 0x1, 0x59, 0x3, 0xf4, 0x33,
    0x27, 0x94, 0x12, 0x0, 0x30, 0xe2, 0x0, 0xbc,
    0xc9, 0x84, 0x1a, 0xc0, 0x3c, 0x37, 0x65, 0x20,
    0x1, 0x36, 0x48, 0x6,

    /* U+00D7 "×" */
    0x5, 0x90, 0xf, 0x96, 0x0, 0x69, 0xa0, 0x3,
    0x92, 0x9d, 0x46, 0x1, 0xdc, 0x1, 0x25, 0x82,
    0x28, 0x3b, 0x82, 0x1c, 0xe, 0xc1, 0x2c, 0x2,
    0x87, 0x8, 0x9c, 0x3, 0xb0, 0xe, 0x86, 0x6,
    0x3, 0xc0, 0xf, 0xac, 0x2, 0xa0, 0xf, 0x87,
    0x0, 0x29, 0x40, 0xe, 0x1c, 0x12, 0xd4, 0xb,
    0x40, 0x8, 0x70, 0x87, 0xca, 0xd0, 0x2c, 0xc0,
    0x1a, 0x43, 0x84, 0x0, 0xb3, 0xd, 0x30, 0x0,
    0xe1, 0x0, 0x6c, 0x30, 0x10, 0xdd, 0x10, 0x7,
    0xb7, 0x8,

    /* U+00D8 "Ø" */
    0x0, 0xff, 0xe1, 0x8, 0x7, 0xe3, 0xad, 0xff,
    0x6c, 0x98, 0x66, 0x4, 0x3, 0xd, 0x62, 0x90,
    0x0, 0x9b, 0x3c, 0x88, 0x20, 0x1b, 0x54, 0x5,
    0xe6, 0x4c, 0x20, 0x15, 0x0, 0x6a, 0x30, 0x7e,
    0x86, 0x64, 0xf8, 0x5, 0x80, 0x12, 0x28, 0x3c,
    0x0, 0x74, 0x80, 0x4e, 0x40, 0xf, 0x2, 0x80,
    0xe, 0x37, 0xa, 0x10, 0xb0, 0x2, 0x5, 0x0,
    0x7b, 0x81, 0xd5, 0xc1, 0xc0, 0xc0, 0xa, 0x1,
    0xd2, 0x44, 0x80, 0xd0, 0x11, 0x30, 0x0, 0x80,
    0x32, 0x30, 0x70, 0x1, 0x80, 0x4, 0x60, 0x20,
    0x1d, 0x40, 0xe6, 0x0, 0x20, 0x3, 0x80, 0x7d,
    0x22, 0x50, 0x1, 0x8, 0x4, 0x60, 0x20, 0x12,
    0x30, 0x70, 0x6, 0x30, 0x3, 0xb0, 0x0, 0x80,
    0x68, 0x20, 0xc0, 0x33, 0x0, 0x8, 0xc0, 0xa,
    0x16, 0x26, 0xe0, 0x1d, 0xa0, 0x22, 0x4, 0xa,
    0x55, 0x7, 0x0, 0x70, 0xb8, 0x38, 0x3, 0xc0,
    0xa8, 0x20, 0x80, 0x3a, 0xc4, 0x2c, 0x0, 0x8a,
    0x1, 0x38, 0x7, 0x52, 0x83, 0x90, 0x5, 0x80,
    0x17, 0x43, 0x32, 0x79, 0x41, 0x20, 0x2, 0x18,
    0x0, 0x85, 0xe6, 0x4c, 0x20, 0xd6, 0x1, 0x8c,
    0xef, 0xb5, 0x20, 0x1, 0x36, 0x48, 0x7, 0x16,
    0xe8, 0x12, 0xb7, 0xfd, 0xb2, 0x60, 0x1c,

    /* U+00D9 "Ù" */
    0x0, 0xcb, 0xdc, 0x10, 0xf, 0xfe, 0x2, 0x90,
    0xc8, 0x7, 0xff, 0x7, 0x81, 0x80, 0x3f, 0xf8,
    0x24, 0xe2, 0xe0, 0x1f, 0xfc, 0x18, 0xf7, 0x0,
    0xff, 0xe5, 0xdf, 0xd8, 0x7, 0xf2, 0xff, 0x84,
    0x3, 0xff, 0xfe, 0x1, 0xff, 0xff, 0x0, 0xff,
    0xee, 0x88, 0x81, 0xc0, 0x3f, 0x8c, 0x2, 0x20,
    0x30, 0xf, 0xec, 0x1, 0xc, 0x0, 0x38, 0x7,
    0xc4, 0xa0, 0xe0, 0x84, 0x10, 0xa0, 0x1c, 0x5e,
    0x0, 0xb0, 0x7, 0x80, 0x2b, 0x1d, 0x5a, 0xb4,
    0x82, 0x8, 0x0, 0x5a, 0x40, 0x71, 0x52, 0xa0,
    0x9, 0x70, 0xc, 0x5b, 0x48, 0x40, 0x26, 0xfc,
    0xc0, 0x10,

    /* U+00DA "Ú" */
    0x0, 0xfd, 0x9f, 0x60, 0x1f, 0xfc, 0x3, 0x30,
    0x48, 0x7, 0xff, 0x2, 0x42, 0x8, 0x3, 0xfe,
    0x15, 0x27, 0x0, 0xff, 0xe0, 0xf, 0xe8, 0x7,
    0xff, 0x2e, 0xfe, 0xc0, 0x3f, 0x97, 0xfc, 0x20,
    0x1f, 0xff, 0xf0, 0xf, 0xff, 0xf8, 0x7, 0xff,
    0x74, 0x44, 0xe, 0x1, 0xfc, 0x60, 0x11, 0x1,
    0x80, 0x7f, 0x60, 0x8, 0x60, 0x1, 0xc0, 0x3e,
    0x25, 0x7, 0x4, 0x20, 0x85, 0x0, 0xe2, 0xf0,
    0x5, 0x80, 0x3c, 0x1, 0x58, 0xea, 0xd5, 0xa4,
    0x10, 0x40, 0x2, 0xd2, 0x3, 0x8a, 0x95, 0x0,
    0x4b, 0x80, 0x62, 0xda, 0x42, 0x1, 0x37, 0xe6,
    0x0, 0x80,

    /* U+00DB "Û" */
    0x0, 0xf6, 0x7f, 0x88, 0x3, 0xfe, 0x93, 0x30,
    0x78, 0x7, 0xf9, 0x58, 0x75, 0x8a, 0x80, 0x3f,
    0x15, 0x6, 0x8c, 0x92, 0xb0, 0x7, 0xc5, 0xfe,
    0x30, 0x6, 0xfb, 0x0, 0x7f, 0xf2, 0x2f, 0xec,
    0x3, 0xf9, 0x7f, 0xc2, 0x1, 0xff, 0xff, 0x0,
    0xff, 0xff, 0x80, 0x7f, 0xf7, 0x44, 0x40, 0xe0,
    0x1f, 0xc6, 0x1, 0x10, 0x18, 0x7, 0xf6, 0x0,
    0x86, 0x0, 0x1c, 0x3, 0xe2, 0x50, 0x70, 0x42,
    0x8, 0x50, 0xe, 0x2f, 0x0, 0x58, 0x3, 0xc0,
    0x15, 0x8e, 0xad, 0x5a, 0x41, 0x4, 0x0, 0x2d,
    0x20, 0x38, 0xa9, 0x50, 0x4, 0xb8, 0x6, 0x2d,
    0xa4, 0x20, 0x13, 0x7e, 0x60, 0x8,

    /* U+00DC "Ü" */
    0x0, 0x87, 0x74, 0x40, 0xa, 0xf6, 0x0, 0xf9,
    0x88, 0x8a, 0x2, 0xa1, 0x40, 0x1f, 0x28, 0x1,
    0x0, 0x4c, 0x2c, 0x3, 0xe2, 0xff, 0x18, 0x3,
    0x39, 0xc0, 0x3f, 0xf8, 0x42, 0x1, 0xff, 0xc9,
    0xbf, 0xb0, 0xf, 0xe5, 0xff, 0x8, 0x7, 0xff,
    0xfc, 0x3, 0xff, 0xfe, 0x1, 0xff, 0xdd, 0x11,
    0x3, 0x80, 0x7f, 0x18, 0x4, 0x40, 0x60, 0x1f,
    0xd8, 0x2, 0x18, 0x0, 0x70, 0xf, 0x89, 0x41,
    0xc1, 0x8, 0x21, 0x40, 0x38, 0xbc, 0x1, 0x60,
    0xf, 0x0, 0x56, 0x3a, 0xb5, 0x69, 0x4, 0x10,
    0x0, 0xb4, 0x80, 0xe2, 0xa5, 0x40, 0x12, 0xe0,
    0x18, 0xb6, 0x90, 0x80, 0x4d, 0xf9, 0x80, 0x20,

    /* U+00DD "Ý" */
    0x0, 0xfe, 0x48, 0x70, 0xf, 0xfe, 0x14, 0xbf,
    0x80, 0x7f, 0xf0, 0x50, 0x86, 0x0, 0x3f, 0xf8,
    0x3e, 0x14, 0x1, 0xff, 0xc2, 0xc9, 0x40, 0xf,
    0xfe, 0x13, 0xb0, 0x7, 0xc3, 0xfe, 0xb0, 0xf,
    0xe1, 0xff, 0x58, 0xc0, 0x22, 0x80, 0x7e, 0xb0,
    0x4, 0x83, 0x90, 0x40, 0x7, 0xc6, 0xa0, 0xe4,
    0x0, 0x90, 0x27, 0x0, 0xf7, 0x80, 0xc0, 0x4,
    0x88, 0x8, 0x10, 0xc, 0xc6, 0x16, 0x1, 0xd2,
    0x0, 0xb0, 0x8, 0x60, 0x11, 0x40, 0x38, 0x9c,
    0x14, 0xc0, 0x12, 0x21, 0x20, 0x1f, 0x40, 0x87,
    0x80, 0xb8, 0x31, 0x0, 0x7e, 0xb0, 0x34, 0x80,
    0x18, 0x0, 0xfe, 0x54, 0x9, 0x60, 0x81, 0x0,
    0xff, 0x48, 0x10, 0x1b, 0x0, 0x7f, 0xc4, 0xc0,
    0xf, 0x0, 0xff, 0xe0, 0xf8, 0x0, 0xc0, 0x3f,
    0xff, 0xe0, 0x1f, 0xfe, 0x60,

    /* U+00DE "Þ" */
    0xdf, 0x90, 0xf, 0xff, 0x3b, 0x7f, 0xed, 0x93,
    0x0, 0xff, 0x13, 0x63, 0x80, 0x63, 0xcc, 0xd2,
    0x61, 0xa, 0x1, 0x29, 0x9e, 0x6c, 0x50, 0xb0,
    0xf, 0xf4, 0x0, 0xa0, 0x7, 0xf1, 0x8, 0x10,
    0x7, 0xff, 0x28, 0x44, 0x4, 0x1, 0xfd, 0x60,
    0x28, 0x0, 0x53, 0x3c, 0xb8, 0xa1, 0x60, 0x11,
    0xe6, 0x6a, 0x30, 0x85, 0x0, 0xfc, 0x4d, 0x8e,
    0x1, 0x9b, 0xff, 0x6c, 0x98, 0x7, 0xff, 0x78,

    /* U+00DF "ß" */
    0x0, 0xc, 0x6f, 0xf6, 0x38, 0x7, 0x1f, 0xb9,
    0x0, 0x9c, 0x68, 0x80, 0x7, 0x44, 0x1e, 0xe9,
    0x40, 0xa8, 0x0, 0xe2, 0x17, 0x8, 0xb4, 0xe0,
    0x84, 0x18, 0x6, 0x80, 0x1a, 0x40, 0xe, 0x2,
    0xa, 0x1, 0xc2, 0x20, 0xf, 0xf8, 0x44, 0xe,
    0x1, 0xfd, 0x20, 0x84, 0x1, 0xe4, 0x45, 0x39,
    0x50, 0x7, 0xd7, 0x65, 0x3f, 0x10, 0xf, 0xf1,
    0xed, 0x0, 0x7d, 0xfe, 0xd7, 0x5, 0xa0, 0xf,
    0xc5, 0x12, 0xa, 0x60, 0x1f, 0xcc, 0x0, 0x40,
    0xf, 0xf1, 0x87, 0x80, 0x7f, 0x88, 0x38, 0x3,
    0xf9, 0xc4, 0x10, 0x3, 0x8c, 0xc9, 0x30, 0x8,
    0x40, 0x18, 0x73, 0x16, 0xc0, 0x54, 0x1, 0xfc,
    0x71, 0xa2, 0x0,

    /* U+00E0 "à" */
    0x0, 0xbb, 0xe0, 0x3, 0xfa, 0xc1, 0x80, 0x3f,
    0x95, 0x5, 0x80, 0x3f, 0xa8, 0xa8, 0x3, 0xf8,
    0x77, 0x0, 0x3f, 0xf9, 0xf, 0x9f, 0xed, 0xa2,
    0x0, 0x8b, 0xa0, 0xc0, 0x4, 0xba, 0xa0, 0xc,
    0x10, 0x8d, 0xeb, 0x30, 0xa1, 0x32, 0xb, 0x72,
    0x14, 0xd0, 0x3, 0x9e, 0x72, 0x0, 0x61, 0x40,
    0xe0, 0x0, 0x80, 0x70, 0xb0, 0x8, 0x4, 0x6f,
    0x59, 0xdc, 0x20, 0x9, 0x7b, 0x21, 0x4c, 0x4c,
    0x80, 0x9, 0x42, 0x51, 0x7b, 0xf8, 0xc0, 0xf,
    0x3, 0xd7, 0x42, 0x0, 0xe6, 0xb, 0x0, 0xf2,
    0x80, 0x18, 0x34, 0x3, 0x9c, 0x40, 0x1a, 0xb,
    0x28, 0x49, 0x50, 0x20, 0x6, 0x40, 0x6b, 0xdb,
    0x56, 0x40, 0xa, 0xe4, 0xc0, 0x7, 0x32, 0x0,
    0x80,

    /* U+00E1 "á" */
    0x0, 0xf2, 0xff, 0x88, 0x3, 0xf4, 0x84, 0x10,
    0x7, 0xc8, 0x64, 0xe0, 0x1f, 0xbc, 0x24, 0x3,
    0xfa, 0xfd, 0x0, 0x3f, 0xf8, 0xef, 0x9f, 0xed,
    0xa2, 0x0, 0x8b, 0xa0, 0xc0, 0x4, 0xba, 0xa0,
    0xc, 0x10, 0x8d, 0xeb, 0x30, 0xa1, 0x32, 0xb,
    0x72, 0x14, 0xd0, 0x3, 0x9e, 0x72, 0x0, 0x61,
    0x40, 0xe0, 0x0, 0x80, 0x70, 0xb0, 0x8, 0x4,
    0x6f, 0x59, 0xdc, 0x20, 0x9, 0x7b, 0x21, 0x4c,
    0x4c, 0x80, 0x9, 0x42, 0x51, 0x7b, 0xf8, 0xc0,
    0xf, 0x3, 0xd7, 0x42, 0x0, 0xe6, 0xb, 0x0,
    0xf2, 0x80, 0x18, 0x34, 0x3, 0x9c, 0x40, 0x1a,
    0xb, 0x28, 0x49, 0x50, 0x20, 0x6, 0x40, 0x6b,
    0xdb, 0x56, 0x40, 0xa, 0xe4, 0xc0, 0x7, 0x32,
    0x0, 0x80,

    /* U+00E2 "â" */
    0x0, 0xcf, 0xfe, 0x90, 0xf, 0x96, 0x9, 0x19,
    0xc0, 0x38, 0xe8, 0x7e, 0x8a, 0x10, 0x3, 0x2b,
    0xe9, 0xf, 0xb9, 0x80, 0x66, 0x83, 0x0, 0x14,
    0x38, 0x7, 0xff, 0x15, 0xf3, 0xfd, 0xb4, 0x40,
    0x11, 0x74, 0x18, 0x0, 0x97, 0x54, 0x1, 0x82,
    0x11, 0xbd, 0x66, 0x14, 0x26, 0x41, 0x6e, 0x42,
    0x9a, 0x0, 0x73, 0xce, 0x40, 0xc, 0x28, 0x1c,
    0x0, 0x10, 0xe, 0x16, 0x1, 0x0, 0x8d, 0xeb,
    0x3b, 0x84, 0x1, 0x2f, 0x64, 0x29, 0x89, 0x90,
    0x1, 0x28, 0x4a, 0x2f, 0x7f, 0x18, 0x1, 0xe0,
    0x7a, 0xe8, 0x40, 0x1c, 0xc1, 0x60, 0x1e, 0x50,
    0x3, 0x6, 0x80, 0x73, 0x88, 0x3, 0x41, 0x65,
    0x9, 0x2a, 0x4, 0x0, 0xc8, 0xd, 0x7b, 0x6a,
    0xc8, 0x1, 0x5c, 0x98, 0x0, 0xe6, 0x40, 0x10,

    /* U+00E3 "ã" */
    0x0, 0x8d, 0xd0, 0x0, 0xea, 0x1, 0x8f, 0x22,
    0xfb, 0x23, 0x0, 0x35, 0x85, 0x49, 0x19, 0xa0,
    0x3, 0x47, 0xab, 0x67, 0xe0, 0x80, 0x7f, 0xf4,
    0x5f, 0x3f, 0xdb, 0x44, 0x1, 0x17, 0x41, 0x80,
    0x9, 0x75, 0x40, 0x18, 0x21, 0x1b, 0xd6, 0x61,
    0x42, 0x64, 0x16, 0xe4, 0x29, 0xa0, 0x7, 0x3c,
    0xe4, 0x0, 0xc2, 0x81, 0xc0, 0x1, 0x0, 0xe1,
    0x60, 0x10, 0x8, 0xde, 0xb3, 0xb8, 0x40, 0x12,
    0xf6, 0x42, 0x98, 0x99, 0x0, 0x12, 0x84, 0xa2,
    0xf7, 0xf1, 0x80, 0x1e, 0x7, 0xae, 0x84, 0x1,
    0xcc, 0x16, 0x1, 0xe5, 0x0, 0x30, 0x68, 0x7,
    0x38, 0x80, 0x34, 0x16, 0x50, 0x92, 0xa0, 0x40,
    0xc, 0x80, 0xd7, 0xb6, 0xac, 0x80, 0x15, 0xc9,
    0x80, 0xe, 0x64, 0x1, 0x0,

    /* U+00E4 "ä" */
    0x0, 0x13, 0x88, 0x4, 0xc6, 0x1, 0xb2, 0x34,
    0x1, 0x32, 0xc2, 0x0, 0x84, 0x4, 0x0, 0x60,
    0x1e, 0xb6, 0xf0, 0x5, 0xb4, 0x90, 0x4, 0x92,
    0x40, 0x1, 0x96, 0x0, 0xff, 0xe2, 0xbe, 0x7f,
    0xb6, 0x88, 0x2, 0x2e, 0x83, 0x0, 0x12, 0xea,
    0x80, 0x30, 0x42, 0x37, 0xac, 0xc2, 0x84, 0xc8,
    0x2d, 0xc8, 0x53, 0x40, 0xe, 0x79, 0xc8, 0x1,
    0x85, 0x3, 0x80, 0x2, 0x1, 0xc2, 0xc0, 0x20,
    0x11, 0xbd, 0x67, 0x70, 0x80, 0x25, 0xec, 0x85,
    0x31, 0x32, 0x0, 0x25, 0x9, 0x45, 0xef, 0xe3,
    0x0, 0x3c, 0xf, 0x5d, 0x8, 0x3, 0x98, 0x2c,
    0x3, 0xca, 0x0, 0x60, 0xd0, 0xe, 0x71, 0x0,
    0x68, 0x2c, 0xa1, 0x25, 0x40, 0x80, 0x19, 0x1,
    0xaf, 0x6d, 0x59, 0x0, 0x2b, 0x93, 0x0, 0x1c,
    0xc8, 0x2,

    /* U+00E5 "å" */
    0x0, 0xc7, 0x32, 0x50, 0xf, 0x9b, 0x19, 0x95,
    0x20, 0x1e, 0x91, 0xde, 0x36, 0x20, 0xc, 0x60,
    0xc4, 0x32, 0x8, 0x1, 0x88, 0x10, 0x1, 0x80,
    0x40, 0x18, 0x54, 0xf7, 0x18, 0xd0, 0x3, 0xa9,
    0xcc, 0xcb, 0xa0, 0x1f, 0x47, 0x7d, 0x8, 0x7,
    0x9f, 0x3f, 0xdb, 0x44, 0x1, 0x17, 0x41, 0x80,
    0x9, 0x75, 0x40, 0x18, 0x21, 0x1b, 0xd6, 0x61,
    0x42, 0x64, 0x16, 0xe4, 0x29, 0xa0, 0x7, 0x3c,
    0xe4, 0x0, 0xc2, 0x81, 0xc0, 0x1, 0x0, 0xe1,
    0x60, 0x10, 0x8, 0xde, 0xb3, 0xb8, 0x40, 0x12,
    0xf6, 0x42, 0x98, 0x99, 0x0, 0x12, 0x84, 0xa2,
    0xf7, 0xf1, 0x80, 0x1e, 0x7, 0xae, 0x84, 0x1,
    0xcc, 0x16, 0x1, 0xe5, 0x0, 0x30, 0x68, 0x7,
    0x38, 0x80, 0x34, 0x16, 0x50, 0x92, 0xa0, 0x40,
    0xc, 0x80, 0xd7, 0xb6, 0xac, 0x80, 0x15, 0xc9,
    0x80, 0xe, 0x64, 0x1, 0x0,

    /* U+00E6 "æ" */
    0x0, 0x9f, 0x3f, 0xdb, 0x24, 0x0, 0x3a, 0xef,
    0xea, 0x30, 0xc, 0x5d, 0x6, 0x0, 0x26, 0xd3,
    0x7c, 0x51, 0x1, 0x5c, 0x70, 0xb, 0x4, 0x1f,
    0x36, 0xcc, 0x32, 0x1, 0x6f, 0x6d, 0x2, 0x14,
    0x9, 0x47, 0x20, 0xc9, 0x34, 0x2, 0x8a, 0x42,
    0x4b, 0x50, 0xb0, 0x2b, 0xe3, 0x0, 0xc2, 0x60,
    0x4e, 0x1, 0xd6, 0x2, 0x60, 0x1f, 0xce, 0x14,
    0x1, 0xe1, 0x20, 0x40, 0x1, 0xce, 0xf7, 0xfc,
    0x81, 0x1f, 0xff, 0x10, 0x78, 0x4e, 0x31, 0x8,
    0x7, 0xff, 0xc, 0x59, 0x80, 0x97, 0xdf, 0xf1,
    0x4, 0xff, 0xff, 0x4e, 0x82, 0x5a, 0x8, 0x4,
    0x61, 0xc0, 0x1f, 0xe6, 0xc, 0x0, 0xf0, 0x82,
    0x80, 0x7c, 0xa2, 0xc, 0x18, 0x1, 0xd0, 0x0,
    0x28, 0x0, 0xe7, 0xae, 0x2d, 0x4, 0xa4, 0x24,
    0xa7, 0x7, 0x7, 0xb4, 0x24, 0x98, 0x4, 0x26,
    0x40, 0x5b, 0xdb, 0x51, 0xb8, 0x70, 0x4b, 0xdb,
    0x60, 0x3a, 0x0, 0x5c, 0x98, 0x9, 0xc7, 0xa0,
    0x46, 0x28, 0x80, 0xa4, 0xe0, 0x80,

    /* U+00E7 "ç" */
    0x0, 0x86, 0x37, 0xfd, 0x8a, 0x1, 0xc9, 0xce,
    0x40, 0x3, 0xac, 0x0, 0x8a, 0xc0, 0xab, 0x30,
    0xe0, 0x76, 0x0, 0xe0, 0x2c, 0x53, 0x34, 0x50,
    0x22, 0x8, 0xc2, 0x44, 0x3, 0x2c, 0x52, 0xa8,
    0x5, 0x0, 0x3c, 0xea, 0x3c, 0xa, 0x1, 0xfe,
    0x30, 0x10, 0xf, 0xf1, 0x80, 0x80, 0x7f, 0xb8,
    0x14, 0x3, 0xfc, 0xa0, 0x28, 0x1, 0xe8, 0x72,
    0x21, 0x84, 0x80, 0x72, 0x3c, 0x38, 0x78, 0x16,
    0xa9, 0x1c, 0x58, 0x1a, 0x81, 0xd8, 0x15, 0x6e,
    0x38, 0x1e, 0x80, 0x49, 0xce, 0x40, 0x3, 0x9c,
    0x10, 0xc, 0x31, 0xa1, 0x38, 0xc0, 0x1f, 0xe9,
    0xc2, 0x0, 0xfc, 0x2e, 0xa7, 0x0, 0x1f, 0x86,
    0x28, 0x58, 0x3, 0xf1, 0xb4, 0xa, 0x80, 0x7e,
    0x99, 0x32, 0x40, 0x4,

    /* U+00E8 "è" */
    0x0, 0x9b, 0xfc, 0x20, 0x1f, 0xcc, 0x61, 0x20,
    0x1f, 0xee, 0x7, 0x0, 0xff, 0x14, 0xb, 0x0,
    0x7f, 0x9f, 0x98, 0x3, 0xff, 0x92, 0x53, 0xbf,
    0xd6, 0xa0, 0x1c, 0x9a, 0xc4, 0x2, 0x95, 0x60,
    0x11, 0xd8, 0x1d, 0x6e, 0x30, 0x25, 0x0, 0x3c,
    0x13, 0x14, 0x8e, 0x64, 0xa, 0x64, 0x61, 0x20,
    0x1c, 0xc4, 0x16, 0xa0, 0x64, 0x1, 0xe5, 0x4,
    0xe0, 0x3f, 0xff, 0x9c, 0x4, 0xc0, 0x3f, 0xe3,
    0x30, 0x27, 0xff, 0xf7, 0x70, 0x18, 0x3, 0xfc,
    0x80, 0x44, 0x0, 0xf1, 0x88, 0x19, 0x7, 0x0,
    0x71, 0x67, 0x38, 0x70, 0x1e, 0xa9, 0x1b, 0x60,
    0xb, 0x1, 0xd8, 0x15, 0x6e, 0x48, 0x8b, 0x44,
    0x0, 0x9c, 0xe4, 0x0, 0x27, 0xf3, 0x0,

    /* U+00E9 "é" */
    0x0, 0xfb, 0x3e, 0x80, 0x3f, 0x8c, 0xc1, 0x60,
    0x1f, 0xd2, 0x10, 0x20, 0x1f, 0x89, 0x4d, 0xc0,
    0x3f, 0x8b, 0xf0, 0x3, 0xff, 0x92, 0x53, 0xbf,
    0xd6, 0xa0, 0x1c, 0x9a, 0xc4, 0x2, 0x95, 0x60,
    0x11, 0xd8, 0x1d, 0x6e, 0x30, 0x25, 0x0, 0x3c,
    0x13, 0x14, 0x8e, 0x64, 0xa, 0x64, 0x61, 0x20,
    0x1c, 0xc4, 0x16, 0xa0, 0x64, 0x1, 0xe5, 0x4,
    0xe0, 0x3f, 0xff, 0x9c, 0x4, 0xc0, 0x3f, 0xe3,
    0x30, 0x27, 0xff, 0xf7, 0x70, 0x18, 0x3, 0xfc,
    0x80, 0x44, 0x0, 0xf1, 0x88, 0x19, 0x7, 0x0,
    0x71, 0x67, 0x38, 0x70, 0x1e, 0xa9, 0x1b, 0x60,
    0xb, 0x1, 0xd8, 0x15, 0x6e, 0x48, 0x8b, 0x44,
    0x0, 0x9c, 0xe4, 0x0, 0x27, 0xf3, 0x0,

    /* U+00EA "ê" */
    0x0, 0xed, 0xff, 0x18, 0x7, 0xeb, 0x26, 0xd,
    0x10, 0xf, 0x52, 0x2c, 0xd0, 0xe0, 0x7, 0x11,
    0x22, 0x81, 0x65, 0x50, 0x3, 0x14, 0x38, 0x4,
    0xd0, 0x80, 0x1f, 0xfc, 0x62, 0x9d, 0xfe, 0xb5,
    0x0, 0xe4, 0xd6, 0x20, 0x14, 0xab, 0x0, 0x8e,
    0xc0, 0xeb, 0x71, 0x81, 0x28, 0x1, 0xe0, 0x98,
    0xa4, 0x73, 0x20, 0x53, 0x23, 0x9, 0x0, 0xe6,
    0x20, 0xb5, 0x3, 0x20, 0xf, 0x28, 0x27, 0x1,
    0xff, 0xfc, 0xe0, 0x26, 0x1, 0xff, 0x19, 0x81,
    0x3f, 0xff, 0xbb, 0x80, 0xc0, 0x1f, 0xe4, 0x2,
    0x20, 0x7, 0x8c, 0x40, 0xc8, 0x38, 0x3, 0x8b,
    0x39, 0xc3, 0x80, 0xf5, 0x48, 0xdb, 0x0, 0x58,
    0xe, 0xc0, 0xab, 0x72, 0x44, 0x5a, 0x20, 0x4,
    0xe7, 0x20, 0x1, 0x3f, 0x98, 0x0,

    /* U+00EB "ë" */
    0x0, 0x95, 0x40, 0x11, 0xb8, 0x80, 0x65, 0xaa,
    0x28, 0xe, 0x45, 0x80, 0x63, 0x0, 0x18, 0x6,
    0x10, 0xc, 0xcf, 0xc, 0x3, 0x4d, 0x20, 0x1d,
    0xe, 0x1, 0x2c, 0x90, 0x7, 0xff, 0x18, 0xa7,
    0x7f, 0xad, 0x40, 0x39, 0x35, 0x88, 0x5, 0x2a,
    0xc0, 0x23, 0xb0, 0x3a, 0xdc, 0x60, 0x4a, 0x0,
    0x78, 0x26, 0x29, 0x1c, 0xc8, 0x14, 0xc8, 0xc2,
    0x40, 0x39, 0x88, 0x2d, 0x40, 0xc8, 0x3, 0xca,
    0x9, 0xc0, 0x7f, 0xff, 0x38, 0x9, 0x80, 0x7f,
    0xc6, 0x60, 0x4f, 0xff, 0xee, 0xe0, 0x30, 0x7,
    0xf9, 0x0, 0x88, 0x1, 0xe3, 0x10, 0x32, 0xe,
    0x0, 0xe2, 0xce, 0x70, 0xe0, 0x3d, 0x52, 0x36,
    0xc0, 0x16, 0x3, 0xb0, 0x2a, 0xdc, 0x91, 0x16,
    0x88, 0x1, 0x39, 0xc8, 0x0, 0x4f, 0xe6, 0x0,

    /* U+00EC "ì" */
    0xc, 0xe8, 0x0, 0xa4, 0x5c, 0x2, 0x55, 0x3,
    0x80, 0x56, 0x12, 0x1, 0xf, 0xf0, 0x7, 0xfb,
    0xfc, 0x80, 0x1f, 0xff, 0xf0, 0xf, 0xe0,

    /* U+00ED "í" */
    0x1, 0x88, 0x10, 0x43, 0xa1, 0xb, 0x7, 0x4,
    0x4, 0x90, 0x4f, 0xb0, 0x7, 0xdf, 0xe4, 0x0,
    0xff, 0xfe, 0x0,

    /* U+00EE "î" */
    0x0, 0xb, 0xc1, 0x80, 0x76, 0xc3, 0xe9, 0x0,
    0x56, 0x6f, 0x63, 0xe2, 0x12, 0x88, 0x84, 0x82,
    0xd0, 0x9f, 0xb0, 0x3, 0xfe, 0x0, 0x7f, 0xf0,
    0x7f, 0xc8, 0x1, 0xff, 0xff, 0x0, 0xff, 0xf5,
    0x0,

    /* U+00EF "ï" */
    0x2, 0x72, 0x0, 0x99, 0x0, 0x1f, 0x1e, 0x0,
    0x89, 0xb3, 0x3, 0x3, 0x0, 0x8, 0x6, 0xd6,
    0xd0, 0x4, 0x3c, 0x98, 0x1c, 0x98, 0x0, 0x61,
    0x80, 0x3f, 0xf8, 0x7f, 0xe4, 0x0, 0xff, 0xff,
    0x80, 0x7f, 0xfe, 0x0,

    /* U+00F0 "ð" */
    0x0, 0xff, 0xe2, 0x1e, 0x18, 0x6, 0x20, 0xe,
    0xa3, 0xc8, 0x3, 0xbd, 0x0, 0xe9, 0x90, 0xbf,
    0xe2, 0x38, 0x7, 0x94, 0xc0, 0x2e, 0x80, 0xe,
    0xac, 0x26, 0x10, 0xb0, 0xf, 0x13, 0xf4, 0xf8,
    0xaa, 0x80, 0x3a, 0x20, 0x20, 0x34, 0x16, 0x20,
    0x19, 0x2f, 0xbe, 0xdd, 0x45, 0x80, 0x28, 0xb4,
    0x10, 0x4c, 0xd0, 0x90, 0x3, 0x38, 0x2e, 0xff,
    0x3c, 0x88, 0x8c, 0x20, 0x16, 0x88, 0x6, 0x24,
    0x41, 0x10, 0x21, 0x60, 0x1c, 0xe2, 0x1b, 0x80,
    0x62, 0x1, 0xe7, 0x1, 0x20, 0x60, 0xf, 0xb8,
    0x1c, 0x3, 0xfc, 0x20, 0xe4, 0xc, 0x1, 0xf7,
    0x0, 0xe0, 0x18, 0x80, 0x79, 0x43, 0x10, 0x42,
    0xc0, 0x39, 0xc8, 0x1c, 0x2c, 0x16, 0xd0, 0x8e,
    0x60, 0x20, 0x41, 0x60, 0x12, 0xf7, 0x18, 0x1d,
    0xc0, 0x13, 0xe2, 0x90, 0xa, 0x5c, 0x0, 0x0,

    /* U+00F1 "ñ" */
    0x0, 0x95, 0x80, 0x3, 0x4, 0x1, 0x9e, 0xa7,
    0x4d, 0xdc, 0x20, 0x1a, 0x8a, 0x83, 0x24, 0x4c,
    0x3, 0x3d, 0x2e, 0xc3, 0x68, 0x7, 0x53, 0x80,
    0x1e, 0x4c, 0x3, 0xff, 0x87, 0xfe, 0x31, 0x8d,
    0xfe, 0x91, 0x0, 0xcf, 0x8e, 0x40, 0x2d, 0xe4,
    0x1, 0x48, 0x5f, 0xf4, 0x0, 0xc8, 0x4, 0x58,
    0x80, 0x2f, 0x0, 0x82, 0x0, 0x71, 0x0, 0xcc,
    0x0, 0x50, 0x6, 0x80, 0x70, 0x80, 0x4, 0x0,
    0x20, 0x1e, 0x10, 0xf, 0xff, 0xf8, 0x7, 0xff,
    0x2c,

    /* U+00F2 "ò" */
    0x0, 0x93, 0xfc, 0x60, 0x1f, 0xe4, 0x50, 0x90,
    0xf, 0xfa, 0xc5, 0x48, 0x3, 0xfc, 0x36, 0x2a,
    0x1, 0xff, 0x2f, 0x38, 0x7, 0xff, 0x2c, 0x63,
    0x7f, 0xb1, 0x40, 0x3c, 0x9c, 0xe4, 0x2, 0x75,
    0x82, 0x1, 0x15, 0x81, 0x56, 0x61, 0xc0, 0xf4,
    0x2, 0xe0, 0x2c, 0x53, 0x34, 0x58, 0x1a, 0x81,
    0x18, 0x48, 0x80, 0x64, 0x50, 0x90, 0x50, 0x14,
    0x0, 0xf7, 0x81, 0x87, 0x2, 0x80, 0x7c, 0xe0,
    0x2, 0x30, 0x10, 0xf, 0x8c, 0x0, 0x26, 0x2,
    0x1, 0xf1, 0x80, 0x7, 0x81, 0x40, 0x3e, 0x70,
    0x1, 0xa8, 0xa, 0x0, 0x7b, 0xc0, 0xc4, 0x8c,
    0x24, 0x3, 0x91, 0x42, 0x80, 0x1e, 0x5, 0xaa,
    0x47, 0x16, 0x6, 0xc0, 0x3, 0xb0, 0x2a, 0xdc,
    0x70, 0x3d, 0x0, 0xc9, 0xce, 0x40, 0x27, 0x58,
    0x20, 0x0,

    /* U+00F3 "ó" */
    0x0, 0xfa, 0xbf, 0x0, 0x3f, 0xc2, 0xa1, 0xe0,
    0x1f, 0xe9, 0x6, 0x30, 0xf, 0xf3, 0x8c, 0x80,
    0x7f, 0xdf, 0xc0, 0x1f, 0xfc, 0xb1, 0x8d, 0xfe,
    0xc5, 0x0, 0xf2, 0x73, 0x90, 0x9, 0xd6, 0x8,
    0x4, 0x56, 0x5, 0x59, 0x87, 0x3, 0xd0, 0xb,
    0x80, 0xb1, 0x4c, 0xd1, 0x60, 0x6a, 0x4, 0x61,
    0x22, 0x1, 0x91, 0x42, 0x41, 0x40, 0x50, 0x3,
    0xde, 0x6, 0x1c, 0xa, 0x1, 0xf3, 0x80, 0x8,
    0xc0, 0x40, 0x3e, 0x30, 0x0, 0x98, 0x8, 0x7,
    0xc6, 0x0, 0x1e, 0x5, 0x0, 0xf9, 0xc0, 0x6,
    0xa0, 0x28, 0x1, 0xef, 0x3, 0x12, 0x30, 0x90,
    0xe, 0x45, 0xa, 0x0, 0x78, 0x16, 0xa9, 0x1c,
    0x58, 0x1b, 0x0, 0xe, 0xc0, 0xab, 0x71, 0xc0,
    0xf4, 0x3, 0x27, 0x39, 0x0, 0x9d, 0x60, 0x80,
    0x0,

    /* U+00F4 "ô" */
    0x0, 0xeb, 0xff, 0x20, 0x7, 0xf5, 0x22, 0x8d,
    0x98, 0x7, 0xd0, 0xa7, 0x54, 0xd, 0x10, 0xe,
    0x1f, 0x8d, 0x4, 0xa6, 0x40, 0xe, 0x17, 0x70,
    0x80, 0x16, 0x14, 0x3, 0xff, 0x90, 0x31, 0xbf,
    0xd8, 0xa0, 0x1e, 0x4e, 0x72, 0x1, 0x3a, 0xc1,
    0x0, 0x8a, 0xc0, 0xab, 0x30, 0xe0, 0x7a, 0x1,
    0x70, 0x16, 0x29, 0x9a, 0x2c, 0xd, 0x40, 0x8c,
    0x24, 0x40, 0x32, 0x28, 0x48, 0x28, 0xa, 0x0,
    0x7b, 0xc0, 0xc3, 0x81, 0x40, 0x3e, 0x70, 0x1,
    0x18, 0x8, 0x7, 0xc6, 0x0, 0x13, 0x1, 0x0,
    0xf8, 0xc0, 0x3, 0xc0, 0xa0, 0x1f, 0x38, 0x0,
    0xd4, 0x5, 0x0, 0x3d, 0xe0, 0x62, 0x46, 0x12,
    0x1, 0xc8, 0xa1, 0x40, 0xf, 0x2, 0xd5, 0x23,
    0x8b, 0x3, 0x60, 0x1, 0xd8, 0x15, 0x6e, 0x38,
    0x1e, 0x80, 0x64, 0xe7, 0x20, 0x13, 0xac, 0x10,
    0x0,

    /* U+00F5 "õ" */
    0x0, 0xca, 0xe6, 0x3, 0x6, 0x1, 0xe7, 0xa8,
    0xcd, 0xc7, 0x70, 0x7, 0xa8, 0x6d, 0xc0, 0x99,
    0x0, 0x3d, 0xbc, 0x91, 0xbf, 0x20, 0x1f, 0xfd,
    0x71, 0x8d, 0xfe, 0xc5, 0x0, 0xf2, 0x73, 0x90,
    0x9, 0xd6, 0x8, 0x4, 0x56, 0x5, 0x59, 0x87,
    0x3, 0xd0, 0xb, 0x80, 0xb1, 0x4c, 0xd1, 0x60,
    0x6a, 0x4, 0x61, 0x22, 0x1, 0x91, 0x42, 0x41,
    0x40, 0x50, 0x3, 0xde, 0x6, 0x1c, 0xa, 0x1,
    0xf3, 0x80, 0x8, 0xc0, 0x40, 0x3e, 0x30, 0x0,
    0x98, 0x8, 0x7, 0xc6, 0x0, 0x1e, 0x5, 0x0,
    0xf9, 0xc0, 0x6, 0xa0, 0x28, 0x1, 0xef, 0x3,
    0x12, 0x30, 0x90, 0xe, 0x45, 0xa, 0x0, 0x78,
    0x16, 0xa9, 0x1c, 0x58, 0x1b, 0x0, 0xe, 0xc0,
    0xab, 0x71, 0xc0, 0xf4, 0x3, 0x27, 0x39, 0x0,
    0x9d, 0x60, 0x80, 0x0,

    /* U+00F6 "ö" */
    0x0, 0x91, 0x80, 0x22, 0x71, 0x0, 0xe3, 0xb9,
    0x70, 0x6, 0x46, 0x80, 0x73, 0x80, 0x3c, 0x3,
    0x8, 0x7, 0x24, 0x3c, 0x0, 0x35, 0xb8, 0x3,
    0xcf, 0x0, 0x11, 0xc9, 0x80, 0x7f, 0xf2, 0x6,
    0x37, 0xfb, 0x14, 0x3, 0xc9, 0xce, 0x40, 0x27,
    0x58, 0x20, 0x11, 0x58, 0x15, 0x66, 0x1c, 0xf,
    0x40, 0x2e, 0x2, 0xc5, 0x33, 0x45, 0x81, 0xa8,
    0x11, 0x84, 0x88, 0x6, 0x45, 0x9, 0x5, 0x1,
    0x40, 0xf, 0x78, 0x18, 0x70, 0x28, 0x7, 0xce,
    0x0, 0x23, 0x1, 0x0, 0xf8, 0xc0, 0x2, 0x60,
    0x20, 0x1f, 0x18, 0x0, 0x78, 0x14, 0x3, 0xe7,
    0x0, 0x1a, 0x80, 0xa0, 0x7, 0xbc, 0xc, 0x48,
    0xc2, 0x40, 0x39, 0x14, 0x28, 0x1, 0xe0, 0x5a,
    0xa4, 0x71, 0x60, 0x6c, 0x0, 0x3b, 0x2, 0xad,
    0xc7, 0x3, 0xd0, 0xc, 0x9c, 0xe4, 0x2, 0x75,
    0x82, 0x0,

    /* U+00F7 "÷" */
    0x0, 0xe8, 0xfa, 0x0, 0xff, 0x38, 0x29, 0x80,
    0x7f, 0x8, 0x0, 0x80, 0x3f, 0xb2, 0x30, 0x40,
    0x3f, 0x89, 0xcc, 0x3, 0x85, 0x13, 0xfe, 0x24,
    0xbb, 0xff, 0xe0, 0x0, 0x7f, 0xf0, 0x57, 0xff,
    0xfe, 0x90, 0xf, 0xfe, 0x34, 0x7d, 0x0, 0x7f,
    0x9c, 0x14, 0xc0, 0x3f, 0x88, 0x0, 0x40, 0x1f,
    0xd9, 0x18, 0x20, 0x18,

    /* U+00F8 "ø" */
    0x0, 0xff, 0xe0, 0x10, 0x6, 0x18, 0xdf, 0xec,
    0x50, 0x9d, 0x30, 0x2, 0x73, 0x90, 0x9, 0xd7,
    0xb1, 0x10, 0xa, 0xc0, 0xab, 0x30, 0xe0, 0x17,
    0x88, 0x70, 0x16, 0x29, 0x9a, 0x40, 0x27, 0x2,
    0x30, 0x91, 0x0, 0xb4, 0x2, 0x90, 0x50, 0x14,
    0x0, 0xa8, 0xd6, 0x80, 0xc3, 0x81, 0x40, 0x27,
    0x53, 0xa7, 0x0, 0x11, 0x80, 0x80, 0x12, 0x7,
    0x40, 0xc0, 0x2, 0x60, 0x20, 0x56, 0x1a, 0x20,
    0x60, 0x1, 0xe0, 0x51, 0xf0, 0x93, 0x0, 0x38,
    0x0, 0xd4, 0x7, 0x89, 0x98, 0x1, 0x78, 0x18,
    0x91, 0x80, 0xe, 0x40, 0x24, 0x50, 0xa0, 0x2,
    0x80, 0x9, 0x48, 0xe2, 0xc0, 0xd8, 0xd, 0x80,
    0x3, 0x5b, 0x8e, 0x7, 0xa0, 0x9, 0xb, 0xe7,
    0x20, 0x13, 0xac, 0x10, 0x5, 0x51, 0x6, 0x37,
    0xfb, 0x14, 0x3, 0x0,

    /* U+00F9 "ù" */
    0x0, 0x2f, 0x68, 0x80, 0x7e, 0x52, 0x24, 0x80,
    0x7f, 0x70, 0x30, 0x7, 0xf1, 0x38, 0xb0, 0x7,
    0xf4, 0x7b, 0x0, 0x7f, 0xf1, 0x7f, 0xc8, 0x1,
    0xee, 0xf6, 0x0, 0xff, 0xff, 0x80, 0x7f, 0xf2,
    0xc4, 0x3, 0xc2, 0x0, 0x10, 0x20, 0xe, 0x30,
    0x9, 0x42, 0x40, 0x3a, 0x0, 0x2e, 0x1, 0xd5,
    0x24, 0xc5, 0x10, 0x2, 0xa0, 0x15, 0x6d, 0x9d,
    0x18, 0x5, 0x70, 0x40, 0x2b, 0xa8, 0x1, 0x0,

    /* U+00FA "ú" */
    0x0, 0xf6, 0x7d, 0x80, 0x7e, 0x33, 0x5, 0x0,
    0x7e, 0x90, 0x81, 0x0, 0xf8, 0x54, 0x9c, 0x3,
    0xf0, 0xfe, 0x80, 0x7f, 0xf1, 0x7f, 0xc8, 0x1,
    0xee, 0xf6, 0x0, 0xff, 0xff, 0x80, 0x7f, 0xf2,
    0xc4, 0x3, 0xc2, 0x0, 0x10, 0x20, 0xe, 0x30,
    0x9, 0x42, 0x40, 0x3a, 0x0, 0x2e, 0x1, 0xd5,
    0x24, 0xc5, 0x10, 0x2, 0xa0, 0x15, 0x6d, 0x9d,
    0x18, 0x5, 0x70, 0x40, 0x2b, 0xa8, 0x1, 0x0,

    /* U+00FB "û" */
    0x0, 0xd9, 0xfe, 0x20, 0xf, 0xa4, 0xcc, 0x1e,
    0x1, 0xe5, 0x61, 0xd6, 0x2a, 0x0, 0xc5, 0x41,
    0xa3, 0x24, 0xac, 0x1, 0x17, 0xf8, 0xc0, 0x1b,
    0xec, 0x1, 0xff, 0xc2, 0xff, 0x20, 0x7, 0xbb,
    0xd8, 0x3, 0xff, 0xfe, 0x1, 0xff, 0xcb, 0x10,
    0xf, 0x8, 0x0, 0x40, 0x80, 0x38, 0xc0, 0x25,
    0x9, 0x0, 0xe8, 0x0, 0xb8, 0x7, 0x54, 0x93,
    0x14, 0x40, 0xa, 0x80, 0x55, 0xb6, 0x74, 0x60,
    0x15, 0xc1, 0x0, 0xae, 0xa0, 0x4,

    /* U+00FC "ü" */
    0x0, 0x2a, 0x80, 0x23, 0x71, 0x0, 0x96, 0xa8,
    0xa0, 0xc, 0x8a, 0x0, 0x8c, 0x0, 0x60, 0x20,
    0x7, 0x0, 0x9a, 0x1d, 0x80, 0x6d, 0xb8, 0x3,
    0x3c, 0x0, 0x49, 0x24, 0x1, 0xff, 0xc2, 0xff,
    0x20, 0x7, 0xbb, 0xd8, 0x3, 0xff, 0xfe, 0x1,
    0xff, 0xcb, 0x10, 0xf, 0x8, 0x0, 0x40, 0x80,
    0x38, 0xc0, 0x25, 0x9, 0x0, 0xe8, 0x0, 0xb8,
    0x7, 0x54, 0x93, 0x14, 0x40, 0xa, 0x80, 0x55,
    0xb6, 0x74, 0x60, 0x15, 0xc1, 0x0, 0xae, 0xa0,
    0x4,

    /* U+00FD "ý" */
    0x0, 0xfc, 0xf0, 0x60, 0x1f, 0xe5, 0x86, 0x20,
    0xf, 0xf4, 0x84, 0x8, 0x7, 0xf1, 0x9c, 0xc0,
    0x1f, 0xe7, 0x77, 0x0, 0x7f, 0xc9, 0x4, 0x1,
    0xc5, 0xfe, 0x50, 0xf, 0xaf, 0xec, 0x8c, 0x38,
    0x3, 0xc2, 0x81, 0xa1, 0x40, 0x80, 0x1e, 0x70,
    0x3, 0x3, 0x80, 0x14, 0x3, 0xb4, 0x14, 0x0,
    0x28, 0x1c, 0x1, 0x85, 0x3, 0xc0, 0x2e, 0x4,
    0x0, 0xce, 0x2, 0xa0, 0x12, 0x80, 0x14, 0x2,
    0xa0, 0x70, 0xe, 0x50, 0xe0, 0x0, 0x98, 0x50,
    0x7, 0x70, 0x20, 0x1, 0x80, 0x4c, 0x3, 0x90,
    0x41, 0x42, 0xc1, 0x80, 0x3e, 0x70, 0xf0, 0x30,
    0xa0, 0xf, 0xa8, 0x11, 0x40, 0x88, 0x1, 0xf1,
    0x88, 0xa4, 0x28, 0x3, 0xf9, 0x80, 0xc1, 0x80,
    0x3f, 0xa8, 0x0, 0x62, 0x1, 0xfc, 0x40, 0xa,
    0x0, 0xff, 0x20, 0x1, 0xc0, 0x3f, 0xde, 0xa,
    0x20, 0x1f, 0x19, 0xa1, 0x2, 0x40, 0x3f, 0x6e,
    0x38, 0x31, 0x80, 0x7c, 0x20, 0x2, 0x89, 0x0,
    0xf8,

    /* U+00FE "þ" */
    0xff, 0x20, 0x7, 0xff, 0xda, 0x3b, 0xf6, 0x88,
    0x3, 0x87, 0x1c, 0x40, 0x97, 0x54, 0x3, 0x49,
    0xb6, 0x6d, 0x10, 0x51, 0x80, 0x47, 0x32, 0x32,
    0x5c, 0x20, 0xf0, 0x8, 0x98, 0x3, 0xc, 0x1,
    0x90, 0x2, 0x80, 0x3c, 0xa0, 0x4, 0x0, 0x10,
    0x7, 0xc6, 0x1c, 0x0, 0x10, 0xf, 0x9c, 0x4,
    0x0, 0x20, 0x1f, 0x38, 0x8, 0x3, 0x40, 0x3e,
    0x30, 0xe0, 0x2, 0x80, 0x79, 0x40, 0x8, 0x0,
    0x27, 0x0, 0xc3, 0x0, 0x64, 0x0, 0x38, 0x93,
    0x25, 0xc2, 0xf, 0x0, 0xa4, 0xdb, 0x36, 0x88,
    0x28, 0xc0, 0x21, 0xc7, 0x20, 0x15, 0xd5, 0x0,
    0xf4, 0x6f, 0xf5, 0x10, 0x7, 0xff, 0xe0,

    /* U+00FF "ÿ" */
    0x0, 0x85, 0xcc, 0x2, 0x55, 0x0, 0x7a, 0xa3,
    0x0, 0xb, 0x54, 0x50, 0xe, 0x70, 0xc, 0x60,
    0x3, 0x0, 0xee, 0x6b, 0x0, 0x33, 0xc3, 0x0,
    0x71, 0x4a, 0x0, 0x50, 0xe0, 0x1f, 0xfc, 0x52,
    0xff, 0x28, 0x7, 0xd7, 0xf6, 0x46, 0x1c, 0x1,
    0xe1, 0x40, 0xd0, 0xa0, 0x40, 0xf, 0x38, 0x1,
    0x81, 0xc0, 0xa, 0x1, 0xda, 0xa, 0x0, 0x14,
    0xe, 0x0, 0xc2, 0x81, 0xe0, 0x17, 0x2, 0x0,
    0x67, 0x1, 0x50, 0x9, 0x40, 0xa, 0x1, 0x50,
    0x38, 0x7, 0x28, 0x70, 0x0, 0x4c, 0x28, 0x3,
    0xb8, 0x10, 0x0, 0xc0, 0x26, 0x1, 0xc8, 0x20,
    0xa1, 0x60, 0xc0, 0x1f, 0x38, 0x78, 0x18, 0x50,
    0x7, 0xd4, 0x8, 0xa0, 0x44, 0x0, 0xf8, 0xc4,
    0x52, 0x14, 0x1, 0xfc, 0xc0, 0x60, 0xc0, 0x1f,
    0xd4, 0x0, 0x31, 0x0, 0xfe, 0x20, 0x5, 0x0,
    0x7f, 0x90, 0x0, 0xe0, 0x1f, 0xef, 0x5, 0x10,
    0xf, 0x8c, 0xd0, 0x81, 0x20, 0x1f, 0xb7, 0x1c,
    0x18, 0xc0, 0x3e, 0x10, 0x1, 0x44, 0x80, 0x7c
};


/*---------------------
 *  GLYPH DESCRIPTION
 *--------------------*/

static const lv_font_fmt_txt_glyph_dsc_t glyph_dsc[] = {
    {.bitmap_index = 0, .adv_w = 0, .box_w = 0, .box_h = 0, .ofs_x = 0, .ofs_y = 0} /* id = 0 reserved */,
    {.bitmap_index = 0, .adv_w = 117, .box_w = 0, .box_h = 0, .ofs_x = 0, .ofs_y = 0},
    {.bitmap_index = 0, .adv_w = 120, .box_w = 4, .box_h = 20, .ofs_x = 2, .ofs_y = 0},
    {.bitmap_index = 27, .adv_w = 194, .box_w = 8, .box_h = 8, .ofs_x = 2, .ofs_y = 12},
    {.bitmap_index = 54, .adv_w = 263, .box_w = 17, .box_h = 20, .ofs_x = 0, .ofs_y = 0},
    {.bitmap_index = 184, .adv_w = 267, .box_w = 15, .box_h = 26, .ofs_x = 1, .ofs_y = -3},
    {.bitmap_index = 324, .adv_w = 408, .box_w = 21, .box_h = 20, .ofs_x = 2, .ofs_y = 0},
    {.bitmap_index = 494, .adv_w = 268, .box_w = 16, .box_h = 20, .ofs_x = 1, .ofs_y = 0},
    {.bitmap_index = 630, .adv_w = 125, .box_w = 4, .box_h = 8, .ofs_x = 2, .ofs_y = 12},
    {.bitmap_index = 645, .adv_w = 152, .box_w = 7, .box_h = 25, .ofs_x = 2, .ofs_y = -4},
    {.bitmap_index = 721, .adv_w = 152, .box_w = 6, .box_h = 25, .ofs_x = 1, .ofs_y = -4},
    {.bitmap_index = 793, .adv_w = 208, .box_w = 11, .box_h = 12, .ofs_x = 1, .ofs_y = 8},
    {.bitmap_index = 852, .adv_w = 275, .box_w = 13, .box_h = 14, .ofs_x = 2, .ofs_y = 1},
    {.bitmap_index = 886, .adv_w = 120, .box_w = 5, .box_h = 8, .ofs_x = 1, .ofs_y = -5},
    {.bitmap_index = 907, .adv_w = 191, .box_w = 10, .box_h = 3, .ofs_x = 1, .ofs_y = 7},
    {.bitmap_index = 915, .adv_w = 120, .box_w = 4, .box_h = 4, .ofs_x = 2, .ofs_y = 0},
    {.bitmap_index = 924, .adv_w = 150, .box_w = 9, .box_h = 24, .ofs_x = 0, .ofs_y = -3},
    {.bitmap_index = 1003, .adv_w = 262, .box_w = 14, .box_h = 20, .ofs_x = 1, .ofs_y = 0},
    {.bitmap_index = 1118, .adv_w = 169, .box_w = 8, .box_h = 20, .ofs_x = 1, .ofs_y = 0},
    {.bitmap_index = 1146, .adv_w = 254, .box_w = 13, .box_h = 20, .ofs_x = 1, .ofs_y = 0},
    {.bitmap_index = 1244, .adv_w = 257, .box_w = 14, .box_h = 20, .ofs_x = 1, .ofs_y = 0},
    {.bitmap_index = 1362, .adv_w = 269, .box_w = 15, .box_h = 20, .ofs_x = 1, .ofs_y = 0},
    {.bitmap_index = 1442, .adv_w = 247, .box_w = 13, .box_h = 20, .ofs_x = 1, .ofs_y = 0},
    {.bitmap_index = 1544, .adv_w = 258, .box_w = 14, .box_h = 20, .ofs_x = 1, .ofs_y = 0},
    {.bitmap_index = 1671, .adv_w = 235, .box_w = 13, .box_h = 20, .ofs_x = 1, .ofs_y = 0},
    {.bitmap_index = 1752, .adv_w = 257, .box_w = 14, .box_h = 20, .ofs_x = 1, .ofs_y = 0},
    {.bitmap_index = 1881, .adv_w = 258, .box_w = 14, .box_h = 20, .ofs_x = 1, .ofs_y = 0},
    {.bitmap_index = 2008, .adv_w = 120, .box_w = 4, .box_h = 15, .ofs_x = 2, .ofs_y = 0},
    {.bitmap_index = 2029, .adv_w = 126, .box_w = 5, .box_h = 19, .ofs_x = 1, .ofs_y = -5},
    {.bitmap_index = 2065, .adv_w = 275, .box_w = 13, .box_h = 15, .ofs_x = 2, .ofs_y = 0},
    {.bitmap_index = 2139, .adv_w = 275, .box_w = 13, .box_h = 8, .ofs_x = 2, .ofs_y = 4},
    {.bitmap_index = 2165, .adv_w = 275, .box_w = 12, .box_h = 15, .ofs_x = 3, .ofs_y = 0},
    {.bitmap_index = 2235, .adv_w = 213, .box_w = 11, .box_h = 20, .ofs_x = 1, .ofs_y = 0},
    {.bitmap_index = 2319, .adv_w = 402, .box_w = 23, .box_h = 24, .ofs_x = 1, .ofs_y = -6},
    {.bitmap_index = 2548, .adv_w = 287, .box_w = 18, .box_h = 20, .ofs_x = 0, .ofs_y = 0},
    {.bitmap_index = 2677, .adv_w = 272, .box_w = 14, .box_h = 20, .ofs_x = 2, .ofs_y = 0},
    {.bitmap_index = 2772, .adv_w = 304, .box_w = 17, .box_h = 20, .ofs_x = 1, .ofs_y = 0},
    {.bitmap_index = 2897, .adv_w = 300, .box_w = 16, .box_h = 20, .ofs_x = 2, .ofs_y = 0},
    {.bitmap_index = 3002, .adv_w = 250, .box_w = 12, .box_h = 20, .ofs_x = 2, .ofs_y = 0},
    {.bitmap_index = 3044, .adv_w = 246, .box_w = 12, .box_h = 20, .ofs_x = 2, .ofs_y = 0},
    {.bitmap_index = 3078, .adv_w = 310, .box_w = 17, .box_h = 20, .ofs_x = 1, .ofs_y = 0},
    {.bitmap_index = 3212, .adv_w = 309, .box_w = 16, .box_h = 20, .ofs_x = 2, .ofs_y = 0},
    {.bitmap_index = 3244, .adv_w = 112, .box_w = 3, .box_h = 20, .ofs_x = 2, .ofs_y = 0},
    {.bitmap_index = 3249, .adv_w = 237, .box_w = 12, .box_h = 20, .ofs_x = 1, .ofs_y = 0},
    {.bitmap_index = 3295, .adv_w = 280, .box_w = 15, .box_h = 20, .ofs_x = 2, .ofs_y = 0},
    {.bitmap_index = 3394, .adv_w = 235, .box_w = 12, .box_h = 20, .ofs_x = 2, .ofs_y = 0},
    {.bitmap_index = 3415, .adv_w = 376, .box_w = 20, .box_h = 20, .ofs_x = 2, .ofs_y = 0},
    {.bitmap_index = 3548, .adv_w = 313, .box_w = 16, .box_h = 20, .ofs_x = 2, .ofs_y = 0},
    {.bitmap_index = 3649, .adv_w = 318, .box_w = 18, .box_h = 20, .ofs_x = 1, .ofs_y = 0},
    {.bitmap_index = 3789, .adv_w = 266, .box_w = 14, .box_h = 20, .ofs_x = 2, .ofs_y = 0},
    {.bitmap_index = 3864, .adv_w = 318, .box_w = 18, .box_h = 22, .ofs_x = 1, .ofs_y = -2},
    {.bitmap_index = 4023, .adv_w = 268, .box_w = 14, .box_h = 20, .ofs_x = 2, .ofs_y = 0},
    {.bitmap_index = 4116, .adv_w = 267, .box_w = 15, .box_h = 20, .ofs_x = 1, .ofs_y = 0},
    {.bitmap_index = 4242, .adv_w = 269, .box_w = 15, .box_h = 20, .ofs_x = 1, .ofs_y = 0},
    {.bitmap_index = 4273, .adv_w = 310, .box_w = 16, .box_h = 20, .ofs_x = 2, .ofs_y = 0},
    {.bitmap_index = 4337, .adv_w = 287, .box_w = 18, .box_h = 20, .ofs_x = 0, .ofs_y = 0},
    {.bitmap_index = 4470, .adv_w = 410, .box_w = 25, .box_h = 20, .ofs_x = 0, .ofs_y = 0},
    {.bitmap_index = 4676, .adv_w = 284, .box_w = 18, .box_h = 20, .ofs_x = 0, .ofs_y = 0},
    {.bitmap_index = 4814, .adv_w = 282, .box_w = 17, .box_h = 20, .ofs_x = 0, .ofs_y = 0},
    {.bitmap_index = 4903, .adv_w = 262, .box_w = 14, .box_h = 20, .ofs_x = 1, .ofs_y = 0},
    {.bitmap_index = 4989, .adv_w = 152, .box_w = 6, .box_h = 25, .ofs_x = 2, .ofs_y = -4},
    {.bitmap_index = 5007, .adv_w = 150, .box_w = 9, .box_h = 24, .ofs_x = 0, .ofs_y = -3},
    {.bitmap_index = 5084, .adv_w = 152, .box_w = 6, .box_h = 25, .ofs_x = 1, .ofs_y = -4},
    {.bitmap_index = 5101, .adv_w = 196, .box_w = 11, .box_h = 9, .ofs_x = 1, .ofs_y = 11},
    {.bitmap_index = 5144, .adv_w = 190, .box_w = 12, .box_h = 3, .ofs_x = 0, .ofs_y = -2},
    {.bitmap_index = 5153, .adv_w = 134, .box_w = 6, .box_h = 4, .ofs_x = 1, .ofs_y = 17},
    {.bitmap_index = 5165, .adv_w = 234, .box_w = 12, .box_h = 15, .ofs_x = 1, .ofs_y = 0},
    {.bitmap_index = 5251, .adv_w = 255, .box_w = 13, .box_h = 20, .ofs_x = 2, .ofs_y = 0},
    {.bitmap_index = 5339, .adv_w = 238, .box_w = 13, .box_h = 15, .ofs_x = 1, .ofs_y = 0},
    {.bitmap_index = 5420, .adv_w = 255, .box_w = 13, .box_h = 20, .ofs_x = 1, .ofs_y = 0},
    {.bitmap_index = 5509, .adv_w = 243, .box_w = 13, .box_h = 15, .ofs_x = 1, .ofs_y = 0},
    {.bitmap_index = 5591, .adv_w = 154, .box_w = 10, .box_h = 21, .ofs_x = 0, .ofs_y = 0},
    {.bitmap_index = 5635, .adv_w = 255, .box_w = 13, .box_h = 21, .ofs_x = 1, .ofs_y = -6},
    {.bitmap_index = 5754, .adv_w = 246, .box_w = 12, .box_h = 20, .ofs_x = 2, .ofs_y = 0},
    {.bitmap_index = 5802, .adv_w = 101, .box_w = 4, .box_h = 21, .ofs_x = 1, .ofs_y = 0},
    {.bitmap_index = 5819, .adv_w = 101, .box_w = 6, .box_h = 27, .ofs_x = -1, .ofs_y = -6},
    {.bitmap_index = 5855, .adv_w = 228, .box_w = 12, .box_h = 20, .ofs_x = 2, .ofs_y = 0},
    {.bitmap_index = 5922, .adv_w = 101, .box_w = 3, .box_h = 20, .ofs_x = 2, .ofs_y = 0},
    {.bitmap_index = 5927, .adv_w = 364, .box_w = 19, .box_h = 15, .ofs_x = 2, .ofs_y = 0},
    {.bitmap_index = 5993, .adv_w = 246, .box_w = 12, .box_h = 15, .ofs_x = 2, .ofs_y = 0},
    {.bitmap_index = 6037, .adv_w = 249, .box_w = 14, .box_h = 15, .ofs_x = 1, .ofs_y = 0},
    {.bitmap_index = 6129, .adv_w = 255, .box_w = 13, .box_h = 21, .ofs_x = 2, .ofs_y = -6},
    {.bitmap_index = 6221, .adv_w = 255, .box_w = 13, .box_h = 21, .ofs_x = 1, .ofs_y = -6},
    {.bitmap_index = 6312, .adv_w = 157, .box_w = 8, .box_h = 15, .ofs_x = 2, .ofs_y = 0},
    {.bitmap_index = 6337, .adv_w = 220, .box_w = 12, .box_h = 15, .ofs_x = 1, .ofs_y = 0},
    {.bitmap_index = 6421, .adv_w = 136, .box_w = 8, .box_h = 19, .ofs_x = 0, .ofs_y = 0},
    {.bitmap_index = 6459, .adv_w = 246, .box_w = 12, .box_h = 15, .ofs_x = 2, .ofs_y = 0},
    {.bitmap_index = 6501, .adv_w = 234, .box_w = 14, .box_h = 15, .ofs_x = 0, .ofs_y = 0},
    {.bitmap_index = 6586, .adv_w = 340, .box_w = 21, .box_h = 15, .ofs_x = 0, .ofs_y = 0},
    {.bitmap_index = 6726, .adv_w = 227, .box_w = 14, .box_h = 15, .ofs_x = 0, .ofs_y = 0},
    {.bitmap_index = 6814, .adv_w = 234, .box_w = 14, .box_h = 21, .ofs_x = 0, .ofs_y = -6},
    {.bitmap_index = 6927, .adv_w = 230, .box_w = 12, .box_h = 15, .ofs_x = 1, .ofs_y = 0},
    {.bitmap_index = 6989, .adv_w = 177, .box_w = 9, .box_h = 25, .ofs_x = 1, .ofs_y = -4},
    {.bitmap_index = 7062, .adv_w = 138, .box_w = 3, .box_h = 33, .ofs_x = 3, .ofs_y = -6},
    {.bitmap_index = 7072, .adv_w = 177, .box_w = 9, .box_h = 25, .ofs_x = 1, .ofs_y = -4},
    {.bitmap_index = 7147, .adv_w = 275, .box_w = 14, .box_h = 5, .ofs_x = 2, .ofs_y = 5},
    {.bitmap_index = 7182, .adv_w = 117, .box_w = 0, .box_h = 0, .ofs_x = 0, .ofs_y = 0},
    {.bitmap_index = 7182, .adv_w = 120, .box_w = 4, .box_h = 20, .ofs_x = 2, .ofs_y = -5},
    {.bitmap_index = 7208, .adv_w = 238, .box_w = 13, .box_h = 20, .ofs_x = 1, .ofs_y = 0},
    {.bitmap_index = 7303, .adv_w = 254, .box_w = 14, .box_h = 20, .ofs_x = 1, .ofs_y = 0},
    {.bitmap_index = 7401, .adv_w = 301, .box_w = 17, .box_h = 18, .ofs_x = 1, .ofs_y = 0},
    {.bitmap_index = 7531, .adv_w = 229, .box_w = 14, .box_h = 20, .ofs_x = 0, .ofs_y = 0},
    {.bitmap_index = 7634, .adv_w = 112, .box_w = 3, .box_h = 24, .ofs_x = 2, .ofs_y = -4},
    {.bitmap_index = 7651, .adv_w = 236, .box_w = 13, .box_h = 24, .ofs_x = 1, .ofs_y = -4},
    {.bitmap_index = 7790, .adv_w = 246, .box_w = 9, .box_h = 4, .ofs_x = 3, .ofs_y = 17},
    {.bitmap_index = 7807, .adv_w = 380, .box_w = 20, .box_h = 21, .ofs_x = 2, .ofs_y = 0},
    {.bitmap_index = 8001, .adv_w = 189, .box_w = 11, .box_h = 11, .ofs_x = 0, .ofs_y = 8},
    {.bitmap_index = 8061, .adv_w = 242, .box_w = 14, .box_h = 13, .ofs_x = 1, .ofs_y = 2},
    {.bitmap_index = 8143, .adv_w = 275, .box_w = 12, .box_h = 7, .ofs_x = 2, .ofs_y = 4},
    {.bitmap_index = 8160, .adv_w = 277, .box_w = 16, .box_h = 15, .ofs_x = 1, .ofs_y = 5},
    {.bitmap_index = 8272, .adv_w = 199, .box_w = 8, .box_h = 2, .ofs_x = 2, .ofs_y = 18},
    {.bitmap_index = 8277, .adv_w = 190, .box_w = 10, .box_h = 9, .ofs_x = 1, .ofs_y = 11},
    {.bitmap_index = 8322, .adv_w = 275, .box_w = 13, .box_h = 14, .ofs_x = 2, .ofs_y = 1},
    {.bitmap_index = 8365, .adv_w = 184, .box_w = 10, .box_h = 10, .ofs_x = 1, .ofs_y = 11},
    {.bitmap_index = 8411, .adv_w = 185, .box_w = 10, .box_h = 10, .ofs_x = 1, .ofs_y = 11},
    {.bitmap_index = 8460, .adv_w = 134, .box_w = 5, .box_h = 4, .ofs_x = 2, .ofs_y = 17},
    {.bitmap_index = 8471, .adv_w = 244, .box_w = 14, .box_h = 21, .ofs_x = 2, .ofs_y = -6},
    {.bitmap_index = 8524, .adv_w = 251, .box_w = 13, .box_h = 20, .ofs_x = 1, .ofs_y = 0},
    {.bitmap_index = 8587, .adv_w = 120, .box_w = 4, .box_h = 4, .ofs_x = 2, .ofs_y = 8},
    {.bitmap_index = 8596, .adv_w = 112, .box_w = 6, .box_h = 7, .ofs_x = 1, .ofs_y = -6},
    {.bitmap_index = 8617, .adv_w = 127, .box_w = 6, .box_h = 10, .ofs_x = 1, .ofs_y = 11},
    {.bitmap_index = 8633, .adv_w = 201, .box_w = 12, .box_h = 11, .ofs_x = 0, .ofs_y = 8},
    {.bitmap_index = 8696, .adv_w = 242, .box_w = 13, .box_h = 13, .ofs_x = 1, .ofs_y = 2},
    {.bitmap_index = 8777, .adv_w = 334, .box_w = 20, .box_h = 20, .ofs_x = 0, .ofs_y = 0},
    {.bitmap_index = 8914, .adv_w = 352, .box_w = 21, .box_h = 20, .ofs_x = 0, .ofs_y = 0},
    {.bitmap_index = 9062, .adv_w = 367, .box_w = 21, .box_h = 20, .ofs_x = 1, .ofs_y = 0},
    {.bitmap_index = 9228, .adv_w = 213, .box_w = 12, .box_h = 21, .ofs_x = 1, .ofs_y = -6},
    {.bitmap_index = 9320, .adv_w = 287, .box_w = 18, .box_h = 26, .ofs_x = 0, .ofs_y = 0},
    {.bitmap_index = 9473, .adv_w = 287, .box_w = 18, .box_h = 26, .ofs_x = 0, .ofs_y = 0},
    {.bitmap_index = 9631, .adv_w = 287, .box_w = 18, .box_h = 26, .ofs_x = 0, .ofs_y = 0},
    {.bitmap_index = 9790, .adv_w = 287, .box_w = 18, .box_h = 25, .ofs_x = 0, .ofs_y = 0},
    {.bitmap_index = 9943, .adv_w = 287, .box_w = 18, .box_h = 26, .ofs_x = 0, .ofs_y = 0},
    {.bitmap_index = 10104, .adv_w = 287, .box_w = 18, .box_h = 27, .ofs_x = 0, .ofs_y = 0},
    {.bitmap_index = 10275, .adv_w = 413, .box_w = 25, .box_h = 20, .ofs_x = 0, .ofs_y = 0},
    {.bitmap_index = 10402, .adv_w = 304, .box_w = 17, .box_h = 26, .ofs_x = 1, .ofs_y = -6},
    {.bitmap_index = 10560, .adv_w = 250, .box_w = 12, .box_h = 26, .ofs_x = 2, .ofs_y = 0},
    {.bitmap_index = 10622, .adv_w = 250, .box_w = 12, .box_h = 26, .ofs_x = 2, .ofs_y = 0},
    {.bitmap_index = 10687, .adv_w = 250, .box_w = 12, .box_h = 26, .ofs_x = 2, .ofs_y = 0},
    {.bitmap_index = 10756, .adv_w = 250, .box_w = 12, .box_h = 26, .ofs_x = 2, .ofs_y = 0},
    {.bitmap_index = 10827, .adv_w = 112, .box_w = 5, .box_h = 26, .ofs_x = 0, .ofs_y = 0},
    {.bitmap_index = 10850, .adv_w = 112, .box_w = 5, .box_h = 26, .ofs_x = 2, .ofs_y = 0},
    {.bitmap_index = 10873, .adv_w = 112, .box_w = 9, .box_h = 26, .ofs_x = -1, .ofs_y = 0},
    {.bitmap_index = 10909, .adv_w = 112, .box_w = 9, .box_h = 26, .ofs_x = -1, .ofs_y = 0},
    {.bitmap_index = 10945, .adv_w = 306, .box_w = 18, .box_h = 20, .ofs_x = 0, .ofs_y = 0},
    {.bitmap_index = 11062, .adv_w = 313, .box_w = 16, .box_h = 25, .ofs_x = 2, .ofs_y = 0},
    {.bitmap_index = 11189, .adv_w = 318, .box_w = 18, .box_h = 26, .ofs_x = 1, .ofs_y = 0},
    {.bitmap_index = 11354, .adv_w = 318, .box_w = 18, .box_h = 26, .ofs_x = 1, .ofs_y = 0},
    {.bitmap_index = 11519, .adv_w = 318, .box_w = 18, .box_h = 26, .ofs_x = 1, .ofs_y = 0},
    {.bitmap_index = 11689, .adv_w = 318, .box_w = 18, .box_h = 26, .ofs_x = 1, .ofs_y = 0},
    {.bitmap_index = 11860, .adv_w = 318, .box_w = 18, .box_h = 26, .ofs_x = 1, .ofs_y = 0},
    {.bitmap_index = 12032, .adv_w = 275, .box_w = 13, .box_h = 13, .ofs_x = 2, .ofs_y = 1},
    {.bitmap_index = 12106, .adv_w = 318, .box_w = 18, .box_h = 22, .ofs_x = 1, .ofs_y = -1},
    {.bitmap_index = 12281, .adv_w = 310, .box_w = 16, .box_h = 26, .ofs_x = 2, .ofs_y = 0},
    {.bitmap_index = 12371, .adv_w = 310, .box_w = 16, .box_h = 26, .ofs_x = 2, .ofs_y = 0},
    {.bitmap_index = 12461, .adv_w = 310, .box_w = 16, .box_h = 26, .ofs_x = 2, .ofs_y = 0},
    {.bitmap_index = 12555, .adv_w = 310, .box_w = 16, .box_h = 26, .ofs_x = 2, .ofs_y = 0},
    {.bitmap_index = 12651, .adv_w = 282, .box_w = 17, .box_h = 26, .ofs_x = 0, .ofs_y = 0},
    {.bitmap_index = 12768, .adv_w = 264, .box_w = 13, .box_h = 20, .ofs_x = 2, .ofs_y = 0},
    {.bitmap_index = 12832, .adv_w = 256, .box_w = 13, .box_h = 20, .ofs_x = 2, .ofs_y = 0},
    {.bitmap_index = 12931, .adv_w = 234, .box_w = 12, .box_h = 21, .ofs_x = 1, .ofs_y = 0},
    {.bitmap_index = 13036, .adv_w = 234, .box_w = 12, .box_h = 21, .ofs_x = 1, .ofs_y = 0},
    {.bitmap_index = 13142, .adv_w = 234, .box_w = 12, .box_h = 21, .ofs_x = 1, .ofs_y = 0},
    {.bitmap_index = 13254, .adv_w = 234, .box_w = 12, .box_h = 21, .ofs_x = 1, .ofs_y = 0},
    {.bitmap_index = 13363, .adv_w = 234, .box_w = 12, .box_h = 21, .ofs_x = 1, .ofs_y = 0},
    {.bitmap_index = 13477, .adv_w = 234, .box_w = 12, .box_h = 23, .ofs_x = 1, .ofs_y = 0},
    {.bitmap_index = 13602, .adv_w = 382, .box_w = 22, .box_h = 15, .ofs_x = 1, .ofs_y = 0},
    {.bitmap_index = 13744, .adv_w = 238, .box_w = 13, .box_h = 21, .ofs_x = 1, .ofs_y = -6},
    {.bitmap_index = 13852, .adv_w = 243, .box_w = 13, .box_h = 21, .ofs_x = 1, .ofs_y = 0},
    {.bitmap_index = 13955, .adv_w = 243, .box_w = 13, .box_h = 21, .ofs_x = 1, .ofs_y = 0},
    {.bitmap_index = 14058, .adv_w = 243, .box_w = 13, .box_h = 21, .ofs_x = 1, .ofs_y = 0},
    {.bitmap_index = 14168, .adv_w = 243, .box_w = 13, .box_h = 21, .ofs_x = 1, .ofs_y = 0},
    {.bitmap_index = 14280, .adv_w = 101, .box_w = 6, .box_h = 21, .ofs_x = -1, .ofs_y = 0},
    {.bitmap_index = 14303, .adv_w = 101, .box_w = 5, .box_h = 21, .ofs_x = 2, .ofs_y = 0},
    {.bitmap_index = 14322, .adv_w = 101, .box_w = 9, .box_h = 21, .ofs_x = -1, .ofs_y = 0},
    {.bitmap_index = 14355, .adv_w = 101, .box_w = 10, .box_h = 21, .ofs_x = -2, .ofs_y = 0},
    {.bitmap_index = 14391, .adv_w = 242, .box_w = 13, .box_h = 22, .ofs_x = 1, .ofs_y = 0},
    {.bitmap_index = 14511, .adv_w = 246, .box_w = 12, .box_h = 21, .ofs_x = 2, .ofs_y = 0},
    {.bitmap_index = 14584, .adv_w = 249, .box_w = 14, .box_h = 21, .ofs_x = 1, .ofs_y = 0},
    {.bitmap_index = 14698, .adv_w = 249, .box_w = 14, .box_h = 21, .ofs_x = 1, .ofs_y = 0},
    {.bitmap_index = 14811, .adv_w = 249, .box_w = 14, .box_h = 21, .ofs_x = 1, .ofs_y = 0},
    {.bitmap_index = 14932, .adv_w = 249, .box_w = 14, .box_h = 21, .ofs_x = 1, .ofs_y = 0},
    {.bitmap_index = 15048, .adv_w = 249, .box_w = 14, .box_h = 21, .ofs_x = 1, .ofs_y = 0},
    {.bitmap_index = 15170, .adv_w = 275, .box_w = 13, .box_h = 14, .ofs_x = 2, .ofs_y = 1},
    {.bitmap_index = 15222, .adv_w = 249, .box_w = 14, .box_h = 17, .ofs_x = 1, .ofs_y = -1},
    {.bitmap_index = 15338, .adv_w = 246, .box_w = 12, .box_h = 21, .ofs_x = 2, .ofs_y = 0},
    {.bitmap_index = 15402, .adv_w = 246, .box_w = 12, .box_h = 21, .ofs_x = 2, .ofs_y = 0},
    {.bitmap_index = 15466, .adv_w = 246, .box_w = 12, .box_h = 21, .ofs_x = 2, .ofs_y = 0},
    {.bitmap_index = 15536, .adv_w = 246, .box_w = 12, .box_h = 21, .ofs_x = 2, .ofs_y = 0},
    {.bitmap_index = 15609, .adv_w = 234, .box_w = 14, .box_h = 27, .ofs_x = 0, .ofs_y = -6},
    {.bitmap_index = 15746, .adv_w = 255, .box_w = 13, .box_h = 26, .ofs_x = 2, .ofs_y = -6},
    {.bitmap_index = 15841, .adv_w = 234, .box_w = 14, .box_h = 27, .ofs_x = 0, .ofs_y = -6}
};

/*---------------------
 *  CHARACTER MAPPING
 *--------------------*/



/*Collect the unicode lists and glyph_id offsets*/
static const lv_font_fmt_txt_cmap_t cmaps[] =
{
    {
        .range_start = 32, .range_length = 95, .glyph_id_start = 1,
        .unicode_list = NULL, .glyph_id_ofs_list = NULL, .list_length = 0, .type = LV_FONT_FMT_TXT_CMAP_FORMAT0_TINY
    },
    {
        .range_start = 160, .range_length = 13, .glyph_id_start = 96,
        .unicode_list = NULL, .glyph_id_ofs_list = NULL, .list_length = 0, .type = LV_FONT_FMT_TXT_CMAP_FORMAT0_TINY
    },
    {
        .range_start = 174, .range_length = 82, .glyph_id_start = 109,
        .unicode_list = NULL, .glyph_id_ofs_list = NULL, .list_length = 0, .type = LV_FONT_FMT_TXT_CMAP_FORMAT0_TINY
    }
};

/*-----------------
 *    KERNING
 *----------------*/


/*Pair left and right glyphs for kerning*/
static const uint8_t kern_pair_glyph_ids[] =
{
    3, 7,
    3, 13,
    3, 15,
    3, 21,
    3, 98,
    7, 3,
    7, 8,
    7, 61,
    7, 109,
    8, 7,
    8, 13,
    8, 15,
    8, 21,
    8, 98,
    9, 98,
    11, 7,
    11, 13,
    11, 15,
    11, 21,
    11, 33,
    11, 64,
    11, 105,
    12, 19,
    12, 20,
    12, 24,
    12, 61,
    12, 117,
    13, 3,
    13, 8,
    13, 17,
    13, 18,
    13, 20,
    13, 22,
    13, 23,
    13, 24,
    13, 25,
    13, 26,
    13, 32,
    13, 33,
    13, 105,
    13, 117,
    14, 19,
    14, 20,
    14, 24,
    14, 61,
    14, 117,
    15, 3,
    15, 8,
    15, 17,
    15, 18,
    15, 20,
    15, 22,
    15, 23,
    15, 24,
    15, 25,
    15, 26,
    15, 32,
    15, 33,
    15, 105,
    15, 117,
    16, 13,
    16, 15,
    17, 13,
    17, 15,
    17, 24,
    17, 61,
    17, 64,
    19, 21,
    20, 11,
    20, 13,
    20, 15,
    20, 63,
    20, 107,
    20, 111,
    21, 11,
    21, 13,
    21, 15,
    21, 18,
    21, 63,
    21, 109,
    21, 111,
    21, 117,
    22, 13,
    22, 15,
    22, 109,
    23, 13,
    23, 15,
    23, 64,
    24, 4,
    24, 7,
    24, 13,
    24, 15,
    24, 17,
    24, 20,
    24, 21,
    24, 22,
    24, 23,
    24, 24,
    24, 25,
    24, 26,
    24, 27,
    24, 28,
    24, 29,
    24, 64,
    24, 98,
    24, 107,
    25, 11,
    25, 13,
    25, 15,
    25, 63,
    25, 107,
    25, 111,
    26, 13,
    26, 15,
    26, 24,
    26, 61,
    26, 64,
    27, 61,
    28, 61,
    30, 61,
    31, 24,
    31, 61,
    33, 13,
    33, 15,
    33, 16,
    33, 61,
    33, 64,
    33, 109,
    60, 98,
    61, 3,
    61, 8,
    61, 11,
    61, 12,
    61, 14,
    61, 16,
    61, 18,
    61, 30,
    61, 32,
    61, 33,
    61, 61,
    61, 63,
    61, 95,
    61, 105,
    61, 107,
    61, 108,
    61, 109,
    61, 111,
    61, 112,
    61, 117,
    61, 118,
    61, 122,
    61, 150,
    61, 182,
    63, 7,
    63, 13,
    63, 15,
    63, 21,
    63, 33,
    63, 64,
    63, 105,
    64, 11,
    64, 17,
    64, 18,
    64, 20,
    64, 21,
    64, 22,
    64, 23,
    64, 25,
    64, 26,
    64, 33,
    64, 61,
    64, 63,
    64, 93,
    64, 105,
    64, 111,
    64, 117,
    92, 98,
    95, 19,
    95, 20,
    95, 24,
    95, 61,
    95, 117,
    97, 61,
    98, 3,
    98, 8,
    98, 10,
    98, 18,
    98, 61,
    98, 62,
    98, 94,
    98, 109,
    105, 13,
    105, 15,
    105, 16,
    105, 61,
    105, 64,
    105, 109,
    109, 7,
    109, 21,
    109, 33,
    109, 98,
    109, 105,
    111, 7,
    111, 13,
    111, 15,
    111, 21,
    111, 33,
    111, 64,
    111, 105,
    112, 61,
    116, 12,
    116, 14,
    116, 16,
    116, 29,
    116, 64,
    116, 95,
    116, 108,
    116, 118,
    116, 182,
    118, 19,
    118, 20,
    118, 24,
    118, 61,
    118, 117,
    122, 18,
    122, 19,
    122, 20,
    122, 24,
    122, 25,
    122, 61,
    126, 61,
    150, 61,
    182, 19,
    182, 20,
    182, 24,
    182, 61,
    182, 117
};

/* Kerning between the respective left and right glyphs
 * 4.4 format which needs to scaled with `kern_scale`*/
static const int8_t kern_pair_values[] =
{
    -14, -34, -34, -26, -6, -14, -14, -26,
    -9, -14, -34, -34, -26, -6, -5, -14,
    -57, -57, -19, -5, -28, -5, -14, -5,
    -9, -21, -7, -34, -34, -11, -36, -11,
    -6, -11, -6, -9, -3, -37, -18, -18,
    -21, -14, -5, -9, -21, -7, -34, -34,
    -11, -36, -11, -6, -11, -6, -9, -3,
    -37, -18, -18, -21, -16, -16, -11, -11,
    -8, -4, -19, -6, -6, -9, -9, -6,
    -14, -6, -8, -14, -14, -8, -8, -2,
    -8, -16, -11, -11, -2, -14, -14, -19,
    -24, -19, -52, -52, -6, -7, -24, -4,
    -6, 8, -6, -4, -14, -14, -38, -66,
    -21, -26, -6, -9, -9, -6, -14, -6,
    -11, -11, -8, -4, -19, -26, -26, -28,
    -31, -31, -18, -18, -16, -14, -16, -2,
    -5, -33, -33, -33, -14, -14, 8, -14,
    -21, -26, -14, -20, -33, -14, -14, -14,
    -14, -29, -33, -21, -20, -14, -14, -14,
    -14, -14, -57, -57, -19, -5, -28, -5,
    -28, -19, -45, -19, -24, -19, -19, -19,
    -19, -16, -33, -28, 14, -16, -28, -19,
    -5, -14, -5, -9, -21, -7, -14, -6,
    -6, -5, -14, -21, -5, -5, -5, -18,
    -18, -16, -14, -16, -2, -14, -21, -2,
    -12, -2, -14, -57, -57, -19, -5, -28,
    -5, -28, -16, -16, -14, -16, -14, -16,
    -14, -16, -16, -14, -5, -9, -16, -7,
    -16, -21, -19, -21, -14, -26, -32, -16,
    -14, -5, -9, -21, -7
};

/*Collect the kern pair's data in one place*/
static const lv_font_fmt_txt_kern_pair_t kern_pairs =
{
    .glyph_ids = kern_pair_glyph_ids,
    .values = kern_pair_values,
    .pair_cnt = 237,
    .glyph_ids_size = 0
};

/*--------------------
 *  ALL CUSTOM DATA
 *--------------------*/

#if LVGL_VERSION_MAJOR == 8
/*Store all the custom data of the font*/
static  lv_font_fmt_txt_glyph_cache_t cache;
#endif

#if LVGL_VERSION_MAJOR >= 8
static const lv_font_fmt_txt_dsc_t font_dsc = {
#else
static lv_font_fmt_txt_dsc_t font_dsc = {
#endif
    .glyph_bitmap = glyph_bitmap,
    .glyph_dsc = glyph_dsc,
    .cmaps = cmaps,
    .kern_dsc = &kern_pairs,
    .kern_scale = 16,
    .cmap_num = 3,
    .bpp = 4,
    .kern_classes = 0,
    .bitmap_format = 1,
#if LVGL_VERSION_MAJOR == 8
    .cache = &cache
#endif
};



/*-----------------
 *  PUBLIC FONT
 *----------------*/

/*Initialize a public general font descriptor*/
#if LVGL_VERSION_MAJOR >= 8
const lv_font_t ui_font_26 = {
#else
lv_font_t ui_font_26 = {
#endif
    .get_glyph_dsc = lv_font_get_glyph_dsc_fmt_txt,    /*Function pointer to get glyph's data*/
    .get_glyph_bitmap = lv_font_get_bitmap_fmt_txt,    /*Function pointer to get glyph's bitmap*/
    .line_height = 33,          /*The maximum line height required by the font*/
    .base_line = 6,             /*Baseline measured from the bottom of the line*/
#if !(LVGL_VERSION_MAJOR == 6 && LVGL_VERSION_MINOR == 0)
    .subpx = LV_FONT_SUBPX_NONE,
#endif
#if LV_VERSION_CHECK(7, 4, 0) || LVGL_VERSION_MAJOR >= 8
    .underline_position = -4,
    .underline_thickness = 2,
#endif
    .dsc = &font_dsc,          /*The custom font data. Will be accessed by `get_glyph_bitmap/dsc` */
#if LV_VERSION_CHECK(8, 2, 0) || LVGL_VERSION_MAJOR >= 9
    .fallback = NULL,
#endif
    .user_data = NULL,
};



#endif /*#if UI_FONT_26*/

