/*******************************************************************************
 * Size: 28 px
 * Bpp: 4
 * Opts: --size 28 --bpp 4 --format lvgl --lv-include lvgl.h --font /private/tmp/InterVariable.ttf -r 0x20-0x7E,0xA0-0xFF --lv-font-name ui_font_28 -o firmware/screen/main/ui/ui_fonts/ui_font_28.c
 ******************************************************************************/

#ifdef LV_LVGL_H_INCLUDE_SIMPLE
#include "lvgl.h"
#else
#include "lvgl.h"
#endif

#ifndef UI_FONT_28
#define UI_FONT_28 1
#endif

#if UI_FONT_28

/*-----------------
 *    BITMAPS
 *----------------*/

/*Store the image of the glyphs*/
static LV_ATTRIBUTE_LARGE_CONST const uint8_t glyph_bitmap[] = {
    /* U+0020 " " */

    /* U+0021 "!" */
    0x5f, 0xf3, 0x0, 0x7f, 0xc6, 0x1, 0x84, 0x3,
    0xff, 0x84, 0x20, 0x1f, 0x9c, 0x3, 0xfc, 0xe7,
    0x76, 0x20, 0x44, 0x8, 0x6, 0x1a, 0xa1, 0x5a,
    0xaa, 0x44, 0x0, 0xf0, 0x43, 0xe0,

    /* U+0022 "\"" */
    0x1f, 0xf4, 0x3, 0xff, 0x88, 0x2, 0xf0, 0x10,
    0x1, 0x88, 0x0, 0x40, 0x3f, 0xc6, 0x0, 0x10,
    0x8, 0xc0, 0x3c, 0x20, 0x10, 0x80, 0x78, 0x41,
    0xc0, 0x40, 0x6, 0xe, 0x1, 0xc0,

    /* U+0023 "#" */
    0x0, 0xe2, 0xfe, 0x0, 0xef, 0xf0, 0x80, 0x7c,
    0xe0, 0xa0, 0x18, 0x80, 0x44, 0x1, 0xf1, 0x1,
    0x0, 0x67, 0x2, 0x0, 0xfd, 0xa1, 0xe0, 0x18,
    0x81, 0x40, 0x3f, 0x30, 0x10, 0x6, 0xd0, 0xe0,
    0xe, 0x22, 0x8c, 0x0, 0x45, 0x94, 0x4, 0x88,
    0x0, 0x1d, 0xd8, 0x1, 0x7b, 0xb8, 0x1, 0x3b,
    0xa2, 0x5, 0x0, 0xff, 0xe1, 0x90, 0x27, 0xfa,
    0x41, 0x7f, 0xf5, 0x81, 0xff, 0xc0, 0x1d, 0xe1,
    0xa0, 0x18, 0xc1, 0x80, 0x3f, 0x28, 0x10, 0x6,
    0xe0, 0xd0, 0xf, 0xc4, 0xe, 0x1, 0x94, 0x8,
    0x3, 0xe1, 0x10, 0x10, 0x6, 0x20, 0x70, 0xc,
    0x9f, 0xee, 0x0, 0x7f, 0xf0, 0x86, 0xff, 0x80,
    0x4, 0x1, 0xff, 0xc2, 0x20, 0x3, 0x77, 0x14,
    0x17, 0xbb, 0x38, 0x1f, 0x73, 0x0, 0x21, 0x18,
    0x3c, 0x47, 0x81, 0x4, 0x60, 0xe, 0x60, 0x60,
    0xc, 0x41, 0xa0, 0x1f, 0x88, 0xc, 0x3, 0x28,
    0x30, 0x7, 0xc4, 0x2, 0x1, 0xc2, 0x6, 0x1,
    0xf3, 0x82, 0x80, 0x63, 0x1, 0x0, 0xf0,

    /* U+0024 "$" */
    0x0, 0xf9, 0x98, 0x1, 0xff, 0xc2, 0xba, 0x0,
    0xff, 0xef, 0x9c, 0xe9, 0x1e, 0xd2, 0x80, 0x7d,
    0x38, 0xc4, 0x0, 0x25, 0xac, 0x20, 0xd, 0x6c,
    0x2, 0xc0, 0x7, 0x10, 0x3c, 0x10, 0x2, 0xa0,
    0x2f, 0x49, 0x1c, 0x74, 0x0, 0xc0, 0x3, 0xc0,
    0x68, 0x3, 0xce, 0x80, 0xe0, 0x6, 0x5, 0x0,
    0xfd, 0x10, 0x90, 0xc, 0xc0, 0x1f, 0x8d, 0xdc,
    0x0, 0xb0, 0x28, 0x0, 0xff, 0xe0, 0x39, 0x3,
    0xeb, 0x10, 0x7, 0xfb, 0x10, 0xa, 0x40, 0xe0,
    0xc0, 0x3e, 0x1b, 0xb2, 0x0, 0x4f, 0x9a, 0xa0,
    0x1f, 0x25, 0xf8, 0x0, 0x40, 0xaa, 0xc0, 0x3f,
    0x88, 0xfa, 0xcc, 0x12, 0x40, 0x3f, 0xe4, 0xc5,
    0x6, 0x10, 0xf, 0xfe, 0x4, 0x80, 0x15, 0x33,
    0x8, 0x1, 0xff, 0xb, 0x19, 0xb8, 0x3, 0xf5,
    0x0, 0x1c, 0x8c, 0x15, 0xc0, 0x3c, 0xec, 0x6,
    0x41, 0xe0, 0x8, 0xe9, 0x23, 0x9e, 0x80, 0x7,
    0x80, 0xf, 0x8, 0x5, 0x80, 0xc, 0x20, 0x58,
    0x60, 0x11, 0xec, 0xa1, 0x0, 0x9, 0x2b, 0x4c,
    0x3, 0xcd, 0x7a, 0x47, 0xb6, 0xa0, 0x1f, 0xfc,
    0xfb, 0xa0, 0xf, 0x80,

    /* U+0025 "%" */
    0x2, 0xae, 0xfc, 0x40, 0xf, 0xec, 0xf7, 0x0,
    0x87, 0x14, 0x44, 0x76, 0xa0, 0x1f, 0x39, 0x99,
    0xc0, 0x28, 0x14, 0xfe, 0x80, 0x80, 0xf, 0x14,
    0x7, 0x0, 0x64, 0xf, 0x0, 0x38, 0x10, 0x80,
    0x77, 0x4, 0x10, 0x7, 0x9c, 0x3, 0xfc, 0xe6,
    0x67, 0x0, 0xe1, 0x6, 0x0, 0x8, 0x0, 0x40,
    0x22, 0x80, 0xe0, 0xf, 0x20, 0x49, 0xc, 0x1,
    0x80, 0x6e, 0x8, 0x20, 0xf, 0x49, 0x1e, 0xf3,
    0x7, 0x80, 0x4e, 0x66, 0x70, 0xf, 0x87, 0x1c,
    0xc9, 0x70, 0xc0, 0x5, 0x1, 0xc0, 0x1f, 0xc3,
    0x19, 0xb4, 0x60, 0x17, 0x4, 0x10, 0x7, 0xff,
    0x15, 0xcc, 0xce, 0x1, 0xff, 0xc5, 0x28, 0xe,
    0x0, 0x96, 0xf2, 0x8c, 0x3, 0xfd, 0xc1, 0x4,
    0x0, 0x9a, 0x43, 0x5c, 0x50, 0xf, 0xce, 0x66,
    0x70, 0x1, 0xb0, 0x5f, 0xc0, 0x58, 0x7, 0xc5,
    0x1, 0xc0, 0x15, 0x83, 0x20, 0x38, 0x88, 0xc0,
    0x3d, 0xc1, 0x4, 0x1, 0x10, 0x70, 0x4, 0x40,
    0xc0, 0x1c, 0xe6, 0x67, 0x0, 0xff, 0x38, 0x7,
    0x8a, 0x3, 0x80, 0x38, 0x83, 0x80, 0x26, 0x1,
    0x0, 0xdc, 0x10, 0x40, 0x1d, 0x80, 0xe4, 0xa,
    0x40, 0x80, 0x13, 0x99, 0x9c, 0x3, 0xc8, 0x81,
    0xde, 0xa0, 0x80, 0x8, 0xa0, 0x38, 0x3, 0xf5,
    0xb8, 0x88, 0xa5, 0xc0,

    /* U+0026 "&" */
    0x0, 0xcd, 0x9f, 0xec, 0x70, 0xf, 0xf5, 0x49,
    0x80, 0xe, 0x30, 0x3, 0xf3, 0x28, 0x25, 0xe3,
    0x1, 0xc0, 0x7, 0xd4, 0x5, 0x68, 0x72, 0x80,
    0xc0, 0x1f, 0x10, 0x20, 0x6, 0xc0, 0x10, 0xf,
    0x8c, 0xc, 0x3, 0x60, 0x10, 0x7, 0xc8, 0xa,
    0x20, 0x7, 0x40, 0xa0, 0xf, 0xac, 0x1, 0x41,
    0x30, 0x8, 0xe0, 0x1f, 0x13, 0x82, 0x7b, 0x2,
    0x58, 0x7, 0xf4, 0x0, 0x68, 0xb0, 0xf, 0xf4,
    0x80, 0x65, 0x0, 0xff, 0x5b, 0x0, 0x80, 0x3c,
    0x3, 0x22, 0x4, 0x1, 0x48, 0xf, 0xd4, 0x5,
    0x60, 0x15, 0xd9, 0x0, 0xd4, 0x1a, 0x1, 0x60,
    0x12, 0x0, 0x80, 0x2, 0x8, 0x0, 0x80, 0x9,
    0xd4, 0x1d, 0x54, 0x0, 0x40, 0xf0, 0x0, 0x80,
    0x6a, 0x20, 0xa8, 0x4, 0x0, 0x70, 0x0, 0x80,
    0x3b, 0xc4, 0x2, 0x80, 0x2, 0x0, 0x24, 0x3,
    0x88, 0xc0, 0x23, 0x0, 0x13, 0x2, 0x63, 0x1a,
    0x47, 0x10, 0x5, 0x20, 0x14, 0xb0, 0x1c, 0xe5,
    0xb8, 0x83, 0x30, 0x19, 0x80, 0x14, 0xe2, 0x90,
    0x0, 0x9b, 0x66, 0x46, 0x12, 0x60,

    /* U+0027 "'" */
    0x1f, 0xf4, 0x0, 0x5e, 0x20, 0x1, 0x0, 0xf8,
    0xc0, 0x40, 0x38, 0x40, 0xc1, 0xc0,

    /* U+0028 "(" */
    0x0, 0xc9, 0xc, 0x1, 0xa9, 0xc4, 0x2, 0x71,
    0x6, 0x0, 0xa4, 0x14, 0x40, 0x8, 0x21, 0xc0,
    0x16, 0x80, 0x10, 0x2, 0x40, 0x50, 0x8, 0x88,
    0x18, 0x1, 0x38, 0x1, 0x40, 0x2d, 0x0, 0x18,
    0x4, 0x60, 0x40, 0x19, 0x81, 0xc0, 0x31, 0x81,
    0x80, 0x61, 0x1, 0x0, 0xf7, 0x80, 0x7b, 0xc0,
    0x31, 0x0, 0x80, 0x61, 0x2, 0x0, 0xca, 0xa,
    0x1, 0xbc, 0x4, 0x80, 0x24, 0x0, 0x20, 0x4,
    0x44, 0xd, 0x0, 0xca, 0x8, 0x1, 0xa8, 0x0,
    0xc0, 0x11, 0x20, 0x50, 0x6, 0x80, 0x33, 0x0,
    0x46, 0x81, 0x20,

    /* U+0029 ")" */
    0x48, 0x60, 0xe, 0x79, 0x30, 0x9, 0x8, 0x20,
    0x3, 0x50, 0x20, 0x80, 0x4c, 0x0, 0x60, 0x8,
    0x4c, 0x2c, 0x3, 0x58, 0x18, 0x80, 0x48, 0x0,
    0x40, 0x8, 0xc0, 0x1a, 0x1, 0x8c, 0x10, 0x3,
    0x28, 0x10, 0x6, 0xe0, 0x10, 0xc, 0x40, 0x2,
    0x0, 0x84, 0x0, 0x20, 0x1f, 0xe1, 0x0, 0x8,
    0x4, 0x60, 0x3, 0x0, 0xb8, 0x0, 0x20, 0x11,
    0x81, 0x80, 0x65, 0x5, 0x0, 0x8c, 0x43, 0xc0,
    0x24, 0x0, 0x38, 0x5, 0x40, 0x82, 0x0, 0x32,
    0xe, 0x0, 0xa8, 0x5, 0x40, 0x2, 0xc1, 0x20,
    0x13, 0x0, 0xb8, 0x4,

    /* U+002A "*" */
    0x0, 0xef, 0xf0, 0x7, 0xf8, 0x40, 0x3e, 0x94,
    0x0, 0x84, 0x0, 0x92, 0x6, 0xd7, 0x42, 0x66,
    0x1a, 0xb6, 0x33, 0x48, 0xaf, 0x99, 0xbd, 0x46,
    0x4c, 0x1b, 0xa4, 0x4, 0x41, 0x1c, 0xc0, 0x10,
    0xf8, 0x80, 0x7, 0x84, 0x2, 0x8e, 0x63, 0x11,
    0x1b, 0x74, 0x9, 0x38, 0x46, 0x19, 0xb2, 0x1,
    0xc8, 0x91, 0xae, 0x6, 0x60, 0x7d, 0x83, 0x7,
    0x20, 0x8, 0x40, 0x4, 0xe0, 0x1e, 0x22, 0x0,
    0x70,

    /* U+002B "+" */
    0x0, 0xf7, 0x7b, 0x0, 0x7f, 0xfc, 0x44, 0xcf,
    0x84, 0x30, 0xcf, 0x93, 0x33, 0x80, 0xb, 0x99,
    0xb8, 0x3, 0xff, 0x84, 0xbf, 0xfc, 0x21, 0x3f,
    0xfb, 0x40, 0x3f, 0xfe, 0x52, 0xea, 0x1, 0xc0,

    /* U+002C "," */
    0x0, 0xf1, 0x7f, 0xa8, 0x18, 0x1, 0xe0, 0x40,
    0x4, 0xf, 0x2, 0x10, 0x20, 0x40, 0x2, 0x86,
    0x80, 0x4, 0x10, 0x8, 0xc, 0x0,

    /* U+002D "-" */
    0x5, 0x5f, 0xc8, 0x15, 0x5f, 0xc0, 0x1f, 0xe0,

    /* U+002E "." */
    0x1a, 0xb2, 0xb5, 0x49, 0x10, 0x3, 0xc1, 0xf,
    0x80,

    /* U+002F "/" */
    0x0, 0xfb, 0xbd, 0x40, 0x3c, 0x62, 0x8, 0x1,
    0xe4, 0x3, 0x10, 0xf, 0x60, 0x20, 0x7, 0xc8,
    0x18, 0x1, 0xe4, 0x0, 0x20, 0x7, 0xb0, 0xc,
    0x3, 0xe4, 0xb, 0x0, 0xf8, 0xc1, 0x0, 0x3c,
    0x80, 0x3, 0x0, 0xf6, 0x82, 0x0, 0x7c, 0x81,
    0x80, 0x1e, 0x12, 0x5, 0x0, 0xf2, 0x0, 0x90,
    0x7, 0xb0, 0x10, 0x3, 0xe7, 0xc, 0x0, 0xf1,
    0x8, 0x20, 0x7, 0x90, 0x8, 0x80, 0x1e, 0xc0,
    0x40, 0xf, 0x90, 0x30, 0x3, 0xc6, 0x20, 0x80,
    0x1e, 0x40, 0x21, 0x0, 0xf6, 0x2, 0x80, 0x7c,
    0x81, 0x80, 0x1e, 0x30, 0x2, 0x0, 0x78,

    /* U+0030 "0" */
    0x0, 0xc5, 0x3b, 0xfe, 0xc7, 0x0, 0xf9, 0x75,
    0x88, 0x0, 0x71, 0xa2, 0x1, 0x8e, 0x80, 0xd,
    0x30, 0x60, 0x58, 0x1, 0xb8, 0x1, 0x92, 0xcf,
    0x8e, 0x5, 0x0, 0x5, 0x20, 0x93, 0x0, 0xd0,
    0x80, 0xe0, 0xf, 0x1, 0x60, 0xf, 0x78, 0x1,
    0x1, 0x1, 0x0, 0x3e, 0x40, 0x6, 0x8, 0x83,
    0x0, 0x3f, 0x18, 0x21, 0x0, 0x8, 0x3, 0xf2,
    0x80, 0xb8, 0x1, 0xc0, 0x3f, 0x8, 0x18, 0x80,
    0x4, 0x3, 0xfc, 0x22, 0x0, 0x8, 0x7, 0xf8,
    0x5c, 0x0, 0xe0, 0x1f, 0x84, 0xc, 0x80, 0x4,
    0x1, 0xf9, 0x40, 0x46, 0xc, 0x0, 0xfc, 0x60,
    0xa0, 0x80, 0x80, 0x1f, 0x20, 0x3, 0x3, 0xc0,
    0x58, 0x3, 0xde, 0x0, 0x50, 0x52, 0x9, 0x30,
    0xd, 0x8, 0xe, 0x1, 0x48, 0x3, 0x25, 0x9f,
    0x1c, 0xa, 0x0, 0x24, 0xa0, 0x3, 0x4c, 0x18,
    0x17, 0x80, 0x72, 0xeb, 0x10, 0x0, 0xe3, 0x48,
    0x0,

    /* U+0031 "1" */
    0x0, 0x87, 0x3f, 0xdc, 0x0, 0x4f, 0x30, 0xd,
    0x16, 0x22, 0x20, 0x4, 0xb8, 0x1f, 0xb8, 0x0,
    0x81, 0xb0, 0x40, 0x21, 0xa9, 0x0, 0xea, 0x50,
    0xf, 0xff, 0xf8, 0x7, 0xff, 0x7c,

    /* U+0032 "2" */
    0x0, 0x92, 0xbb, 0xfa, 0xd0, 0x3, 0xd5, 0x6a,
    0x20, 0x29, 0x74, 0x1, 0xa9, 0x40, 0xe2, 0xa0,
    0x81, 0x68, 0x0, 0x8a, 0xd, 0x8e, 0xaf, 0xaa,
    0xa, 0x61, 0xa0, 0x9, 0x0, 0xea, 0x0, 0x58,
    0x28, 0x20, 0x7, 0xc6, 0x6, 0x1d, 0xb4, 0x1,
    0xfc, 0x20, 0x44, 0x10, 0xf, 0x9, 0x86, 0x80,
    0x7f, 0xa0, 0x0, 0xc0, 0x1f, 0xc8, 0xc0, 0xe2,
    0x1, 0xf8, 0xac, 0xa, 0x0, 0x3f, 0xe, 0x0,
    0x3c, 0x3, 0xf0, 0xe0, 0x85, 0x90, 0x7, 0xed,
    0x20, 0xa4, 0x0, 0xfd, 0x66, 0x12, 0xa0, 0x1f,
    0xa9, 0x1, 0xd8, 0x3, 0xf4, 0x28, 0x34, 0x0,
    0x7e, 0x77, 0x2, 0xc8, 0x7, 0xe6, 0x80, 0x6,
    0xbb, 0xfe, 0x8, 0x0, 0xa2, 0x3f, 0x84, 0x3,
    0xff, 0x84,

    /* U+0033 "3" */
    0x0, 0xc9, 0x5b, 0xfd, 0x8e, 0x1, 0xe1, 0xbb,
    0x29, 0x0, 0x9c, 0x71, 0x80, 0x6d, 0x40, 0x28,
    0xa9, 0x40, 0x1d, 0x10, 0x3, 0x18, 0x3e, 0xba,
    0xb5, 0xc8, 0xc, 0x80, 0x34, 0xa, 0x0, 0x39,
    0x88, 0x10, 0x1, 0x17, 0xe0, 0x1f, 0x30, 0x8,
    0x0, 0xd0, 0x80, 0x3e, 0x60, 0x60, 0xf, 0xfa,
    0x8, 0x3c, 0x3, 0xc2, 0xaa, 0x7c, 0x70, 0x74,
    0x0, 0xf2, 0x55, 0x20, 0xcb, 0x20, 0x3, 0xff,
    0x80, 0x5c, 0xa0, 0x1f, 0x2f, 0xfb, 0xa4, 0x89,
    0x4e, 0x1, 0xfc, 0x2d, 0xa6, 0x10, 0x20, 0x1f,
    0xf7, 0x80, 0x1c, 0x3, 0xfe, 0x30, 0x7, 0x95,
    0x51, 0x0, 0x3f, 0xc2, 0x6a, 0xae, 0x0, 0xf9,
    0x40, 0x1c, 0x28, 0xa, 0xc0, 0x1c, 0x76, 0x2,
    0xc1, 0x20, 0x9, 0xc7, 0x67, 0xbc, 0x10, 0xb0,
    0x1, 0x61, 0x1, 0xc4, 0xc2, 0x0, 0x29, 0x40,
    0x23, 0xd9, 0x41, 0x1, 0x38, 0xe5, 0x0, 0x0,

    /* U+0034 "4" */
    0x0, 0xfe, 0xbf, 0xf5, 0x80, 0x7f, 0xcc, 0x80,
    0x1f, 0xfc, 0x11, 0x80, 0xf, 0xfe, 0x15, 0x88,
    0x80, 0x3f, 0xf8, 0x8, 0xa1, 0x66, 0x1, 0xff,
    0x48, 0x22, 0x80, 0x7f, 0xd0, 0x41, 0x20, 0x1f,
    0xf1, 0x38, 0x41, 0x0, 0x7f, 0xdc, 0x4, 0xe0,
    0x1f, 0xf3, 0x18, 0x70, 0x7, 0xfc, 0x30, 0xc,
    0x60, 0x1f, 0xf5, 0x88, 0xa0, 0x3, 0xfe, 0x45,
    0xb, 0x10, 0xf, 0xfa, 0x41, 0x14, 0x3, 0xfe,
    0x52, 0x4, 0xff, 0xf1, 0x82, 0x7f, 0x9c, 0x3,
    0xff, 0x88, 0xf1, 0x1f, 0xc0, 0x14, 0x41, 0x9,
    0xdf, 0xf8, 0xc1, 0x1d, 0xc6, 0x1, 0xff, 0xe4,

    /* U+0035 "5" */
    0x0, 0x67, 0xff, 0xf8, 0x2, 0x20, 0xf, 0xfe,
    0x8, 0x83, 0x55, 0x7e, 0x0, 0x10, 0x3, 0x15,
    0x7f, 0x0, 0x18, 0x0, 0xc0, 0x1f, 0xe2, 0x0,
    0x10, 0x7, 0xfb, 0x80, 0x2, 0x1, 0xfe, 0x20,
    0x23, 0xae, 0xfe, 0xa3, 0x0, 0xc2, 0x5, 0x8a,
    0x20, 0x2b, 0x90, 0x1, 0x30, 0x0, 0x5a, 0x64,
    0xa0, 0x7, 0x70, 0x3, 0xaa, 0x9d, 0x2c, 0xca,
    0xc1, 0x8, 0x10, 0x35, 0x50, 0x7, 0x1d, 0x0,
    0x24, 0x3, 0xfc, 0x84, 0x8, 0x1, 0xff, 0x38,
    0x10, 0x7, 0xff, 0x8, 0x66, 0x46, 0x1, 0xf3,
    0x81, 0x3, 0x32, 0x80, 0x3c, 0x64, 0x16, 0x28,
    0xc, 0x80, 0x18, 0xb8, 0x0, 0xc1, 0x0, 0xb,
    0xb3, 0x32, 0x74, 0x82, 0x44, 0xe, 0xc4, 0x12,
    0x64, 0xc0, 0x9, 0x60, 0x9, 0x3e, 0xc, 0x40,
    0x9b, 0x58, 0x0,

    /* U+0036 "6" */
    0x0, 0xe6, 0xce, 0xfd, 0x92, 0x0, 0xf1, 0x6c,
    0x98, 0x81, 0x36, 0xb8, 0x6, 0x1f, 0x20, 0x48,
    0x96, 0x0, 0x42, 0x80, 0x56, 0x41, 0x76, 0x76,
    0x9d, 0x10, 0xb0, 0x1, 0x28, 0x4a, 0x0, 0x62,
    0xb0, 0x15, 0xa, 0x2, 0x60, 0xf, 0x2e, 0x61,
    0x1, 0x41, 0x40, 0x3f, 0x19, 0x84, 0x8, 0x34,
    0x12, 0xfb, 0xf6, 0x4, 0x2, 0x20, 0x3, 0x45,
    0xa0, 0x81, 0x3f, 0x20, 0x0, 0x40, 0x14, 0xe0,
    0xd3, 0x24, 0x0, 0x59, 0x83, 0x80, 0x18, 0x76,
    0x59, 0x97, 0x60, 0x7, 0x0, 0x75, 0x10, 0x6,
    0x48, 0x2, 0x40, 0x8, 0xd0, 0x3, 0xcc, 0x0,
    0xc7, 0x0, 0x20, 0x7, 0xc2, 0x40, 0x46, 0x1,
    0xff, 0x18, 0x4, 0x40, 0x80, 0x1f, 0x8, 0x80,
    0x82, 0x80, 0xcc, 0x1, 0xe9, 0x0, 0x58, 0x30,
    0x3, 0x48, 0x3, 0x2b, 0x81, 0x98, 0x6, 0x40,
    0x76, 0x59, 0xee, 0x80, 0x1c, 0x1, 0x34, 0x0,
    0x1a, 0x61, 0x0, 0x70, 0x80, 0x33, 0xeb, 0x10,
    0x9, 0xc7, 0x98, 0x0,

    /* U+0037 "7" */
    0xaf, 0xff, 0xfe, 0x4, 0x0, 0x7f, 0xf0, 0xba,
    0x23, 0xf9, 0x40, 0x1e, 0x8e, 0xff, 0xc2, 0x0,
    0x60, 0xf, 0xe3, 0x40, 0x71, 0x0, 0xfe, 0x80,
    0x4, 0x80, 0x7f, 0x1a, 0x3, 0x88, 0x7, 0xf4,
    0x0, 0x24, 0x3, 0xf8, 0x90, 0x18, 0x40, 0x3f,
    0xa0, 0x1, 0x0, 0x1f, 0xc4, 0xa0, 0xc2, 0x1,
    0xfd, 0x0, 0x8, 0x0, 0xfe, 0x25, 0x6, 0x10,
    0xf, 0xeb, 0x0, 0x58, 0x7, 0xf0, 0xb0, 0x29,
    0x0, 0x7f, 0x40, 0x2, 0x0, 0x3f, 0x85, 0x81,
    0x48, 0x3, 0xfa, 0x40, 0x10, 0x1, 0xfc, 0x2e,
    0xa, 0x40, 0x1f, 0xd2, 0x0, 0x90, 0xf, 0xe1,
    0x70, 0x43, 0x0, 0xfc,

    /* U+0038 "8" */
    0x0, 0xc9, 0x5d, 0xfd, 0x8c, 0x1, 0xf5, 0xd9,
    0x44, 0x4, 0xe7, 0x48, 0x3, 0x5a, 0x1, 0x45,
    0x4a, 0x1, 0x60, 0x80, 0xd, 0x1, 0x75, 0xd5,
    0xae, 0x40, 0x64, 0x0, 0x80, 0xb, 0x0, 0xe6,
    0x30, 0x40, 0x7, 0x80, 0x4, 0x3, 0xcc, 0x2,
    0x0, 0xe0, 0x0, 0x80, 0x79, 0xc1, 0x80, 0xe,
    0x0, 0xb0, 0xe, 0x62, 0xf, 0x0, 0xd, 0x2,
    0xe3, 0x22, 0xd4, 0x83, 0x20, 0x4, 0xba, 0x66,
    0x9b, 0xa5, 0x1a, 0x90, 0xc, 0x5c, 0x60, 0x1c,
    0x36, 0xa0, 0x11, 0x61, 0x84, 0x6f, 0xf5, 0x10,
    0xd2, 0x80, 0x24, 0x43, 0x1c, 0x80, 0x57, 0x48,
    0x2c, 0x44, 0x80, 0xe6, 0x1, 0xe9, 0x1, 0x75,
    0x0, 0x60, 0x7, 0xc8, 0x0, 0xf0, 0xf, 0xfe,
    0x1b, 0x0, 0x34, 0x3, 0xe4, 0x0, 0x71, 0x18,
    0x32, 0x80, 0x71, 0x50, 0x1, 0x83, 0xc0, 0x15,
    0x6e, 0xad, 0x3a, 0x21, 0x2, 0x7, 0x84, 0x9,
    0x15, 0x2c, 0x0, 0x87, 0x0, 0x8f, 0x65, 0x4,
    0x4, 0xdf, 0x5c, 0x0,

    /* U+0039 "9" */
    0x0, 0xcb, 0x7b, 0xfd, 0x6a, 0x1, 0xe1, 0xba,
    0x42, 0x1, 0x4a, 0xb0, 0xe, 0xd4, 0x2, 0x79,
    0x72, 0x4, 0xb0, 0xa, 0xc, 0x17, 0x61, 0xa3,
    0x58, 0x11, 0x80, 0xc, 0x5, 0x40, 0x1d, 0x26,
    0x16, 0x4, 0x21, 0x60, 0x1f, 0x40, 0x11, 0x18,
    0x0, 0x40, 0x1f, 0x30, 0x1, 0x1c, 0x0, 0x20,
    0x1f, 0x8, 0x3, 0xc8, 0x1, 0x80, 0x1f, 0x50,
    0x0, 0xc5, 0x1, 0x8c, 0x3, 0x91, 0x80, 0x34,
    0x0, 0x31, 0xc8, 0xa, 0x2c, 0x4, 0x2, 0x39,
    0x0, 0x46, 0xfe, 0xb8, 0x59, 0x1, 0x80, 0x1b,
    0xc, 0x3, 0x1e, 0x20, 0x80, 0x80, 0x47, 0x9b,
    0x75, 0xb8, 0x60, 0x41, 0xa0, 0x1c, 0x48, 0xa4,
    0x0, 0x30, 0x3, 0x85, 0xd9, 0x40, 0x3e, 0xa0,
    0x22, 0x3, 0x24, 0x0, 0x78, 0x98, 0x14, 0x1,
    0x40, 0x52, 0x1, 0x87, 0xc0, 0x64, 0x0, 0xe4,
    0xd, 0x8e, 0xd3, 0xc4, 0x16, 0x20, 0x16, 0x10,
    0x1c, 0x4b, 0x0, 0x25, 0x40, 0x30, 0xec, 0x98,
    0x81, 0x36, 0xb0, 0x4,

    /* U+003A ":" */
    0x3d, 0xe3, 0x82, 0x1f, 0x10, 0x3, 0xc2, 0xa4,
    0x95, 0x59, 0x0, 0x7f, 0xf3, 0x6, 0xac, 0xad,
    0x52, 0x44, 0x0, 0xf0, 0x43, 0xe0,

    /* U+003B ";" */
    0x0, 0x57, 0xc0, 0x1, 0x54, 0xe, 0x40, 0x20,
    0x1c, 0x8e, 0x72, 0x40, 0x8, 0xc6, 0x0, 0xff,
    0xf0, 0x17, 0xfa, 0x80, 0xc, 0x0, 0xf0, 0x1,
    0x0, 0x10, 0x1, 0xe0, 0x42, 0x0, 0x20, 0x40,
    0x9, 0x43, 0x40, 0x21, 0x4, 0x0, 0x10, 0x18,
    0x4,

    /* U+003C "<" */
    0x0, 0xff, 0xe0, 0x31, 0x80, 0x7f, 0x9b, 0xa5,
    0xc0, 0x3f, 0x2e, 0xc8, 0x80, 0x7e, 0x4d, 0xa2,
    0x3, 0xb4, 0x0, 0xc9, 0x96, 0x40, 0x77, 0x88,
    0x1, 0x1e, 0x59, 0x81, 0xde, 0x20, 0x4, 0x57,
    0x86, 0x9, 0x78, 0x80, 0x1d, 0x8, 0x5, 0x96,
    0x80, 0x1f, 0x10, 0x0, 0xa4, 0x80, 0x3f, 0x46,
    0x18, 0x2e, 0xd1, 0x80, 0x7c, 0x79, 0x66, 0xb,
    0x96, 0x60, 0x1f, 0x26, 0x51, 0x2, 0x65, 0x98,
    0x7, 0xcb, 0xb4, 0x40, 0x99, 0x62, 0x1, 0xf2,
    0xec, 0x88, 0x22, 0x80, 0x7f, 0x37, 0x40, 0x80,
    0x7f, 0xf0, 0x1f, 0x94,

    /* U+003D "=" */
    0x45, 0x5f, 0xf8, 0xaa, 0xbf, 0xf8, 0xa, 0x1,
    0xff, 0xc1, 0xef, 0xff, 0xf9, 0xc0, 0x3f, 0xf9,
    0xc8, 0xab, 0xff, 0x15, 0x57, 0xff, 0x1, 0x40,
    0x3f, 0xf8, 0x20,

    /* U+003E ">" */
    0x73, 0x0, 0xff, 0xe0, 0x5e, 0x51, 0x0, 0x7f,
    0xf0, 0x17, 0x64, 0x40, 0x3f, 0x6b, 0x80, 0x1b,
    0xa4, 0x40, 0x3c, 0x31, 0xce, 0x0, 0x6e, 0x81,
    0x0, 0xf0, 0xc7, 0x40, 0x83, 0xf3, 0x80, 0x7c,
    0x2f, 0xd0, 0x21, 0x1c, 0xe0, 0x1f, 0x9f, 0xa0,
    0x6, 0x8, 0x3, 0xf3, 0x50, 0x0, 0x4c, 0x3,
    0xcd, 0xd2, 0x40, 0xfc, 0x20, 0x19, 0xfa, 0x44,
    0x1f, 0xa0, 0x3, 0x3f, 0x40, 0x83, 0x74, 0x8,
    0x4, 0xdd, 0x2, 0xb, 0xb2, 0x20, 0x1d, 0x42,
    0xb, 0xb4, 0x40, 0x1f, 0x93, 0x28, 0x80, 0x3f,
    0xba, 0xcc, 0x3, 0xfe,

    /* U+003F "?" */
    0x0, 0x9f, 0x3f, 0xdb, 0x2, 0x1, 0x17, 0x41,
    0x80, 0x9, 0xfd, 0x0, 0x18, 0x20, 0xb5, 0x6e,
    0x3, 0x62, 0xe2, 0x13, 0x4a, 0x91, 0x80, 0x9,
    0xc0, 0x16, 0x0, 0xc6, 0x80, 0x9b, 0x16, 0x1,
    0xe1, 0x2, 0x67, 0x50, 0xf, 0x38, 0x10, 0x7,
    0xe6, 0x20, 0x40, 0xf, 0x9e, 0x40, 0x64, 0x3,
    0x86, 0xe0, 0x7, 0x44, 0x3, 0xb1, 0x1, 0x3c,
    0xc0, 0x39, 0x88, 0x1a, 0xc4, 0x3, 0xd8, 0x0,
    0x90, 0xf, 0xc2, 0x6, 0x1, 0xfd, 0xaf, 0x20,
    0x1f, 0xcd, 0xa, 0x1, 0xff, 0xc9, 0x6b, 0x60,
    0xf, 0xc7, 0x29, 0x26, 0x1, 0xf3, 0x80, 0x4e,
    0x1, 0xf2, 0x30, 0x2a, 0x0, 0x60,

    /* U+0040 "@" */
    0x0, 0xfc, 0x93, 0x9d, 0xfe, 0xdc, 0x72, 0x0,
    0xff, 0xe0, 0xbf, 0x5b, 0x18, 0x80, 0x8, 0xe3,
    0x6c, 0x80, 0x3f, 0x87, 0x60, 0x44, 0xf7, 0xbd,
    0xcd, 0xa5, 0x4, 0xd6, 0x0, 0xf8, 0xbc, 0x82,
    0x7a, 0x10, 0x84, 0x44, 0xb5, 0xa8, 0x12, 0xe0,
    0x1e, 0xf1, 0x16, 0xb0, 0x7, 0xf1, 0x5b, 0x84,
    0x18, 0x6, 0x82, 0xd, 0x20, 0xf, 0xfe, 0x4,
    0x28, 0x70, 0x4, 0x2e, 0x10, 0x60, 0x11, 0xd7,
    0x7e, 0x31, 0x54, 0x80, 0x2c, 0x9, 0x40, 0xc,
    0x0, 0x60, 0x9, 0xb1, 0x44, 0xe, 0x79, 0x58,
    0x0, 0x2e, 0x1c, 0x0, 0xc0, 0x61, 0x0, 0x1c,
    0x82, 0xde, 0xda, 0x18, 0x7, 0x58, 0x20, 0x1,
    0x3, 0x0, 0x2f, 0x5, 0xa4, 0x24, 0xb3, 0x0,
    0xe3, 0x0, 0x19, 0x0, 0x1c, 0x0, 0x26, 0x16,
    0x1, 0xd4, 0x1, 0xe2, 0x7, 0x10, 0x1, 0x0,
    0x10, 0xc, 0x40, 0x39, 0x40, 0x3c, 0x20, 0x2e,
    0x1, 0xc6, 0xe, 0x1, 0xe1, 0x0, 0xf0, 0x80,
    0x7f, 0xf1, 0x44, 0x3, 0xf0, 0xb8, 0x7, 0x10,
    0x30, 0x7, 0x9c, 0x3, 0xc4, 0xe, 0x20, 0x2,
    0x0, 0x28, 0x11, 0x0, 0x3b, 0x0, 0x38, 0x40,
    0x6, 0x40, 0x7, 0x0, 0x9, 0x84, 0x80, 0x62,
    0x70, 0xe, 0x40, 0x30, 0x1, 0x86, 0x0, 0x50,
    0x9, 0x6a, 0x8f, 0x82, 0x0, 0x90, 0x3b, 0xa,
    0x0, 0x58, 0x30, 0x4, 0x8e, 0x9, 0x57, 0x3,
    0x48, 0xd, 0xf8, 0x26, 0xc0, 0x6, 0x0, 0x38,
    0x5, 0x16, 0x62, 0x7, 0x69, 0x6e, 0x40, 0x2d,
    0xa0, 0x10, 0xb0, 0x41, 0x0, 0x49, 0x9d, 0xf8,
    0x80, 0x8, 0xdf, 0xe9, 0x10, 0xd, 0x4, 0x18,
    0x40, 0x1f, 0xfc, 0x81, 0xe0, 0x1d, 0x70, 0xf,
    0xfe, 0x41, 0xe9, 0x4, 0x74, 0xa9, 0x8, 0x89,
    0x23, 0x30, 0x1, 0xfe, 0x2d, 0x81, 0x13, 0x56,
    0xf7, 0x36, 0xdc, 0xcc, 0x20, 0x1f, 0xf3, 0xf5,
    0xb9, 0x90, 0x0, 0x4d, 0xa7, 0x84, 0x3, 0x80,

    /* U+0041 "A" */
    0x0, 0xf8, 0x7f, 0xe4, 0x0, 0xff, 0xe1, 0x38,
    0x5, 0xc0, 0x1f, 0xfc, 0x2a, 0x3, 0x5, 0x0,
    0xff, 0xe0, 0x91, 0x87, 0x80, 0x14, 0x3, 0xff,
    0x80, 0xa0, 0x26, 0x81, 0xc0, 0x1f, 0xfc, 0xa,
    0x7, 0xd, 0x4, 0x10, 0xf, 0xf1, 0x10, 0x30,
    0x1c, 0x0, 0xe0, 0x1f, 0xea, 0x0, 0x28, 0x9,
    0x85, 0x0, 0x7f, 0x98, 0x14, 0x2, 0xb0, 0x32,
    0x0, 0xfc, 0x62, 0x1e, 0x1, 0x30, 0x2, 0x80,
    0x3f, 0x50, 0x1, 0x40, 0x21, 0x30, 0x50, 0xf,
    0xce, 0xa, 0x1, 0xd4, 0x4, 0x60, 0x1e, 0x41,
    0x0, 0x2a, 0xf0, 0x5, 0x40, 0x1e, 0xe0, 0x2,
    0xd5, 0x74, 0x80, 0x1c, 0x3, 0xca, 0x1, 0xff,
    0xa, 0x0, 0x65, 0x0, 0x57, 0xff, 0xdc, 0x0,
    0xe0, 0xd, 0xc0, 0x5, 0x0, 0xf8, 0x50, 0x14,
    0x2, 0x14, 0x5, 0x0, 0xfe, 0xe0, 0x2, 0x80,
    0x1c, 0x1, 0xc0, 0x1f, 0xca, 0x0, 0xe0, 0x5,
    0x0, 0x10, 0x3, 0xfc, 0xa0, 0x82, 0x23, 0x5,
    0x0, 0xff, 0xb8, 0x0, 0xe0,

    /* U+0042 "B" */
    0x8f, 0xff, 0xbb, 0x20, 0x40, 0x3f, 0xe1, 0x37,
    0xf4, 0x0, 0xe9, 0x9e, 0x84, 0x1, 0xb2, 0x0,
    0xce, 0xcd, 0x9e, 0xe8, 0x1, 0x60, 0x1f, 0xf2,
    0x98, 0x20, 0x7, 0xff, 0x1, 0x40, 0xc0, 0x3f,
    0xf8, 0x4, 0x6, 0x1, 0xff, 0x1a, 0x5, 0x0,
    0x7f, 0xb, 0xe0, 0x1b, 0x80, 0x6e, 0xff, 0xdd,
    0x3, 0x58, 0x1, 0xff, 0xc0, 0x18, 0x40, 0xe,
    0xbb, 0xea, 0x71, 0x2b, 0x60, 0xc, 0xa8, 0x99,
    0x63, 0xc8, 0x24, 0x40, 0x3f, 0xc3, 0xc0, 0x6,
    0x0, 0xff, 0x8c, 0x83, 0x40, 0x3f, 0xf8, 0x2,
    0x2, 0x1, 0xff, 0xc0, 0x30, 0x20, 0xf, 0xfa,
    0x80, 0x1a, 0x1, 0x3b, 0x37, 0x46, 0xa8, 0x1a,
    0x0, 0x53, 0x3e, 0x72, 0x3, 0xd0, 0xf, 0xf1,
    0x2d, 0x60, 0x80,

    /* U+0043 "C" */
    0x0, 0xf3, 0x5f, 0x7f, 0xb2, 0x48, 0x3, 0xf2,
    0xf4, 0xa0, 0x80, 0xd, 0xb6, 0x40, 0x3c, 0xf4,
    0x20, 0x2a, 0xee, 0x30, 0x3, 0x60, 0x6, 0x48,
    0x0, 0x4f, 0x54, 0x43, 0x34, 0xc0, 0xe8, 0x2,
    0xa0, 0x6, 0x30, 0x7, 0x16, 0x20, 0x29, 0x83,
    0x8, 0x41, 0x80, 0x7e, 0x90, 0x5, 0x5, 0x0,
    0xb8, 0x7, 0xf1, 0x31, 0x80, 0xc, 0x1c, 0x3,
    0xfe, 0x9c, 0x93, 0x0, 0x78, 0x7, 0xff, 0x9,
    0xc0, 0x4, 0x1, 0xff, 0xc2, 0x10, 0x3, 0x80,
    0x7f, 0xf0, 0x84, 0x0, 0xe0, 0x1f, 0xfc, 0x27,
    0x0, 0x10, 0x7, 0xff, 0x8, 0xc0, 0x1e, 0x1,
    0xff, 0xc3, 0x30, 0x70, 0xf, 0xfa, 0x72, 0x42,
    0x80, 0x5c, 0x3, 0xf8, 0x98, 0xc0, 0xc, 0x21,
    0x6, 0x1, 0xfb, 0x80, 0x14, 0x0, 0xb0, 0x6,
    0x30, 0x7, 0x1e, 0x18, 0x31, 0x80, 0x16, 0x0,
    0x13, 0xd5, 0x10, 0xcc, 0x18, 0x1c, 0x80, 0x67,
    0xa1, 0x1, 0x57, 0x71, 0x80, 0x1b, 0x0, 0x3c,
    0xbd, 0x28, 0x20, 0x2, 0x6d, 0x90, 0x8,

    /* U+0044 "D" */
    0x8f, 0xff, 0xba, 0xdc, 0x40, 0x3f, 0xf8, 0x22,
    0x91, 0xd0, 0x1, 0xf4, 0x4c, 0xd0, 0xe6, 0x0,
    0x7b, 0x0, 0xf3, 0x36, 0x78, 0xcc, 0x10, 0x24,
    0x80, 0x7f, 0xf0, 0xf, 0xc, 0x18, 0xc0, 0x3f,
    0xf8, 0x3, 0xc0, 0x9, 0x0, 0xff, 0xe0, 0x92,
    0x82, 0x80, 0x7f, 0xf0, 0xbc, 0x0, 0x80, 0x1f,
    0xfc, 0x17, 0x0, 0x10, 0x7, 0xff, 0x4, 0x80,
    0x1c, 0x1, 0xff, 0xd5, 0xf0, 0xf, 0xfe, 0x9,
    0x0, 0x4, 0x3, 0xff, 0x82, 0x80, 0x5, 0x0,
    0xff, 0xe0, 0xe0, 0x0, 0xc0, 0x3f, 0xf8, 0x6,
    0xa0, 0xa0, 0x1f, 0xfc, 0x1, 0xe0, 0x4, 0x0,
    0x7f, 0xc9, 0xe4, 0xe, 0x40, 0x19, 0x9b, 0x3c,
    0xed, 0x88, 0x2c, 0x0, 0x74, 0x4c, 0xd0, 0xc4,
    0x0, 0x8a, 0x0, 0xff, 0x85, 0x27, 0x9c, 0x3,
    0x0,

    /* U+0045 "E" */
    0x8f, 0xff, 0xfb, 0x80, 0x3f, 0xf8, 0x93, 0x3f,
    0xd6, 0x1, 0x3b, 0x37, 0xe5, 0x0, 0xff, 0xfc,
    0x77, 0xff, 0xe3, 0x0, 0xff, 0xe2, 0x4c, 0xff,
    0x10, 0x4, 0xec, 0xdf, 0x84, 0x3, 0xff, 0xf0,
    0xec, 0xdf, 0xc0, 0x14, 0xcf, 0xf8, 0x3, 0xff,
    0x82,

    /* U+0046 "F" */
    0x8f, 0xff, 0xfb, 0x0, 0x3f, 0xf8, 0x93, 0x3f,
    0xd0, 0x1, 0x3b, 0x37, 0xe4, 0x0, 0xff, 0xfc,
    0x3b, 0x37, 0xca, 0x1, 0xa6, 0x7f, 0x40, 0x7,
    0xff, 0x17, 0xbf, 0xfe, 0xd0, 0xf, 0xff, 0xf8,
    0x7, 0xff, 0x48,

    /* U+0047 "G" */
    0x0, 0xe1, 0x7b, 0xef, 0xec, 0x82, 0x0, 0xfe,
    0x5f, 0x84, 0x10, 0x13, 0x7d, 0x90, 0xf, 0x9e,
    0x84, 0x5, 0x5d, 0xc6, 0x0, 0x6c, 0x10, 0xc,
    0xb0, 0x0, 0x9e, 0xa8, 0x86, 0x60, 0xc0, 0xe8,
    0x3, 0x58, 0x3, 0x18, 0x3, 0x8f, 0xc, 0x11,
    0x0, 0x6, 0x10, 0x83, 0x0, 0xfd, 0xe0, 0xf,
    0x0, 0x50, 0xb, 0x80, 0x7f, 0x1c, 0xc6, 0x0,
    0xc, 0x1c, 0x3, 0xfe, 0x67, 0x70, 0x18, 0x3,
    0xc0, 0x3f, 0xf8, 0x6e, 0x0, 0x20, 0xf, 0xfe,
    0x18, 0x80, 0x1c, 0x3, 0xd5, 0xff, 0xf1, 0x8,
    0x1, 0xc0, 0x3f, 0xf8, 0x6e, 0x0, 0x20, 0xf,
    0x4d, 0x56, 0x40, 0x8, 0xc0, 0x1e, 0x1, 0xe3,
    0x55, 0xc6, 0x0, 0x30, 0x30, 0x70, 0xf, 0xf9,
    0x0, 0x44, 0x14, 0x2, 0xe0, 0x1f, 0xc4, 0x60,
    0x80, 0x6, 0x10, 0x83, 0x0, 0xfd, 0xc0, 0xe,
    0x0, 0xac, 0x1, 0x8c, 0x1, 0xc5, 0x86, 0xa,
    0x80, 0x12, 0xc0, 0x2, 0x7a, 0xa2, 0x6f, 0x4c,
    0xe, 0x80, 0x39, 0xe8, 0x40, 0x55, 0xd9, 0x0,
    0xb, 0x80, 0x1f, 0x2f, 0x4a, 0x8, 0x0, 0x9b,
    0x28, 0x3, 0x0,

    /* U+0048 "H" */
    0x8f, 0xf0, 0x80, 0x7f, 0x27, 0xf9, 0x40, 0x3f,
    0xff, 0xe0, 0x1f, 0xff, 0x4e, 0xff, 0xfe, 0xb0,
    0xf, 0xfe, 0x5c, 0xcf, 0xf9, 0xc0, 0x3c, 0xec,
    0xdf, 0xd8, 0x1, 0xff, 0xff, 0x0, 0xff, 0xfa,
    0x0,

    /* U+0049 "I" */
    0x8f, 0xf0, 0x80, 0x7f, 0xff, 0xc0, 0x38,

    /* U+004A "J" */
    0x0, 0xfe, 0x1f, 0xf4, 0x0, 0x7f, 0xff, 0xc0,
    0x3f, 0xff, 0xe0, 0x1e, 0x35, 0x50, 0x7, 0xfa,
    0xaa, 0x0, 0xff, 0xe0, 0x88, 0x7, 0x18, 0x3,
    0xfc, 0x0, 0x50, 0xe, 0x40, 0x1, 0x20, 0x2,
    0x44, 0x2, 0x18, 0x0, 0x21, 0x28, 0x17, 0xc3,
    0x47, 0x88, 0x38, 0x85, 0x20, 0xb, 0xcb, 0x88,
    0x2c, 0x0, 0x57, 0x48, 0x20, 0x29, 0x74, 0x0,

    /* U+004B "K" */
    0x8f, 0xf0, 0x80, 0x7e, 0xcf, 0xf4, 0x80, 0x7f,
    0xf0, 0x2c, 0xc1, 0x64, 0x3, 0xfe, 0xa4, 0x4,
    0xa0, 0xf, 0xfa, 0x14, 0xe, 0xc0, 0x3f, 0xe6,
    0x70, 0x2d, 0x0, 0xff, 0x96, 0x40, 0x7c, 0x40,
    0x3f, 0xc7, 0x40, 0xd, 0x20, 0xf, 0xc2, 0x5,
    0xa0, 0xb, 0x30, 0xf, 0xf0, 0xe0, 0x85, 0x20,
    0x7, 0xfd, 0xa2, 0x0, 0x70, 0xf, 0xfa, 0x4c,
    0x2, 0xe0, 0xf, 0xf9, 0x82, 0x18, 0xd, 0xc0,
    0x3f, 0xe7, 0x74, 0x90, 0x41, 0x0, 0x7f, 0x2c,
    0x0, 0x38, 0x1, 0xe0, 0x1f, 0xd6, 0x1, 0x1b,
    0x81, 0x40, 0x7, 0xff, 0x6, 0x8, 0x1c, 0xc0,
    0x3f, 0xf8, 0x3e, 0x0, 0xe0, 0xf, 0xfe, 0x9,
    0x40, 0x14, 0x80, 0x7f, 0xf0, 0x5c, 0xc1, 0x90,
    0x3, 0xff, 0x83, 0xc0, 0xa, 0x10, 0xf, 0xfe,
    0x1, 0x48, 0xd, 0x80,

    /* U+004C "L" */
    0x8f, 0xf0, 0x80, 0x7f, 0xff, 0xc0, 0x3f, 0xff,
    0xe0, 0x1f, 0xff, 0xf0, 0xf, 0xce, 0xcd, 0xf8,
    0xc0, 0x29, 0x9f, 0xeb, 0x0, 0xff, 0xe0, 0x80,

    /* U+004D "M" */
    0x8f, 0xf9, 0x40, 0x3f, 0xe1, 0xff, 0xb4, 0x3,
    0x70, 0x7, 0xfc, 0xc0, 0x1f, 0x90, 0x40, 0x3f,
    0xd4, 0x1, 0xe1, 0x0, 0x30, 0x7, 0xf1, 0x10,
    0xc, 0x3, 0x1a, 0x85, 0x0, 0x7f, 0x50, 0x13,
    0x0, 0x63, 0xf0, 0x23, 0x0, 0xfc, 0xc0, 0xa0,
    0x1e, 0x50, 0x5, 0x0, 0x7c, 0x82, 0x16, 0x20,
    0x1e, 0x50, 0x60, 0xf, 0xb8, 0x8, 0xc0, 0x3e,
    0xe0, 0x2, 0x80, 0x70, 0xa8, 0x28, 0x7, 0x84,
    0x10, 0x42, 0x40, 0x39, 0xc0, 0x14, 0x1, 0xfc,
    0xc0, 0x64, 0x1, 0xa8, 0xc, 0x80, 0x3f, 0xa8,
    0x1, 0x40, 0x11, 0x18, 0x50, 0x7, 0xf8, 0x8c,
    0x18, 0x2, 0xa0, 0x3, 0x0, 0x7f, 0xd4, 0x2,
    0x80, 0x6, 0x6, 0x0, 0xff, 0xe0, 0x30, 0x3,
    0x40, 0xc4, 0x28, 0x3, 0xff, 0x82, 0xc0, 0xe1,
    0x40, 0x46, 0x1, 0xff, 0xc1, 0xa0, 0x13, 0x40,
    0xa0, 0xf, 0xfe, 0x11, 0x90, 0x49, 0x3, 0x0,
    0x7f, 0xf0, 0xe8, 0x14, 0x10, 0x40, 0x3f, 0xf8,
    0x6c, 0x1, 0x70, 0x7, 0xff, 0x10, 0x54, 0x5,
    0x40, 0x3f, 0x0,

    /* U+004E "N" */
    0x8f, 0xf6, 0x80, 0x7f, 0xbf, 0xd4, 0x1, 0x13,
    0x80, 0x7f, 0xf1, 0x20, 0x40, 0x3f, 0xf8, 0x22,
    0x20, 0xb0, 0xf, 0xfe, 0x14, 0x2, 0xa0, 0x7,
    0xff, 0x0, 0x58, 0x82, 0x40, 0x3f, 0xf8, 0x50,
    0x5, 0x0, 0x1f, 0xfc, 0x15, 0x40, 0x72, 0x0,
    0xff, 0x84, 0x24, 0x1, 0xc0, 0x1f, 0xfc, 0x12,
    0x70, 0x36, 0x0, 0xff, 0xe0, 0xc0, 0x84, 0x8,
    0x7, 0xff, 0x6, 0xc0, 0x60, 0x3, 0xff, 0x82,
    0xa8, 0xc, 0x60, 0x1f, 0xfc, 0x1a, 0x0, 0x70,
    0x7, 0xff, 0x4, 0x60, 0x9, 0x80, 0x3f, 0xf8,
    0x2e, 0x41, 0x0, 0x20, 0x1f, 0xfc, 0xe, 0x1,
    0x80, 0xf, 0xfe, 0x9, 0xb0, 0x38, 0x7, 0xff,
    0xa, 0x4, 0x4, 0x3, 0xff, 0x82, 0x30, 0x1,
    0xff, 0xc4, 0x63, 0x0, 0x80,

    /* U+004F "O" */
    0x0, 0xf3, 0x5f, 0x7f, 0xb6, 0x8, 0x3, 0xf9,
    0x3a, 0x50, 0x40, 0x4, 0xfb, 0x20, 0x1f, 0x35,
    0x88, 0xa, 0xbb, 0x18, 0x1, 0xb0, 0x40, 0x32,
    0x48, 0x2, 0x7a, 0xa2, 0x73, 0x4c, 0xe, 0x80,
    0x35, 0x0, 0x31, 0x80, 0x38, 0xb1, 0x1, 0x14,
    0x0, 0xc2, 0x10, 0x60, 0x1f, 0xa8, 0x1, 0x0,
    0xa, 0x1, 0x70, 0xf, 0xe1, 0x70, 0x22, 0x1,
    0x83, 0x80, 0x7f, 0xd6, 0x0, 0x53, 0x0, 0x78,
    0x7, 0xfc, 0x60, 0xe, 0x70, 0x1, 0x0, 0x7f,
    0xf0, 0x4, 0x8, 0x40, 0xe, 0x1, 0xff, 0xc0,
    0x20, 0x0, 0x80, 0x1c, 0x3, 0xff, 0x80, 0x40,
    0x7, 0x0, 0x10, 0x7, 0xff, 0x0, 0x40, 0x8c,
    0x1, 0xe0, 0x1f, 0xf1, 0x80, 0x38, 0xc, 0x1c,
    0x3, 0xfe, 0xb0, 0x2, 0x5, 0x0, 0xb8, 0x7,
    0xf0, 0xb8, 0x11, 0x83, 0x8, 0x41, 0x80, 0x7e,
    0xa0, 0x4, 0x0, 0x54, 0x0, 0xc6, 0x0, 0xe2,
    0xc4, 0x4, 0x50, 0x9, 0x20, 0x1, 0x3d, 0x51,
    0x39, 0xa6, 0x7, 0x40, 0x1c, 0xf4, 0x20, 0x2a,
    0xec, 0x60, 0x6, 0xc1, 0x0, 0xf2, 0xf4, 0xa0,
    0x80, 0x9, 0xb6, 0x40, 0x30,

    /* U+0050 "P" */
    0x8f, 0xff, 0xbb, 0x18, 0x40, 0x3f, 0xe1, 0x39,
    0xf3, 0x0, 0xe9, 0xaa, 0xa6, 0xc, 0x7, 0x8,
    0x3, 0x3a, 0xac, 0xcf, 0x92, 0x0, 0x80, 0xf,
    0xf9, 0x94, 0x14, 0x40, 0x3f, 0xef, 0x0, 0x28,
    0x7, 0xfc, 0xc0, 0x1, 0x0, 0xff, 0x9c, 0x0,
    0x20, 0x1f, 0xf6, 0x0, 0x18, 0x3, 0xfc, 0x4e,
    0x4, 0x40, 0xf, 0xc2, 0xd8, 0x0, 0x80, 0xd,
    0xdf, 0xfb, 0xa4, 0x41, 0xd4, 0x3, 0xfe, 0x3a,
    0x80, 0xe, 0x9a, 0xad, 0x7b, 0x8a, 0x1, 0xe7,
    0x55, 0xc8, 0x40, 0x1f, 0xff, 0xf0, 0xf, 0xfe,
    0x40,

    /* U+0051 "Q" */
    0x0, 0xf3, 0x5f, 0x7f, 0xb6, 0x8, 0x3, 0xf9,
    0x3a, 0x50, 0x40, 0x4, 0xfb, 0x20, 0x1f, 0x35,
    0x88, 0xa, 0xbb, 0x18, 0x1, 0xb0, 0x40, 0x32,
    0x48, 0x2, 0x7a, 0xa2, 0x73, 0x4c, 0xe, 0x80,
    0x35, 0x0, 0x31, 0x80, 0x38, 0xb1, 0x1, 0x14,
    0x0, 0xc2, 0x10, 0x60, 0x1f, 0xa8, 0x1, 0x0,
    0xa, 0x1, 0x70, 0xf, 0xe1, 0x70, 0x22, 0x1,
    0x83, 0x80, 0x7f, 0xd6, 0x0, 0x53, 0x0, 0x78,
    0x7, 0xfc, 0x60, 0xe, 0x70, 0x1, 0x0, 0x7f,
    0xf0, 0x4, 0x8, 0x40, 0xe, 0x1, 0xff, 0xc0,
    0x20, 0x0, 0x80, 0x1c, 0x3, 0xff, 0x80, 0x40,
    0x7, 0x0, 0x10, 0x7, 0xff, 0x0, 0x40, 0x8c,
    0x1, 0xe0, 0x1f, 0xf1, 0x80, 0x38, 0xc, 0x1c,
    0x3, 0xa6, 0xe4, 0x2, 0xb0, 0x2, 0x5, 0x0,
    0xb8, 0x6, 0xa4, 0x68, 0x1, 0x70, 0x23, 0x6,
    0x10, 0x83, 0x0, 0x8e, 0x1, 0xd6, 0x80, 0x10,
    0x1, 0x50, 0x3, 0x18, 0x2, 0x75, 0xa, 0x40,
    0x45, 0x0, 0x92, 0x0, 0x13, 0xd5, 0x12, 0xe0,
    0x11, 0x50, 0x7, 0x3d, 0x8, 0xa, 0xbb, 0x10,
    0x4, 0x82, 0x1, 0xe5, 0xe9, 0x41, 0x0, 0x13,
    0x30, 0x19, 0x0, 0x3f, 0x35, 0xf7, 0xfb, 0x66,
    0x4a, 0x14, 0x20, 0x1f, 0xfc, 0x3a, 0x86, 0x50,

    /* U+0052 "R" */
    0x8f, 0xff, 0xbb, 0x1c, 0x40, 0x3f, 0xf8, 0x2,
    0x71, 0xe8, 0x1, 0xe9, 0xaa, 0xa6, 0xc, 0x6,
    0xc8, 0x3, 0x9d, 0x56, 0x67, 0xca, 0x0, 0x48,
    0x7, 0xff, 0x1, 0x54, 0x8, 0x20, 0x1f, 0xfc,
    0xf, 0x0, 0x28, 0x7, 0xff, 0x1, 0x80, 0x2,
    0x1, 0xff, 0xc0, 0x70, 0x0, 0x80, 0x7f, 0xf0,
    0x34, 0x0, 0xa0, 0x1f, 0xf2, 0xb0, 0x18, 0x80,
    0x66, 0x6e, 0x7b, 0xa0, 0x7, 0x80, 0x74, 0x4c,
    0xe8, 0x40, 0x5, 0x18, 0x7, 0xff, 0x7, 0x94,
    0x3, 0xdd, 0xff, 0x8c, 0x0, 0x60, 0x1f, 0xfc,
    0x8, 0x0, 0x40, 0x7, 0xff, 0x1, 0x10, 0xa,
    0x60, 0x1f, 0xfc, 0x8, 0x0, 0x78, 0x7, 0xff,
    0x0, 0xd4, 0xd, 0x0, 0x3f, 0xf8, 0x10, 0x0,
    0x90, 0xf, 0xfe, 0x1, 0x30, 0x12, 0x80, 0x7f,
    0xf0, 0x20, 0x1, 0x0,

    /* U+0053 "S" */
    0x0, 0xc7, 0x3b, 0xdf, 0xb4, 0xa0, 0x1f, 0x4e,
    0x31, 0x8, 0x12, 0xd6, 0x10, 0x6, 0xb6, 0x1,
    0x69, 0x93, 0x88, 0x1e, 0x8, 0x1, 0x50, 0x17,
    0xa5, 0x99, 0x1d, 0x0, 0x30, 0x0, 0xf0, 0x1a,
    0x0, 0xf3, 0xa0, 0x38, 0x1, 0x81, 0x40, 0x3f,
    0x44, 0x24, 0x3, 0x30, 0x7, 0xe3, 0x77, 0x0,
    0x2c, 0xa, 0x0, 0x3f, 0xf8, 0xe, 0x40, 0xfa,
    0xc2, 0x1, 0xfe, 0xc4, 0x2, 0x9e, 0xc8, 0x30,
    0xf, 0x86, 0xec, 0x80, 0x3, 0x7c, 0xd5, 0x0,
    0xf9, 0x2f, 0xe9, 0x84, 0xa, 0xac, 0x3, 0xf9,
    0x67, 0xac, 0xc1, 0x24, 0x3, 0xfe, 0x4c, 0x50,
    0x61, 0x0, 0xff, 0xe0, 0x48, 0x1, 0x53, 0x30,
    0x80, 0x1f, 0xf0, 0xb1, 0x9b, 0x80, 0x3f, 0x50,
    0x1, 0xc8, 0xc1, 0x5c, 0x3, 0xce, 0xc0, 0x64,
    0x1e, 0x0, 0x8e, 0x97, 0x74, 0xf4, 0x0, 0x3c,
    0x0, 0x78, 0x40, 0x2d, 0x10, 0x61, 0x2, 0xc3,
    0x0, 0x8f, 0x65, 0x8, 0x0, 0x49, 0x5a, 0x60,
    0x0,

    /* U+0054 "T" */
    0xaf, 0xff, 0xfe, 0x15, 0x80, 0x7f, 0xf1, 0x26,
    0x7c, 0xe0, 0x6, 0x99, 0xef, 0x36, 0x6e, 0xc0,
    0x6, 0x33, 0x72, 0x0, 0x7f, 0xff, 0xc0, 0x3f,
    0xff, 0xe0, 0x1f, 0xff, 0xf0, 0xf, 0xff, 0x18,

    /* U+0055 "U" */
    0x8f, 0xf0, 0x80, 0x7f, 0x1f, 0xf9, 0x80, 0x3f,
    0xff, 0xe0, 0x1f, 0xff, 0xf0, 0xf, 0xff, 0xd1,
    0xf0, 0x0, 0x80, 0x3f, 0x98, 0x0, 0x24, 0x0,
    0x40, 0xf, 0xef, 0x0, 0x32, 0x8, 0x49, 0x0,
    0x7c, 0x6a, 0x6, 0x41, 0x20, 0x3e, 0x60, 0x1c,
    0x9a, 0x0, 0x80, 0x3, 0xa8, 0x16, 0x62, 0x62,
    0x76, 0xc4, 0x1d, 0x0, 0x2a, 0x70, 0x1, 0xb3,
    0xb1, 0x0, 0x26, 0x0, 0x3a, 0x35, 0xcc, 0x40,
    0x4e, 0x39, 0x80, 0x20,

    /* U+0056 "V" */
    0x1f, 0xf4, 0x80, 0x7f, 0xcb, 0xfe, 0x61, 0x40,
    0x60, 0xf, 0xfb, 0xc0, 0xe, 0x1a, 0x0, 0x50,
    0xf, 0xf2, 0x82, 0x8, 0x38, 0x3, 0xc0, 0x3f,
    0x94, 0x1, 0xc0, 0x1, 0x50, 0x50, 0xf, 0xef,
    0x0, 0x28, 0x5, 0xe0, 0x5, 0x0, 0xfc, 0xa0,
    0xa0, 0x19, 0x44, 0x38, 0x3, 0xe5, 0x0, 0x78,
    0x7, 0x38, 0x20, 0x80, 0x7b, 0xc0, 0x54, 0x3,
    0xb4, 0x0, 0xe0, 0x1e, 0x50, 0x70, 0xf, 0x20,
    0x86, 0x80, 0x72, 0x80, 0x34, 0x3, 0xe6, 0x4,
    0x10, 0xd, 0xc0, 0x28, 0x1, 0xf5, 0x0, 0x1c,
    0x3, 0x20, 0x30, 0x7, 0xe2, 0x20, 0x50, 0x4,
    0xa0, 0xb, 0x0, 0xfe, 0xa0, 0x31, 0x0, 0x78,
    0x11, 0x80, 0x7f, 0x30, 0x1, 0xc0, 0xa, 0x14,
    0x1, 0xfe, 0x13, 0xd, 0x5, 0x0, 0x28, 0x7,
    0xfd, 0x40, 0x81, 0x80, 0x64, 0x1, 0xff, 0x38,
    0x1, 0x5c, 0x28, 0x3, 0xff, 0x80, 0x28, 0x12,
    0x20, 0xe0, 0x1f, 0xfc, 0x1e, 0x3, 0x4, 0x10,
    0xf, 0xfe, 0xa, 0x80, 0x5a, 0x1, 0xf0,

    /* U+0057 "W" */
    0x2f, 0xf3, 0x80, 0x7e, 0xdf, 0xf3, 0x0, 0x7e,
    0xef, 0xb2, 0x10, 0xc0, 0xf, 0x84, 0x80, 0x18,
    0x1, 0xf1, 0x8, 0x60, 0x38, 0x20, 0x7, 0xc8,
    0x1, 0x20, 0x7, 0xc8, 0x0, 0x40, 0xc0, 0x1,
    0x80, 0x7b, 0x0, 0x80, 0x48, 0x3, 0xd8, 0x2,
    0x60, 0x80, 0x4, 0x0, 0xf2, 0x2, 0x80, 0x10,
    0x3, 0xc8, 0x8, 0x0, 0x12, 0xc, 0x0, 0xe1,
    0x20, 0xc4, 0xc, 0x0, 0xe2, 0x10, 0xc0, 0x9,
    0x1, 0x0, 0x39, 0x0, 0xb, 0x80, 0x80, 0x1c,
    0x80, 0x4, 0x0, 0xb4, 0x0, 0x60, 0x1b, 0x0,
    0x84, 0xc0, 0x48, 0x3, 0x60, 0x9, 0x0, 0x48,
    0x0, 0x40, 0xc, 0x80, 0x80, 0x80, 0x4, 0x0,
    0xc8, 0xe, 0x1, 0xc6, 0x18, 0x1, 0x9, 0x6,
    0x80, 0x10, 0x30, 0x2, 0x21, 0xc, 0x0, 0xe4,
    0x4, 0x0, 0x90, 0x0, 0x80, 0xc, 0x4, 0x0,
    0x90, 0x0, 0x80, 0x1d, 0x60, 0x3, 0x0, 0x60,
    0x18, 0x4, 0x80, 0x26, 0x0, 0xc0, 0x21, 0x0,
    0xe3, 0x0, 0x20, 0x1, 0x1, 0x0, 0x23, 0x0,
    0x20, 0x1, 0x1, 0x40, 0x3e, 0x40, 0xc0, 0x12,
    0xc, 0x0, 0xc8, 0x18, 0x4, 0x21, 0x80, 0x1f,
    0x60, 0x20, 0x20, 0x1, 0x0, 0x36, 0x82, 0x82,
    0x0, 0x10, 0x3, 0xe4, 0x0, 0x16, 0x2, 0x0,
    0x72, 0x0, 0x96, 0x1, 0x80, 0x7e, 0x31, 0x4,
    0x40, 0x60, 0x7, 0x10, 0x82, 0x38, 0x58, 0x7,
    0xf2, 0x6, 0x10, 0x20, 0x7, 0x90, 0x30, 0x81,
    0x0, 0x3f, 0xb0, 0x14, 0x0, 0x60, 0x1e, 0xc0,
    0x50, 0x1, 0x80, 0x7f, 0x20, 0x4, 0x80, 0x1f,
    0x38, 0x4, 0x80, 0x1f, 0xe2, 0x20, 0x3, 0x40,
    0x3e, 0x12, 0x0, 0x68, 0x7, 0x0,

    /* U+0058 "X" */
    0x6, 0xff, 0x40, 0x7, 0xf2, 0xff, 0xa4, 0x0,
    0xc6, 0xe, 0x60, 0x1f, 0xd, 0x81, 0x48, 0x5,
    0xc0, 0xe, 0x0, 0xfa, 0xc4, 0x24, 0x3, 0x14,
    0x81, 0x40, 0x7, 0x2a, 0x81, 0x90, 0x3, 0x98,
    0xc1, 0xcc, 0x2, 0x1b, 0x2, 0x90, 0xf, 0xb8,
    0x1, 0xc0, 0x15, 0x8, 0x70, 0x7, 0xe2, 0x90,
    0x27, 0x4, 0x40, 0x39, 0x80, 0x7f, 0x32, 0x4,
    0xc, 0x81, 0x40, 0x7, 0xfd, 0x20, 0xe, 0x20,
    0xe0, 0xf, 0xfe, 0x1, 0x48, 0x4, 0xe6, 0x1,
    0xff, 0xc1, 0x40, 0xb, 0x40, 0x3f, 0xf8, 0x5c,
    0x1, 0x58, 0x80, 0x7f, 0xf0, 0x1c, 0xc2, 0x0,
    0x6c, 0x3, 0xfe, 0x28, 0x4, 0x76, 0x5, 0x50,
    0x7, 0xfb, 0x80, 0x12, 0x10, 0x21, 0x62, 0x1,
    0xf9, 0xcc, 0x20, 0x80, 0x6c, 0x6, 0xc0, 0x3e,
    0x38, 0x3, 0x70, 0x9, 0x54, 0xa, 0xa0, 0xf,
    0x70, 0x3, 0x80, 0x3a, 0xc4, 0x2c, 0x40, 0x34,
    0x10, 0x49, 0x0, 0x70, 0xd8, 0xd, 0x80, 0x46,
    0xe0, 0x8c, 0x1, 0xf2, 0xa8, 0x15, 0x40, 0xe,
    0x0, 0x50, 0x7, 0xf5, 0x88, 0x58, 0x80,

    /* U+0059 "Y" */
    0x1e, 0xfe, 0x10, 0xf, 0xe1, 0xef, 0xe1, 0x14,
    0x0, 0xc0, 0x7, 0xf4, 0x8, 0x40, 0x83, 0x18,
    0x31, 0x80, 0x7c, 0x6c, 0x6, 0xc0, 0x17, 0x0,
    0x3c, 0x3, 0xef, 0x0, 0x78, 0x6, 0x26, 0x3,
    0x60, 0xe, 0x53, 0x6, 0x30, 0xe, 0x91, 0x8,
    0x10, 0xd, 0x60, 0x32, 0x1, 0xf5, 0x80, 0xc0,
    0x5, 0x2, 0x16, 0x1, 0xf9, 0x50, 0x18, 0x80,
    0x9c, 0xd, 0x40, 0x3f, 0xa4, 0x1, 0x21, 0x0,
    0xe, 0x0, 0xff, 0x13, 0x82, 0x2a, 0x81, 0xc8,
    0x3, 0xfe, 0x81, 0xa, 0x1, 0x80, 0xf, 0xfe,
    0xd, 0x80, 0x56, 0x1, 0xff, 0xc2, 0x52, 0x2,
    0x50, 0xf, 0xfe, 0x18, 0x80, 0x80, 0x7f, 0xff,
    0xc0, 0x3f, 0xfe, 0xc0,

    /* U+005A "Z" */
    0x5f, 0xff, 0xfe, 0xe, 0x80, 0x7f, 0xf0, 0xd2,
    0xab, 0xfc, 0xc0, 0xa, 0x15, 0x5f, 0xe4, 0x70,
    0x37, 0x0, 0xff, 0x58, 0x87, 0x0, 0x7f, 0x95,
    0x41, 0x4, 0x1, 0xfc, 0x36, 0x4, 0xe0, 0x1f,
    0xeb, 0x10, 0xe0, 0xf, 0xf2, 0x28, 0x39, 0x80,
    0x7f, 0xa8, 0xa, 0x0, 0x3f, 0xd2, 0x21, 0xc0,
    0x1f, 0xe4, 0x60, 0x63, 0x0, 0xff, 0x48, 0x14,
    0x80, 0x7f, 0xa4, 0x82, 0x40, 0x3f, 0xc6, 0xc0,
    0xc8, 0x1, 0xfe, 0xe0, 0x18, 0x0, 0xff, 0x41,
    0x5, 0x8, 0x7, 0xf1, 0xb8, 0x32, 0x0, 0x7f,
    0xbc, 0x1, 0x88, 0x9f, 0xe3, 0x30, 0x2, 0xae,
    0xff, 0xc0, 0x1f, 0xfc, 0x30,

    /* U+005B "[" */
    0x22, 0xe1, 0xcd, 0xdd, 0x20, 0x1f, 0xa3, 0xfd,
    0x0, 0x1f, 0xff, 0xf0, 0xf, 0xff, 0x1f, 0x91,
    0x4, 0x0, 0xfb, 0xa9, 0x0, 0xf0,

    /* U+005C "\\" */
    0x3f, 0xf0, 0x7, 0xc6, 0x0, 0x40, 0xf, 0x90,
    0x30, 0x3, 0xec, 0x5, 0x0, 0xf9, 0x0, 0x84,
    0x3, 0xc6, 0x20, 0x80, 0x1f, 0x20, 0x60, 0x7,
    0xd8, 0x8, 0x1, 0xf2, 0x1, 0x10, 0x3, 0xc4,
    0x20, 0x80, 0x1f, 0x38, 0x60, 0x7, 0xd8, 0x8,
    0x1, 0xf2, 0x0, 0x90, 0x7, 0x84, 0x81, 0x40,
    0x3e, 0x40, 0xc0, 0xf, 0xb4, 0x10, 0x3, 0xe4,
    0x0, 0x18, 0x7, 0xc6, 0x8, 0x1, 0xf2, 0x5,
    0x80, 0x7d, 0x80, 0x60, 0x1f, 0x20, 0x1, 0x0,
    0x3e, 0x40, 0xc0, 0xf, 0xb0, 0x10, 0x3, 0xe4,
    0x3, 0x10, 0xf, 0x18, 0x82, 0x0,

    /* U+005D "]" */
    0x2, 0x2e, 0x5, 0xdd, 0xe2, 0x0, 0xf9, 0x7f,
    0xd8, 0x1, 0xff, 0xff, 0x0, 0xff, 0xfc, 0x91,
    0x18, 0x2, 0x5d, 0xd5, 0x0, 0x7f, 0x80,

    /* U+005E "^" */
    0x0, 0xc2, 0x30, 0x7, 0xe1, 0xee, 0x8c, 0x3,
    0xe9, 0x0, 0xa0, 0x3, 0xe7, 0x6, 0x4, 0x20,
    0xe, 0x70, 0x29, 0x50, 0x80, 0xe, 0x90, 0xb0,
    0x90, 0x52, 0x0, 0x98, 0x44, 0xc0, 0x66, 0xb,
    0x0, 0xac, 0x18, 0x2, 0x90, 0x61, 0x5, 0x20,
    0x90, 0x9, 0x48, 0x24, 0x9, 0x60, 0x40, 0x34,
    0xa8, 0x80,

    /* U+005F "_" */
    0x55, 0xff, 0xe0, 0x25, 0x57, 0xff, 0x2, 0x0,
    0x3f, 0xf8, 0x20,

    /* U+0060 "`" */
    0x22, 0x80, 0x15, 0xba, 0x10, 0x82, 0x9, 0x0,
    0x48, 0x38, 0x82, 0x28, 0x30,

    /* U+0061 "a" */
    0x0, 0x92, 0xbb, 0xfb, 0x20, 0x40, 0x35, 0x5a,
    0x88, 0x9, 0xbf, 0x98, 0x2, 0x94, 0xa, 0x6e,
    0xce, 0x3, 0xc0, 0x28, 0x9, 0xac, 0x88, 0x8a,
    0x2, 0x41, 0xeb, 0xa0, 0xe, 0x50, 0x1, 0x80,
    0x10, 0x40, 0x3f, 0x78, 0x7, 0x12, 0xbc, 0xe8,
    0x0, 0x40, 0xb, 0x7f, 0xb5, 0xc, 0x40, 0x1a,
    0xe9, 0x0, 0x51, 0xa7, 0x44, 0x0, 0xc8, 0xb,
    0xbd, 0x72, 0xc4, 0x1, 0x60, 0x15, 0x10, 0x7,
    0x8, 0x0, 0x41, 0x80, 0x3c, 0x80, 0x11, 0x2,
    0x8, 0x6, 0x19, 0x0, 0xa8, 0x1, 0xee, 0x8b,
    0x1e, 0x62, 0x0, 0x38, 0x1, 0x8b, 0xa7, 0x1a,
    0x30, 0x9, 0xed, 0x44, 0x5, 0x75, 0x0, 0x20,

    /* U+0062 "b" */
    0xdf, 0xa0, 0xf, 0xff, 0xd9, 0xdf, 0x7e, 0xc0,
    0x80, 0x79, 0x71, 0x4, 0x9, 0xf9, 0x0, 0x33,
    0x58, 0xbd, 0x51, 0x80, 0x16, 0x40, 0x11, 0x86,
    0x42, 0xaa, 0x6c, 0x1, 0x20, 0x1a, 0xc8, 0x3,
    0x23, 0x2, 0x10, 0x0, 0x54, 0x3, 0xd6, 0x0,
    0x50, 0x2, 0x80, 0x7c, 0x42, 0x1c, 0x0, 0x10,
    0xf, 0xc6, 0x6, 0x1, 0xff, 0xc4, 0x10, 0xf,
    0xc6, 0x6, 0x0, 0x40, 0xf, 0x88, 0x43, 0xc0,
    0x25, 0x0, 0xf5, 0x80, 0x1c, 0x2, 0xb2, 0x0,
    0xca, 0xc0, 0x82, 0x0, 0x50, 0xd8, 0x55, 0x55,
    0x0, 0x12, 0x1, 0x15, 0x3, 0xd5, 0x14, 0x1,
    0x84, 0x1, 0x93, 0x10, 0x40, 0x9f, 0x8c, 0x0,

    /* U+0063 "c" */
    0x0, 0xcb, 0x7d, 0xfd, 0x68, 0x1, 0xc3, 0x94,
    0x82, 0x2, 0x97, 0x40, 0x1b, 0xc, 0x12, 0x6e,
    0x8, 0x16, 0x80, 0x10, 0x41, 0x16, 0xc8, 0xfa,
    0xa0, 0xa6, 0xc, 0x8, 0xe0, 0x1d, 0x64, 0xc0,
    0x82, 0x1c, 0x1, 0xe1, 0xd9, 0x32, 0x0, 0x20,
    0x7, 0xfb, 0x80, 0x2, 0x1, 0xff, 0xcc, 0xe0,
    0x0, 0x80, 0x7f, 0x88, 0x0, 0xa0, 0x1f, 0xe4,
    0x10, 0xf0, 0xf, 0xbb, 0x10, 0x18, 0x11, 0xc0,
    0x3a, 0x84, 0xc0, 0x10, 0x41, 0x16, 0xca, 0xfa,
    0xa0, 0xa8, 0x0, 0xc3, 0x4, 0x9a, 0x82, 0x5,
    0xa0, 0x8, 0x72, 0x90, 0x40, 0x56, 0xe8, 0x0,

    /* U+0064 "d" */
    0x0, 0xff, 0x9f, 0xfc, 0x1, 0xff, 0xef, 0x17,
    0xcf, 0xf6, 0x20, 0x7, 0x8b, 0xe0, 0xc0, 0x7,
    0x6e, 0x1, 0x87, 0x4, 0x16, 0x6e, 0x6, 0x30,
    0x2, 0x81, 0x9, 0xa6, 0x47, 0xf3, 0x40, 0x9,
    0x81, 0x18, 0x3, 0xf, 0x80, 0x48, 0x0, 0xf0,
    0xf, 0x19, 0x80, 0x6, 0x0, 0x40, 0xf, 0x94,
    0x1, 0xe0, 0x1f, 0xee, 0x0, 0xff, 0xe0, 0xf8,
    0x3, 0xc0, 0x2, 0x1, 0xf0, 0x80, 0xc, 0x0,
    0x80, 0x1f, 0x20, 0x1, 0x0, 0x1c, 0x1, 0xe3,
    0x20, 0x9, 0x81, 0x1c, 0x3, 0xf, 0x0, 0x68,
    0x10, 0x8b, 0x65, 0x7f, 0x26, 0x0, 0x87, 0x4,
    0x12, 0x6a, 0x6, 0x7c, 0x3, 0x17, 0xc1, 0x80,
    0xe, 0xd8, 0x2,

    /* U+0065 "e" */
    0x0, 0xcd, 0x9f, 0xed, 0x93, 0x0, 0xe1, 0xc9,
    0x30, 0x1, 0x36, 0x38, 0x6, 0xc3, 0x5, 0xab,
    0x81, 0x8, 0x60, 0x4, 0x10, 0x55, 0x15, 0x1f,
    0x8c, 0x24, 0x41, 0x81, 0x94, 0x3, 0xb8, 0x0,
    0xc8, 0x21, 0x60, 0x1e, 0x22, 0x6, 0x10, 0x4,
    0x45, 0xf0, 0x83, 0x70, 0x3, 0x77, 0xf1, 0x81,
    0x80, 0x7f, 0xf0, 0x47, 0xc0, 0x1f, 0xff, 0xf1,
    0x80, 0xc, 0x3, 0xfc, 0x82, 0x12, 0x1, 0xf2,
    0x98, 0x1, 0x81, 0x58, 0x3, 0x96, 0xb2, 0x2,
    0x8, 0x26, 0xd9, 0x1a, 0xa8, 0x3, 0x20, 0xc,
    0x30, 0x49, 0xb9, 0x50, 0x1c, 0x10, 0x0, 0xe5,
    0x21, 0x0, 0x9c, 0x71, 0x0,

    /* U+0066 "f" */
    0x0, 0xe1, 0x57, 0x63, 0x0, 0xcb, 0xd5, 0x13,
    0x0, 0x11, 0x50, 0x0, 0x45, 0xa0, 0x15, 0x80,
    0x2b, 0xb8, 0xc0, 0x11, 0x1, 0x28, 0x7, 0xe1,
    0x0, 0xd7, 0xfe, 0x40, 0x3f, 0xf9, 0x0, 0x3f,
    0xd5, 0xba, 0x10, 0x1d, 0xd9, 0x4, 0x88, 0xa0,
    0x45, 0x80, 0x3f, 0xff, 0xe0, 0x1f, 0xfe, 0x20,

    /* U+0067 "g" */
    0x0, 0xcf, 0x9f, 0xec, 0x50, 0x6f, 0xf0, 0x4,
    0x5b, 0x6, 0x0, 0x3a, 0x70, 0xf, 0x79, 0x2,
    0x4d, 0xc0, 0xc6, 0x0, 0x68, 0x20, 0x8b, 0x64,
    0x7f, 0x25, 0x0, 0xcc, 0x8, 0xe0, 0x18, 0x78,
    0x3, 0x20, 0x87, 0x0, 0x78, 0xcc, 0x1, 0x10,
    0x1, 0x0, 0x3e, 0x50, 0xb, 0x80, 0x2, 0x1,
    0xf7, 0x0, 0x7f, 0xf1, 0xbc, 0x3, 0xfd, 0xe0,
    0x11, 0x0, 0x10, 0x3, 0xe4, 0x0, 0x94, 0x1,
    0xc0, 0x1e, 0x23, 0x0, 0xca, 0xa, 0xa0, 0xe,
    0xe0, 0xe, 0xb1, 0xa, 0xa2, 0xa3, 0xe9, 0xa0,
    0x6, 0x1d, 0x10, 0x5a, 0xb8, 0x28, 0xc0, 0xe,
    0x3f, 0x82, 0x0, 0x1d, 0x38, 0x7, 0xc2, 0xfb,
    0xfe, 0xc5, 0x0, 0xff, 0xe2, 0x68, 0x10, 0x1,
    0x7a, 0xc0, 0x3c, 0x6a, 0x8, 0x0, 0x21, 0x4e,
    0x74, 0x35, 0xac, 0x1, 0xb0, 0x3, 0xb8, 0x6,
    0x2f, 0x29, 0x40, 0x74, 0x80, 0x28, 0xd6, 0x20,
    0x0, 0xa4, 0x71, 0x80, 0x0,

    /* U+0068 "h" */
    0xdf, 0xa0, 0xf, 0xff, 0xb1, 0xd7, 0x7e, 0xc0,
    0x7, 0x9b, 0x14, 0x40, 0x9f, 0x44, 0x2, 0x69,
    0x29, 0xb9, 0x20, 0x28, 0x0, 0x8d, 0x75, 0x91,
    0xb4, 0x81, 0x80, 0x35, 0x80, 0x75, 0x80, 0x10,
    0x0, 0x82, 0x1, 0xc8, 0x0, 0x10, 0x0, 0x80,
    0x78, 0xc0, 0x6, 0x1, 0xff, 0xff, 0x0, 0xff,
    0xef, 0x0,

    /* U+0069 "i" */
    0x3, 0x72, 0x2, 0xc8, 0xc0, 0x10, 0x0, 0x81,
    0xb9, 0xc8, 0x2, 0x31, 0x80, 0x3e, 0xdf, 0xa0,
    0xf, 0xff, 0xf8, 0x0,

    /* U+006A "j" */
    0x0, 0x8d, 0xc8, 0x2, 0x2c, 0x8c, 0x0, 0x84,
    0x0, 0x20, 0x11, 0xb9, 0xc8, 0x6, 0x8c, 0x60,
    0xf, 0xfb, 0x7e, 0x80, 0x3f, 0xff, 0xe0, 0x1f,
    0xfd, 0xd3, 0x3, 0x0, 0x88, 0x43, 0x80, 0x5b,
    0xc0, 0x8, 0x9, 0x24, 0xa, 0x60, 0x11, 0x45,
    0x0, 0x0,

    /* U+006B "k" */
    0xdf, 0xa0, 0xf, 0xff, 0xd0, 0xf7, 0xf1, 0x0,
    0x7c, 0x38, 0x21, 0x84, 0x1, 0xf6, 0x90, 0x61,
    0x0, 0x7d, 0x66, 0x16, 0x60, 0x1f, 0x52, 0x4,
    0xa0, 0x7, 0xd0, 0xa1, 0xc, 0x1, 0xf3, 0xb8,
    0x1d, 0xc0, 0x1f, 0x2c, 0x0, 0x7f, 0xf0, 0xdd,
    0x0, 0x3f, 0x56, 0x80, 0x28, 0x40, 0x3c, 0xaa,
    0x2a, 0x1, 0xd0, 0xf, 0xe5, 0x60, 0x38, 0x0,
    0xfe, 0x93, 0x7, 0x50, 0xf, 0xee, 0x10, 0xa2,
    0x0, 0xfc, 0x56, 0x0, 0xe0, 0xf, 0xe5, 0x70,
    0x39,

    /* U+006C "l" */
    0xdf, 0xa0, 0xf, 0xff, 0x80,

    /* U+006D "m" */
    0xdf, 0x80, 0x4c, 0xfe, 0xa1, 0x0, 0xc, 0xf7,
    0xf4, 0x88, 0x7, 0x35, 0x98, 0xa, 0xe0, 0x1f,
    0xb0, 0x80, 0xb7, 0x90, 0x4, 0x72, 0x93, 0x24,
    0x2, 0x7e, 0x16, 0xa9, 0x30, 0x19, 0x0, 0x91,
    0xed, 0x99, 0x6e, 0x10, 0x57, 0x2a, 0xd8, 0x80,
    0x82, 0x0, 0x18, 0x0, 0xd2, 0x0, 0x44, 0x0,
    0x6f, 0x0, 0x28, 0x1, 0x0, 0x38, 0x40, 0x6,
    0x1, 0xca, 0x0, 0x10, 0xf, 0xfe, 0x41, 0x80,
    0x7f, 0xff, 0xc0, 0x3f, 0xff, 0xe0, 0x1f, 0xfd,
    0xb0,

    /* U+006E "n" */
    0xdf, 0x80, 0x4b, 0xef, 0xd8, 0x0, 0xf3, 0xda,
    0x8, 0x13, 0xe8, 0x80, 0x49, 0xb, 0x9d, 0x88,
    0x5, 0x0, 0x11, 0xbd, 0x18, 0x9d, 0x98, 0x30,
    0x6, 0x80, 0xe, 0x90, 0x2, 0x0, 0x10, 0x3,
    0xce, 0x0, 0x10, 0x0, 0x80, 0x78, 0xc0, 0x6,
    0x1, 0xff, 0xff, 0x0, 0xff, 0xef, 0x0,

    /* U+006F "o" */
    0x0, 0xcb, 0x7d, 0xfb, 0x46, 0x1, 0xe1, 0xca,
    0x41, 0x2, 0x5c, 0x90, 0xe, 0xc3, 0x4, 0x9b,
    0x82, 0x6, 0xa0, 0xa, 0x8, 0x22, 0xd9, 0x1f,
    0x54, 0x15, 0x0, 0xc, 0x8, 0xe0, 0x1d, 0x42,
    0x1e, 0x8, 0x21, 0xc0, 0x1f, 0x30, 0x20, 0x90,
    0x1, 0x0, 0x3e, 0xc0, 0x1, 0x70, 0x0, 0x40,
    0x3e, 0x60, 0x3, 0x0, 0x7f, 0xf0, 0xf8, 0x0,
    0x20, 0x1f, 0x30, 0x1, 0x88, 0x0, 0xa0, 0x1f,
    0x60, 0x0, 0x90, 0x43, 0xc0, 0x3e, 0x60, 0x41,
    0x6, 0x4, 0x70, 0xe, 0xa1, 0xf, 0x0, 0x41,
    0x4, 0x5b, 0x2b, 0xea, 0x82, 0xa0, 0x5, 0x86,
    0x9, 0x35, 0x4, 0xd, 0x40, 0x18, 0x72, 0x90,
    0x40, 0x96, 0xe4, 0x2,

    /* U+0070 "p" */
    0xdf, 0x80, 0x4b, 0xef, 0xd8, 0x10, 0xf, 0x35,
    0xa0, 0x81, 0x3f, 0x20, 0x6, 0x49, 0x2a, 0xdd,
    0x48, 0x85, 0x90, 0x4, 0x65, 0xaa, 0x44, 0x6c,
    0x0, 0x48, 0x6, 0x90, 0xe, 0x28, 0x4, 0x20,
    0x0, 0xa0, 0x7, 0x98, 0x0, 0xa0, 0x5, 0x0,
    0xf8, 0x44, 0x1c, 0x0, 0x20, 0xf, 0xc4, 0x6,
    0x0, 0x30, 0xf, 0xc2, 0x1, 0x84, 0x3, 0xf1,
    0x81, 0x80, 0x10, 0x3, 0xe3, 0x10, 0xf0, 0x9,
    0x80, 0x3d, 0x40, 0x7, 0x0, 0xa0, 0x80, 0x32,
    0xb0, 0x20, 0x80, 0x10, 0x36, 0x15, 0x55, 0x40,
    0x4, 0x80, 0x43, 0x40, 0xf5, 0x45, 0x0, 0x61,
    0x0, 0x64, 0xc4, 0x10, 0x27, 0xe3, 0x0, 0xf1,
    0xdf, 0x7e, 0xc0, 0x80, 0x7f, 0xff, 0x40,

    /* U+0071 "q" */
    0x0, 0x85, 0xf3, 0xfd, 0x88, 0xd, 0xfe, 0x0,
    0x17, 0xc1, 0x80, 0xe, 0xdc, 0x3, 0xe, 0x8,
    0x2c, 0xdc, 0xc, 0x60, 0x5, 0x2, 0x13, 0x4c,
    0x8f, 0xe6, 0xa0, 0x13, 0x2, 0x30, 0x6, 0x1f,
    0x0, 0x90, 0x1, 0xe0, 0x1e, 0x33, 0x0, 0xc,
    0x0, 0x80, 0x1f, 0x28, 0x3, 0xc0, 0x3f, 0xdc,
    0x1, 0xff, 0xc1, 0xf0, 0x7, 0x80, 0x4, 0x3,
    0xe1, 0x0, 0x18, 0x1, 0x0, 0x3e, 0x40, 0x2,
    0x0, 0x38, 0x3, 0xc6, 0x40, 0x13, 0x2, 0x38,
    0x6, 0x1e, 0x0, 0xd0, 0x21, 0x16, 0xca, 0xfe,
    0x4a, 0x1, 0xe, 0x8, 0x24, 0xd4, 0xc, 0xe8,
    0x6, 0x2f, 0x83, 0x0, 0x1d, 0xb0, 0x7, 0x85,
    0xf3, 0xfd, 0x88, 0x1, 0xff, 0xfe,

    /* U+0072 "r" */
    0xdf, 0x80, 0x7d, 0xfe, 0x0, 0xaa, 0x8, 0x3,
    0x32, 0xa5, 0x5d, 0x0, 0x5, 0xed, 0x51, 0x0,
    0x1, 0x80, 0xf, 0x20, 0x7, 0xff, 0xfc, 0x3,
    0xfc,

    /* U+0073 "s" */
    0x0, 0x92, 0xbb, 0xfa, 0xd4, 0x3, 0xaa, 0xd4,
    0x40, 0x52, 0xac, 0x2, 0x75, 0x4, 0xac, 0xb5,
    0x4, 0x80, 0x4, 0x82, 0x5a, 0x9a, 0x53, 0x2,
    0x80, 0x4, 0x30, 0x3, 0xa3, 0x74, 0x0, 0x10,
    0xa0, 0xe, 0x12, 0x0, 0x98, 0xb, 0xa1, 0x0,
    0x3e, 0x86, 0x1, 0x7b, 0xfc, 0x71, 0x0, 0xd3,
    0xae, 0x40, 0x3, 0x8f, 0x30, 0xc, 0x51, 0xbf,
    0x6a, 0x3, 0xc0, 0x1f, 0x92, 0xa0, 0x8, 0xc5,
    0x64, 0x3, 0xc8, 0x0, 0x64, 0xa6, 0x60, 0x7,
    0x50, 0x1, 0xd4, 0x82, 0x69, 0x51, 0xb1, 0x81,
    0x8, 0x3c, 0x41, 0x6a, 0xe4, 0xc0, 0xe8, 0x0,
    0x5d, 0x6, 0x20, 0x29, 0x58, 0x20,

    /* U+0074 "t" */
    0x0, 0x37, 0xf8, 0x3, 0xff, 0xa7, 0x7f, 0x20,
    0xf, 0xf8, 0x80, 0x3f, 0xab, 0x58, 0x1, 0x9b,
    0xa2, 0x12, 0xf0, 0x1, 0x91, 0x0, 0x3f, 0xff,
    0xe6, 0x0, 0x20, 0xe, 0x70, 0x4, 0xaa, 0x80,
    0x22, 0x50, 0x4a, 0xa2, 0x0, 0x55, 0x4, 0x0,
    0x20,

    /* U+0075 "u" */
    0xdf, 0xa0, 0xf, 0xf, 0xf9, 0x80, 0x3f, 0xff,
    0xe0, 0x1f, 0xfd, 0xe1, 0x1, 0x0, 0xf1, 0x0,
    0x4e, 0xa, 0x1, 0xeb, 0x0, 0xb0, 0x5, 0xc0,
    0x31, 0xb8, 0x4, 0xc0, 0x8, 0xa5, 0x54, 0xe2,
    0x80, 0x43, 0x20, 0x5, 0xaa, 0x31, 0x58, 0x6,
    0x6c, 0x51, 0x2, 0x8d, 0x10, 0x8,

    /* U+0076 "v" */
    0x1f, 0xf4, 0x80, 0x7e, 0xdf, 0xd1, 0x40, 0x70,
    0xf, 0x8c, 0x82, 0x83, 0x80, 0x50, 0x3, 0xd6,
    0x0, 0x60, 0x50, 0x7, 0x0, 0x79, 0x81, 0x4,
    0x0, 0xa0, 0xa0, 0x1c, 0x62, 0x1c, 0x1, 0x70,
    0x1, 0x40, 0x35, 0x0, 0x14, 0x2, 0x41, 0xf,
    0x0, 0xce, 0xc, 0x1, 0xcc, 0xa, 0x1, 0x20,
    0x86, 0x80, 0x75, 0x0, 0x14, 0x1, 0xa0, 0x28,
    0x1, 0xc4, 0x61, 0xe0, 0x7, 0x6, 0x0, 0xfa,
    0x81, 0x41, 0x4, 0x28, 0x3, 0xe7, 0x0, 0x26,
    0x1, 0x90, 0x7, 0xc2, 0x81, 0xaa, 0x14, 0x1,
    0xfd, 0xc0, 0xc4, 0xe, 0x1, 0xfc, 0xa0, 0x12,
    0x8, 0x7, 0xf9, 0x80, 0x1c, 0x1, 0xc0,

    /* U+0077 "w" */
    0xe, 0xfb, 0x0, 0xf7, 0xfb, 0x80, 0x3d, 0x9f,
    0x80, 0xe0, 0x80, 0x1c, 0x60, 0x1, 0x20, 0xc,
    0x26, 0x8, 0x18, 0x0, 0x30, 0xc, 0x80, 0x12,
    0x80, 0x64, 0x0, 0x58, 0x28, 0x1, 0x0, 0x36,
    0x2, 0x6, 0x0, 0x6c, 0x1, 0x30, 0x2, 0x5,
    0x80, 0x64, 0xf, 0x4, 0x0, 0xc8, 0x8, 0x1,
    0x60, 0x18, 0x4, 0x80, 0x48, 0x0, 0x30, 0x0,
    0x90, 0x78, 0x4, 0xa0, 0x4, 0x0, 0x60, 0x20,
    0x20, 0x20, 0x1, 0xc0, 0x8, 0x1, 0x11, 0x3,
    0x0, 0x8, 0x18, 0x18, 0x18, 0x0, 0xc0, 0x31,
    0x0, 0xc8, 0xa, 0x0, 0x30, 0x40, 0x50, 0x40,
    0x2, 0x5, 0x80, 0x76, 0x81, 0xa, 0x1, 0x8,
    0x10, 0x81, 0x90, 0x82, 0x0, 0x72, 0x0, 0x17,
    0x1, 0x40, 0x24, 0x5, 0x40, 0x13, 0x0, 0xf2,
    0x6, 0x18, 0x60, 0x5, 0xe1, 0x9e, 0x8, 0x1,
    0xf6, 0x82, 0x20, 0x10, 0x2, 0x40, 0x74, 0xf,
    0x0, 0xf9, 0x0, 0xc1, 0x0, 0x30, 0x91, 0x40,
    0x80, 0x1f, 0x11, 0x0, 0x18, 0x1, 0xca, 0x0,
    0x31, 0x0, 0xfc, 0xa0, 0x5, 0x0, 0xec, 0x0,
    0x58, 0x6,

    /* U+0078 "x" */
    0x7, 0xff, 0x30, 0x7, 0xf, 0x7e, 0x80, 0x1c,
    0xc2, 0x4, 0x3, 0x40, 0x87, 0x0, 0x5e, 0x3,
    0x0, 0x11, 0xb0, 0x39, 0x80, 0x46, 0xe0, 0xc6,
    0x0, 0xe0, 0x28, 0x0, 0xe8, 0x20, 0xf0, 0x62,
    0x9, 0x0, 0xfb, 0x80, 0xd6, 0x1, 0x90, 0x3,
    0xe3, 0x60, 0xa1, 0x14, 0x0, 0x7f, 0x48, 0x5,
    0x62, 0x1, 0xfc, 0x60, 0x11, 0x80, 0x7f, 0xb8,
    0x2, 0x92, 0x0, 0xfd, 0x4, 0x1c, 0x61, 0x20,
    0x1f, 0x13, 0x83, 0x8f, 0x82, 0x30, 0x7, 0xb8,
    0x6, 0x0, 0xd4, 0x24, 0x40, 0x33, 0x98, 0x50,
    0x5, 0x62, 0x14, 0x1, 0x14, 0x2, 0xa0, 0x4,
    0x30, 0x8, 0xc0, 0xe, 0x0, 0x58, 0x7, 0x31,
    0x84, 0x88,

    /* U+0079 "y" */
    0x1f, 0xf4, 0x80, 0x7e, 0xdf, 0xd1, 0x40, 0x70,
    0xf, 0x8c, 0x82, 0x83, 0x80, 0x50, 0x3, 0xd6,
    0x0, 0x60, 0x50, 0x7, 0x0, 0x79, 0x81, 0x4,
    0x0, 0xa0, 0xa0, 0x1c, 0x82, 0x1c, 0x1, 0x70,
    0x1, 0x40, 0x36, 0x80, 0x14, 0x2, 0x41, 0xf,
    0x0, 0xce, 0xc, 0x1, 0xcc, 0xa, 0x1, 0x20,
    0x85, 0x0, 0x75, 0x0, 0x14, 0x1, 0xc0, 0x26,
    0x1, 0xc4, 0x61, 0xc0, 0x5, 0x6, 0x0, 0xfa,
    0x81, 0x1, 0x0, 0x14, 0x1, 0xf3, 0x80, 0x13,
    0x40, 0xc8, 0x3, 0xe1, 0x40, 0xd4, 0xa, 0x0,
    0xfe, 0xe0, 0x62, 0x7, 0x0, 0xfe, 0x50, 0x9,
    0x44, 0x3, 0xfc, 0xc0, 0xf, 0x0, 0xff, 0xe0,
    0x8a, 0x80, 0x7f, 0xce, 0xe, 0x1, 0xff, 0x30,
    0x85, 0x0, 0x7e, 0x35, 0x79, 0x4, 0x30, 0xf,
    0xd1, 0x50, 0x3, 0x20, 0x1f, 0xcc, 0x2, 0xb8,
    0x40, 0x1f, 0x0,

    /* U+007A "z" */
    0xf, 0xff, 0xf9, 0xc0, 0x3f, 0xf8, 0x51, 0x1f,
    0x80, 0x25, 0x7, 0x7f, 0x80, 0x29, 0x20, 0xf,
    0x8e, 0x1, 0x58, 0x3, 0xe1, 0xd0, 0x1b, 0x0,
    0xfd, 0x62, 0x14, 0x20, 0x1f, 0x32, 0x83, 0xa0,
    0x7, 0xc7, 0x20, 0x70, 0x1, 0xfb, 0x80, 0x1c,
    0x1, 0xfa, 0x88, 0x28, 0x80, 0x3e, 0x55, 0x2,
    0xa8, 0x3, 0xe2, 0xa0, 0x2a, 0x0, 0xfd, 0xe0,
    0x7, 0x7f, 0xca, 0x84, 0x0, 0x58, 0x8f, 0xb8,
    0x3, 0xff, 0x82,

    /* U+007B "{" */
    0x0, 0xfc, 0x20, 0x1e, 0x2b, 0xfe, 0x40, 0xc,
    0x5a, 0x80, 0x1f, 0x40, 0x2, 0xb9, 0x0, 0x32,
    0x3, 0xa8, 0x80, 0x70, 0x86, 0x0, 0x7f, 0x38,
    0x7, 0xff, 0x38, 0x40, 0x3f, 0x8c, 0x0, 0x20,
    0x1e, 0xb0, 0x1, 0x0, 0x6f, 0xf3, 0x3, 0x80,
    0x61, 0x0, 0xb2, 0x0, 0x3f, 0x79, 0x0, 0x61,
    0xfb, 0x23, 0xf0, 0xf, 0x24, 0x1, 0x8, 0x7,
    0x90, 0x0, 0x40, 0x1e, 0x10, 0xf, 0xfe, 0xf3,
    0x0, 0x7c, 0x41, 0x80, 0x1f, 0x28, 0x33, 0x90,
    0x7, 0x48, 0x84, 0x6a, 0x0, 0x61, 0xf6, 0x20,
    0x70,

    /* U+007C "|" */
    0x38, 0x55, 0x3f, 0x0, 0x7f, 0xff, 0xc0, 0x3f,
    0xf9, 0x80,

    /* U+007D "}" */
    0x1, 0x0, 0xf9, 0x7b, 0xe8, 0x80, 0x3e, 0x5c,
    0x10, 0x9, 0x7a, 0x40, 0x64, 0x3, 0xb, 0x30,
    0x14, 0x3, 0xd8, 0x6, 0x1, 0xe1, 0x1, 0x0,
    0xff, 0xea, 0xb8, 0x0, 0x40, 0x38, 0x80, 0x12,
    0x1, 0xc2, 0xc0, 0xff, 0xe0, 0xd, 0x38, 0x1,
    0xf1, 0x78, 0x7, 0xd8, 0x65, 0x9e, 0x1, 0x10,
    0x84, 0x98, 0x6, 0x60, 0x2, 0x0, 0x7f, 0xf7,
    0x48, 0x4, 0x3, 0xd8, 0x4, 0x1, 0x89, 0xd4,
    0x2c, 0x2, 0x5d, 0x80, 0x27, 0x0, 0x84, 0x9,
    0xf0, 0x3, 0x0,

    /* U+007E "~" */
    0x0, 0x8d, 0x4, 0x3, 0xfc, 0x7d, 0x97, 0xd4,
    0x1, 0xd9, 0x82, 0x1d, 0x10, 0x9, 0x74, 0x80,
    0x6, 0x79, 0x84, 0x2f, 0xe4, 0xb, 0x5d, 0x78,
    0x8, 0x74, 0x15, 0x1, 0xb0, 0x42, 0x28, 0x82,
    0x3, 0xa3, 0x80, 0x23, 0xf6, 0x10, 0x3b, 0x50,

    /* U+00A0 " " */

    /* U+00A1 "¡" */
    0x3d, 0xe3, 0x82, 0x1f, 0x10, 0x3, 0xda, 0xa4,
    0x8d, 0x59, 0x0, 0x7e, 0x3f, 0xf2, 0x0, 0x7f,
    0xf0, 0xc5, 0xc0, 0x3f, 0xf8, 0xe2, 0x0, 0x30,
    0xf, 0xfe, 0x2, 0x5d, 0x9c,

    /* U+00A2 "¢" */
    0x0, 0xf4, 0xf8, 0x7, 0xff, 0x31, 0x6d, 0x83,
    0xa8, 0xc0, 0x3d, 0x74, 0x80, 0x1, 0x5c, 0x90,
    0xd, 0x68, 0x6, 0x0, 0x82, 0x6, 0x90, 0x3,
    0x20, 0x3e, 0x30, 0x3e, 0xa0, 0x31, 0x85, 0x81,
    0x40, 0x7, 0x50, 0x1b, 0x91, 0x2, 0xc0, 0x3c,
    0x3d, 0x88, 0x80, 0x2, 0x0, 0x7c, 0x20, 0x1,
    0x0, 0x10, 0x7, 0xfb, 0xc0, 0x3f, 0xf8, 0x3e,
    0x1, 0xff, 0xc1, 0x10, 0x1, 0x0, 0x7f, 0x90,
    0x0, 0x80, 0x1f, 0x18, 0x0, 0x88, 0x16, 0x1,
    0xe1, 0xcf, 0x60, 0xb0, 0x28, 0x0, 0xea, 0x0,
    0x28, 0x32, 0x3, 0xe3, 0x3, 0xea, 0x3, 0x98,
    0x2, 0xd0, 0xc, 0x1, 0x4, 0xd, 0x0, 0x1a,
    0xe9, 0x0, 0x2, 0xb7, 0x20, 0x1e, 0x5b, 0x60,
    0xea, 0x40, 0xf, 0xfe, 0x28,

    /* U+00A3 "£" */
    0x0, 0xe3, 0xad, 0xfe, 0xb5, 0x0, 0xfa, 0x31,
    0x48, 0x5, 0x2a, 0x80, 0x1c, 0xee, 0x1, 0x79,
    0x82, 0x5, 0x90, 0xd, 0x0, 0x7d, 0xc, 0xfa,
    0x80, 0xc4, 0x0, 0x50, 0x7, 0x80, 0x75, 0x0,
    0x10, 0x0, 0x40, 0x3, 0x0, 0xe1, 0xce, 0x60,
    0x7, 0x80, 0x80, 0x7c, 0x62, 0x1, 0xff, 0xc6,
    0xf0, 0x10, 0xf, 0xf4, 0x7c, 0x0, 0x3f, 0xfd,
    0x20, 0x1f, 0xfc, 0x68, 0xe7, 0x0, 0x6f, 0x77,
    0x40, 0x6, 0x1d, 0x0, 0x18, 0x8f, 0x80, 0x3f,
    0xf9, 0x2, 0x0, 0x30, 0xf, 0xfe, 0x70, 0x80,
    0xc, 0x3, 0xcd, 0xa, 0x0, 0xd0, 0x51, 0x0,
    0xf5, 0x3e, 0xb7, 0xb8, 0x62, 0xaf, 0x9c, 0xc3,
    0xb0, 0x2, 0x9a, 0xaf, 0x40, 0x1, 0xc8, 0x3,
    0xfc, 0x29, 0x82,

    /* U+00A4 "¤" */
    0x0, 0x8, 0x7, 0xff, 0x11, 0xfc, 0x40, 0x63,
    0x3b, 0xf6, 0x48, 0x1, 0x76, 0x2, 0x81, 0xc8,
    0xe7, 0x31, 0x2, 0x6d, 0x9a, 0x44, 0x31, 0x48,
    0x13, 0x80, 0xbd, 0x52, 0x4, 0x19, 0x41, 0x58,
    0x18, 0xc0, 0x9, 0xd0, 0xaa, 0x7e, 0x70, 0xa,
    0x80, 0x22, 0x4, 0xb0, 0xf, 0x43, 0x0, 0x8,
    0x0, 0xc2, 0x14, 0x1, 0xfa, 0x44, 0x2c, 0x1,
    0xa0, 0xa2, 0x1, 0xfd, 0x20, 0xe0, 0x5, 0xf,
    0x0, 0xff, 0x20, 0x8, 0x80, 0x41, 0x80, 0x3f,
    0xc4, 0x0, 0x20, 0xf, 0xfe, 0x38, 0x83, 0x0,
    0x7f, 0x88, 0x0, 0x40, 0xa1, 0xe0, 0x1f, 0xeb,
    0x1, 0x10, 0x68, 0x28, 0x80, 0x7f, 0x30, 0x38,
    0x1, 0x80, 0x14, 0x1, 0xfa, 0x44, 0x2c, 0x3,
    0x92, 0xc0, 0x3d, 0x2c, 0x1, 0xd6, 0x1, 0x27,
    0xc2, 0xaa, 0x39, 0x80, 0x2c, 0x21, 0x50, 0x58,
    0x0, 0x3d, 0x51, 0xc4, 0x1a, 0x80, 0x5c, 0x75,
    0xa9, 0xf9, 0xcc, 0x0, 0x4d, 0xb2, 0xb3, 0xa,

    /* U+00A5 "¥" */
    0x5f, 0xf3, 0x80, 0x7c, 0x3f, 0xec, 0x5, 0x20,
    0x90, 0xf, 0xa4, 0x1, 0x0, 0x8, 0x1, 0x60,
    0xf, 0x38, 0x1a, 0x0, 0x14, 0x82, 0xc0, 0x39,
    0xc0, 0x10, 0x1, 0xa0, 0x9, 0x40, 0x34, 0x81,
    0xa0, 0x6, 0x52, 0x9, 0x0, 0x94, 0x42, 0x0,
    0x3d, 0x60, 0x66, 0x0, 0x40, 0x1a, 0x0, 0x79,
    0x88, 0x20, 0x10, 0x82, 0x0, 0x3f, 0x58, 0x21,
    0x78, 0x1a, 0x0, 0x7e, 0x62, 0xd, 0x40, 0x80,
    0xf, 0xbb, 0xa2, 0x0, 0xd5, 0xdc, 0x60, 0xc,
    0x23, 0x0, 0x70, 0x8c, 0x1, 0xdf, 0xf9, 0x80,
    0x1f, 0xf9, 0x80, 0x3f, 0xfb, 0x1f, 0xf9, 0x80,
    0x1f, 0xf9, 0x80, 0x30, 0x8e, 0x0, 0x84, 0x70,
    0x7, 0x77, 0x66, 0x0, 0x77, 0x66, 0x0, 0xff,
    0xf3, 0x0,

    /* U+00A6 "¦" */
    0x6f, 0xf0, 0x7, 0xff, 0x31, 0x59, 0xce, 0x60,
    0x3, 0xff, 0x80, 0x75, 0x2a, 0xa6, 0x0, 0xff,
    0xe6, 0x0,

    /* U+00A7 "§" */
    0x0, 0xcf, 0xbf, 0xed, 0x70, 0xf, 0xe, 0xc1,
    0x0, 0xa, 0x2c, 0x3, 0xa0, 0x81, 0xef, 0x1c,
    0x11, 0xc0, 0x33, 0x83, 0x42, 0x1c, 0x38, 0x48,
    0x6, 0x10, 0xc0, 0xd, 0x2, 0xa2, 0x1, 0x10,
    0x60, 0x7, 0x75, 0x88, 0x5, 0x40, 0xcc, 0x0,
    0xff, 0x3a, 0x84, 0xd0, 0x80, 0x7e, 0x97, 0x42,
    0x5f, 0x60, 0xf, 0x53, 0x45, 0xec, 0xc, 0xe1,
    0x0, 0x44, 0xa2, 0xa0, 0x7, 0xe5, 0x3d, 0x50,
    0x3, 0x0, 0x80, 0x61, 0xaa, 0x5, 0x18, 0x38,
    0x1, 0x40, 0x39, 0x68, 0x3c, 0xc, 0x42, 0x94,
    0x3, 0x94, 0xc, 0x82, 0xc0, 0x15, 0x64, 0x1,
    0xe1, 0x5, 0xa0, 0x2, 0x6c, 0x0, 0x24, 0x0,
    0x60, 0x5, 0xc3, 0x0, 0x3f, 0x71, 0x82, 0x0,
    0x31, 0xe4, 0x80, 0x4, 0x45, 0x2e, 0x1, 0xe6,
    0xe5, 0x0, 0x23, 0x0, 0x7e, 0x1a, 0x90, 0x66,
    0x0, 0x7f, 0x99, 0x42, 0x80, 0x25, 0xca, 0x0,
    0xed, 0x3, 0x0, 0x88, 0xd4, 0x80, 0x36, 0x81,
    0x0, 0x4e, 0x21, 0x8c, 0x69, 0x2a, 0xa, 0x1,
    0xa8, 0x6, 0x72, 0xd8, 0xe, 0x0, 0x32, 0x6b,
    0x8, 0x9, 0xce, 0x0, 0x40,

    /* U+00A8 "¨" */
    0x1, 0x40, 0xc, 0x48, 0x0, 0xfb, 0xc0, 0x1,
    0xed, 0xc1, 0x8, 0x18, 0x1, 0x40, 0x6, 0x4a,
    0x10, 0x0, 0x73, 0x1f,

    /* U+00A9 "©" */
    0x0, 0xfc, 0x4a, 0xcc, 0x41, 0x0, 0xff, 0xe1,
    0x3e, 0xea, 0xa6, 0x57, 0xd6, 0x80, 0x1f, 0xe4,
    0xe8, 0x20, 0xf, 0x25, 0xd0, 0x7, 0xe6, 0xb1,
    0x4, 0x9d, 0xfe, 0xc7, 0x10, 0x5d, 0x10, 0xe,
    0x49, 0x1, 0xbb, 0x31, 0x0, 0x9c, 0x73, 0x1,
    0x60, 0x6, 0x1a, 0x1, 0xc4, 0x6, 0xcf, 0xeb,
    0x50, 0x98, 0x2, 0x90, 0xa, 0x4, 0x34, 0x87,
    0x24, 0xc0, 0x52, 0xa8, 0xe, 0xc0, 0xc4, 0x0,
    0x60, 0x63, 0xd, 0x30, 0x49, 0x83, 0x5, 0x80,
    0x80, 0x5, 0x82, 0x0, 0x2c, 0x14, 0xc2, 0x6d,
    0x9f, 0x14, 0x1c, 0x44, 0xc0, 0xe1, 0x80, 0x24,
    0x12, 0x8, 0xc0, 0x1a, 0xc8, 0x8a, 0x1a, 0x2,
    0x44, 0x5, 0x0, 0x10, 0x68, 0x7, 0xe, 0xe9,
    0x1, 0x80, 0x2, 0x1, 0xc2, 0x6, 0x1, 0xfe,
    0x30, 0x3, 0x98, 0x38, 0x0, 0x83, 0x40, 0x38,
    0x5d, 0xc2, 0x4, 0x0, 0x6e, 0x3, 0x0, 0x28,
    0x39, 0x0, 0x69, 0x88, 0x8, 0x28, 0x0, 0x94,
    0x0, 0xa1, 0x20, 0xc, 0x50, 0x17, 0x70, 0x30,
    0x2, 0x80, 0xc0, 0x88, 0x10, 0x3, 0x60, 0x35,
    0xfd, 0x0, 0x50, 0x8, 0x61, 0x40, 0x8, 0x2,
    0x80, 0x4c, 0x20, 0xc, 0x98, 0x22, 0xa0, 0x16,
    0x0, 0x2a, 0x3, 0xc0, 0x1e, 0xe5, 0x53, 0x6c,
    0x45, 0x82, 0x16, 0x1, 0xa8, 0x81, 0xec, 0xc0,
    0xd5, 0x44, 0xd, 0xe4, 0xe, 0xa0, 0x18, 0x70,
    0xc1, 0x33, 0x66, 0x21, 0x5f, 0x22, 0x11, 0x0,
    0xf, 0xe, 0x40, 0x0, 0x99, 0xdc, 0xa0, 0x3,
    0xc7, 0x0, 0xfe, 0x7e, 0x94, 0x20, 0x12, 0x6b,
    0xc3, 0x0, 0xe0,

    /* U+00AA "ª" */
    0x0, 0x9a, 0xfb, 0xf6, 0x48, 0x3, 0x5c, 0xa0,
    0x88, 0x9b, 0x4c, 0x0, 0xe8, 0x13, 0xfd, 0xc3,
    0xf, 0x0, 0x3e, 0x5b, 0x0, 0x6, 0x40, 0xc0,
    0x23, 0x40, 0x0, 0x9f, 0x80, 0x71, 0x46, 0x7f,
    0x62, 0x80, 0x4, 0x17, 0x5c, 0xcc, 0xb1, 0x0,
    0xd, 0x60, 0xbd, 0x94, 0xe6, 0x1, 0x84, 0x38,
    0x40, 0x23, 0x0, 0xc2, 0x1c, 0x1, 0x2c, 0x0,
    0x68, 0x5, 0xfd, 0xfa, 0x50, 0xc, 0xd4, 0x60,
    0x47, 0x52, 0x1, 0x0,

    /* U+00AB "«" */
    0x0, 0xe9, 0xff, 0x20, 0xf, 0x7e, 0x0, 0x73,
    0x30, 0x21, 0x3, 0x44, 0x5a, 0x1, 0x8e, 0x41,
    0x5c, 0x28, 0xc3, 0x44, 0x2, 0x1d, 0x3, 0xa0,
    0x75, 0x9, 0x30, 0xd, 0xa2, 0x2d, 0x4, 0x80,
    0x66, 0x0, 0x6a, 0x30, 0xd1, 0x2b, 0x3, 0x90,
    0xc, 0xca, 0xe, 0x61, 0xe0, 0xd, 0x0, 0xe7,
    0x20, 0x51, 0xb, 0x0, 0x30, 0x7, 0xf, 0x81,
    0x50, 0x33, 0x2, 0x10, 0x3, 0x8a, 0x81, 0x24,
    0x25, 0x2, 0xc8, 0x3, 0x96, 0x1, 0x94, 0x28,
    0x83, 0xc4, 0x3, 0x9d, 0x42, 0x8c, 0x7c, 0xa,
    0x80, 0x3d, 0x46, 0x1a, 0x25, 0x60, 0x90, 0x1,
    0xed, 0xab, 0x30, 0x4b, 0xad, 0x0,

    /* U+00AC "¬" */
    0x34, 0x4f, 0xf1, 0x65, 0xdf, 0xfa, 0x80, 0x3f,
    0xf8, 0x1f, 0xff, 0xc4, 0x1, 0xff, 0xda,

    /* U+00AE "®" */
    0x0, 0xe7, 0xce, 0xfe, 0xa4, 0x0, 0xfc, 0xbd,
    0x6, 0x20, 0x2b, 0x78, 0x20, 0x1c, 0xd4, 0x29,
    0x7d, 0xfb, 0x24, 0x7e, 0x40, 0x11, 0xc8, 0x4d,
    0xa0, 0x81, 0x36, 0xa0, 0xf8, 0x5, 0xe1, 0xc,
    0xff, 0xfa, 0x2, 0xcc, 0x98, 0xc, 0xc2, 0xe0,
    0x15, 0x62, 0x3a, 0x87, 0x85, 0x82, 0x3, 0x0,
    0x67, 0x3f, 0x2, 0x3, 0x22, 0xf, 0x6, 0x80,
    0x7b, 0x0, 0xc0, 0xc, 0x4, 0x1, 0xf6, 0xfb,
    0x9a, 0x0, 0x77, 0x6, 0x80, 0x6b, 0xd0, 0x70,
    0x9, 0x80, 0x90, 0x14, 0x3, 0x31, 0x3a, 0x20,
    0xc, 0x88, 0x26, 0x62, 0x70, 0x36, 0x30, 0x96,
    0x20, 0xf0, 0xa0, 0x7, 0x84, 0x32, 0x48, 0x80,
    0xcb, 0x59, 0x93, 0x80, 0xe, 0x42, 0x6d, 0x4,
    0x9, 0xb5, 0x7, 0xc0, 0x33, 0x50, 0xa5, 0xf7,
    0xec, 0x91, 0xf9, 0x0, 0x72, 0xf4, 0x18, 0x80,
    0xad, 0xe0, 0x80, 0x40,

    /* U+00AF "¯" */
    0x1f, 0xff, 0x9c, 0x3, 0xf8,

    /* U+00B0 "°" */
    0x0, 0xe1, 0x0, 0xf1, 0x5f, 0xf7, 0xc8, 0x4,
    0x58, 0x80, 0x13, 0x60, 0x2, 0x44, 0xb3, 0xec,
    0xe, 0x5, 0x3, 0xc, 0x12, 0x81, 0x4c, 0x4,
    0x40, 0x12, 0x1, 0x18, 0x9, 0x0, 0x48, 0x4,
    0x28, 0x18, 0x84, 0xd4, 0x14, 0x14, 0x43, 0x7b,
    0x20, 0x8e, 0x3, 0x8c, 0x20, 0x51, 0x60,

    /* U+00B1 "±" */
    0x0, 0xf7, 0x7b, 0x80, 0x7f, 0xf8, 0xcf, 0xff,
    0x84, 0x23, 0xff, 0x58, 0x7, 0xff, 0x8, 0xa6,
    0x78, 0x0, 0x53, 0x3b, 0xc5, 0x9b, 0x84, 0x29,
    0x9b, 0x20, 0x7, 0xff, 0x59, 0x10, 0x40, 0x1f,
    0xf5, 0x5a, 0x80, 0x70, 0xb3, 0x7f, 0xf0, 0x10,
    0xa6, 0x7f, 0xf8, 0x1e, 0x1, 0xff, 0xc2,

    /* U+00B2 "²" */
    0x0, 0x36, 0x77, 0x31, 0x80, 0x2b, 0x93, 0x0,
    0x1c, 0xe0, 0x22, 0x2, 0xbb, 0x94, 0x6, 0xa0,
    0xce, 0xa0, 0x5, 0x20, 0xd4, 0x98, 0x0, 0x84,
    0x83, 0x40, 0x38, 0x70, 0x9, 0x40, 0x31, 0x61,
    0xf, 0x80, 0x63, 0xc2, 0x1c, 0x20, 0x9, 0x70,
    0x4f, 0xc8, 0x2, 0x7a, 0x6, 0xc1, 0x0, 0x96,
    0x0, 0xd, 0xff, 0xb4, 0xc0, 0x3f, 0x18,

    /* U+00B3 "³" */
    0x0, 0x25, 0xf7, 0xec, 0x88, 0x4, 0xf6, 0x82,
    0x22, 0x6c, 0x10, 0x18, 0x7, 0xfe, 0xc1, 0x29,
    0x3, 0x78, 0x80, 0x0, 0xd0, 0x8, 0xa, 0x1c,
    0x2, 0x24, 0xd, 0x0, 0xeb, 0xcd, 0x17, 0x70,
    0x7, 0x21, 0x81, 0x80, 0x7d, 0xfe, 0xb1, 0x7c,
    0x2, 0x32, 0x0, 0x92, 0x0, 0xc9, 0x33, 0x58,
    0x0, 0x52, 0x0, 0x36, 0x30, 0x9f, 0xf6, 0x98,
    0x48, 0x86, 0x49, 0x80, 0x5, 0x71, 0x80,

    /* U+00B4 "´" */
    0x1, 0xff, 0x48, 0x48, 0xc, 0x3, 0x5, 0xb,
    0x8a, 0xa0, 0x0,

    /* U+00B5 "µ" */
    0xdf, 0xa0, 0xf, 0xf, 0xf9, 0x80, 0x3f, 0xff,
    0xe0, 0x1f, 0xff, 0x41, 0x0, 0xf1, 0x80, 0x7c,
    0x80, 0x1e, 0x70, 0xf, 0xca, 0x1, 0xd2, 0x1,
    0xfa, 0x9c, 0x40, 0xec, 0xc0, 0x18, 0x20, 0x12,
    0x94, 0x77, 0xe2, 0x3c, 0x2, 0xf2, 0x0, 0x58,
    0xc2, 0x7, 0x30, 0xf2, 0x40, 0x1c, 0x33, 0xdf,
    0x8c, 0x0, 0x6d, 0xf4, 0x0, 0xff, 0xff, 0x80,

    /* U+00B6 "¶" */
    0x0, 0x85, 0xf3, 0xbf, 0xfd, 0x60, 0x4, 0xe8,
    0x31, 0x0, 0xfc, 0x76, 0x1, 0xcd, 0x50, 0x0,
    0x30, 0xe0, 0xf, 0x7a, 0xa8, 0x1, 0xc6, 0x40,
    0x1f, 0xfc, 0x5, 0x0, 0xff, 0xe0, 0x88, 0x7,
    0xff, 0x4, 0x40, 0x3f, 0xf8, 0x2a, 0x1, 0xff,
    0xc1, 0x31, 0x0, 0xff, 0xe0, 0xd8, 0x7, 0xff,
    0x5, 0x5c, 0x3, 0xff, 0x83, 0x16, 0x80, 0x1f,
    0xfc, 0x4, 0xbf, 0xdc, 0x70, 0xf, 0xf8, 0x8c,
    0x40, 0x3f, 0xff, 0xe0, 0x1f, 0xfc, 0x20,

    /* U+00B7 "·" */
    0x1a, 0xb2, 0xb5, 0x49, 0x10, 0x3, 0xc1, 0xf,
    0x80,

    /* U+00B8 "¸" */
    0x3, 0x10, 0x0, 0xe2, 0x0, 0x8, 0x34, 0x81,
    0x81, 0xf5, 0xd7, 0xf4, 0x28, 0x88, 0xc0, 0x39,
    0xb6, 0x13, 0x54, 0xbe, 0x50,

    /* U+00B9 "¹" */
    0x0, 0x47, 0xfb, 0x4f, 0x5c, 0x2, 0x92, 0x45,
    0x0, 0x15, 0x59, 0x0, 0x21, 0x40, 0x3f, 0xfc,
    0x40,

    /* U+00BA "º" */
    0x0, 0xc, 0x6f, 0xf5, 0xa8, 0x6, 0x3f, 0x72,
    0x1, 0x4a, 0x90, 0x0, 0xe8, 0x96, 0x7f, 0x38,
    0x33, 0x83, 0x8, 0x61, 0x80, 0xc3, 0x4, 0x85,
    0x82, 0x88, 0x6, 0xb0, 0x14, 0x20, 0xd0, 0xe,
    0x20, 0x1, 0x0, 0x7f, 0xf0, 0x8, 0x34, 0x3,
    0x88, 0x0, 0x56, 0xa, 0x20, 0x1a, 0x80, 0x51,
    0x84, 0x30, 0xc0, 0x5d, 0xc1, 0x20, 0x3a, 0x25,
    0x9f, 0xd0, 0xa, 0xe0, 0x3, 0xf7, 0x20, 0x14,
    0xaa, 0x0, 0x0,

    /* U+00BB "»" */
    0x8f, 0xf2, 0x80, 0xf7, 0xe8, 0x7, 0x42, 0x5,
    0x10, 0xe8, 0x15, 0x80, 0x75, 0x90, 0x60, 0x9d,
    0x2, 0x40, 0x7, 0x78, 0x8b, 0x41, 0x5c, 0x1d,
    0x40, 0x31, 0x50, 0x1c, 0x84, 0x20, 0x51, 0x80,
    0x64, 0x80, 0x66, 0x5, 0x10, 0x68, 0x80, 0x67,
    0x40, 0x92, 0x1e, 0x1, 0xa0, 0xc, 0x68, 0x8,
    0x41, 0x20, 0xf, 0x0, 0x87, 0x40, 0xac, 0x1d,
    0x42, 0x10, 0x2, 0xd1, 0x17, 0x82, 0x40, 0x33,
    0x80, 0x52, 0x61, 0x44, 0x4a, 0x3, 0x90, 0x9,
    0x98, 0x12, 0x81, 0xe2, 0x2d, 0x0, 0x8e, 0x41,
    0x98, 0x14, 0x41, 0xa2, 0x1, 0x3d, 0x52, 0x40,
    0x7e, 0xb0, 0xc0, 0x30,

    /* U+00BC "¼" */
    0x0, 0x3b, 0xc0, 0x1f, 0xe4, 0x75, 0x0, 0x8b,
    0x62, 0x20, 0xf, 0xe1, 0xb8, 0x10, 0xb, 0x8,
    0xc0, 0x3f, 0xea, 0x6, 0x40, 0x8, 0x63, 0xc0,
    0x3f, 0xca, 0x83, 0x20, 0x1a, 0xdc, 0x3, 0xfc,
    0x36, 0x14, 0x1, 0xc8, 0x1, 0xff, 0x58, 0xaa,
    0x0, 0x7f, 0xf1, 0x15, 0x43, 0x60, 0x1f, 0xfc,
    0x41, 0xb0, 0xb1, 0x0, 0xff, 0xe2, 0x40, 0xa2,
    0x80, 0x7f, 0xf1, 0x11, 0x82, 0x80, 0x3f, 0xf8,
    0xb4, 0x12, 0x20, 0x16, 0x7d, 0x0, 0x7f, 0xa4,
    0x51, 0x80, 0x27, 0x30, 0x40, 0xc, 0x7f, 0xe0,
    0x1, 0xb0, 0x48, 0x4, 0x30, 0x1, 0xff, 0xc0,
    0xe0, 0x92, 0x0, 0xa0, 0x18, 0x3, 0xfd, 0x4,
    0x6c, 0x1, 0x1b, 0x15, 0x80, 0x7f, 0x1b, 0x87,
    0x0, 0x68, 0x8, 0x0, 0xff, 0x70, 0x41, 0x0,
    0x48, 0x83, 0x50, 0xf, 0xe7, 0x23, 0x70, 0xd,
    0x21, 0xe0, 0x1f, 0xc5, 0x1, 0xe0, 0x18, 0xc8,
    0x33, 0xf4, 0x7, 0xd0, 0x2, 0xe0, 0x73, 0x0,
    0xce, 0x1, 0xff, 0x39, 0x94, 0x0, 0x72, 0x7f,
    0xec, 0x1, 0xf4, 0x2, 0x80, 0xe0, 0xf, 0xfe,
    0x20,

    /* U+00BD "½" */
    0x0, 0x33, 0xb8, 0x3, 0xfc, 0x8e, 0xa0, 0x18,
    0xb6, 0x62, 0x0, 0x1f, 0xc3, 0x70, 0x20, 0x1b,
    0x8, 0xc0, 0x3f, 0xea, 0x6, 0x40, 0xc, 0x33,
    0xe0, 0x1f, 0xe5, 0x41, 0x80, 0xe, 0xc6, 0x0,
    0xff, 0xd, 0x85, 0x8, 0x7, 0x18, 0x7, 0xfd,
    0x62, 0xa8, 0x1, 0xff, 0xc5, 0x45, 0x1b, 0x0,
    0xff, 0xe2, 0x8d, 0x5, 0x88, 0x7, 0xff, 0x16,
    0x5, 0x14, 0x3, 0xff, 0x8a, 0x8c, 0x14, 0x1,
    0xff, 0xc6, 0x90, 0x91, 0x0, 0x3e, 0xfe, 0xb8,
    0x7, 0xfa, 0x49, 0x18, 0x1, 0x50, 0x40, 0x51,
    0x40, 0x11, 0xff, 0x80, 0x6, 0xc1, 0x20, 0x1,
    0x50, 0xaf, 0x90, 0x51, 0x0, 0xfb, 0x82, 0x48,
    0x2, 0xaa, 0x28, 0x30, 0x81, 0x0, 0x7a, 0x8,
    0xd8, 0x2, 0x15, 0x50, 0x0, 0x84, 0xc, 0x3,
    0x8d, 0xc3, 0x80, 0x3f, 0xb8, 0x20, 0x3, 0xdc,
    0x10, 0x40, 0x1f, 0xa8, 0xcc, 0xe0, 0x1c, 0xe4,
    0x6e, 0x1, 0xfa, 0x14, 0x74, 0x3, 0x8a, 0x3,
    0xc0, 0x3f, 0x33, 0x86, 0x88, 0x7, 0x70, 0x39,
    0x80, 0x7c, 0x92, 0x14, 0x60, 0x1c, 0xe6, 0x50,
    0x1, 0xf0, 0xd8, 0x2, 0xbf, 0xe6, 0x2, 0x80,
    0xe0, 0xf, 0xc6, 0x1, 0xf8,

    /* U+00BE "¾" */
    0x1, 0x9d, 0xfe, 0x90, 0xf, 0xf4, 0x7e, 0x0,
    0x6c, 0x62, 0x11, 0x35, 0x80, 0x7e, 0x37, 0xe,
    0x0, 0x8d, 0xdb, 0xb9, 0x80, 0x82, 0x1, 0xf7,
    0x4, 0x10, 0x4, 0x75, 0x22, 0x1, 0x84, 0x3,
    0xd0, 0x46, 0xe0, 0x1f, 0x56, 0x60, 0x68, 0x3,
    0xc6, 0xe1, 0xc0, 0x1f, 0x9c, 0xc0, 0xcc, 0x1,
    0xee, 0x8, 0x20, 0xf, 0xdb, 0xf4, 0x52, 0x80,
    0x1a, 0x8, 0xdc, 0x3, 0xfe, 0x54, 0xc, 0x0,
    0x8d, 0xc3, 0x80, 0x3e, 0x47, 0x50, 0x9, 0x80,
    0x3b, 0x82, 0x8, 0x3, 0xe1, 0x8a, 0xca, 0xd2,
    0xa, 0x0, 0x41, 0x1b, 0x80, 0x4f, 0xf2, 0x20,
    0xb0, 0x6, 0xa4, 0x4b, 0x20, 0x37, 0xe, 0x0,
    0x8e, 0x1, 0x8c, 0x0, 0xff, 0x97, 0xba, 0x40,
    0x7, 0x4, 0x10, 0x5, 0xe0, 0x1f, 0x8d, 0x8,
    0x2, 0x82, 0x37, 0x0, 0x94, 0xd4, 0x40, 0x3f,
    0xe3, 0x70, 0xe0, 0xd, 0x61, 0x0, 0x1f, 0xfc,
    0xe, 0x8, 0x20, 0x9, 0xc5, 0x88, 0x3, 0xfe,
    0x82, 0x37, 0x0, 0x86, 0x2, 0x0, 0x3f, 0xe3,
    0x70, 0xe0, 0xd, 0x61, 0x2, 0x1, 0xff, 0x70,
    0x41, 0x0, 0x65, 0x8, 0xff, 0x8, 0x6b, 0x80,
    0x74, 0x11, 0xb8, 0x7, 0xff, 0x7, 0xc0, 0x31,
    0xb8, 0x70, 0x7, 0xbf, 0xf8, 0x1, 0xb0, 0x1,
    0xb8, 0x20, 0x80, 0x3f, 0xf8, 0x60,

    /* U+00BF "¿" */
    0x0, 0xe5, 0xec, 0x10, 0xf, 0xea, 0x13, 0x80,
    0xf, 0xe1, 0x0, 0x8, 0x7, 0xf6, 0xa3, 0x40,
    0x7, 0xf1, 0xdc, 0x80, 0x7f, 0xf2, 0xc5, 0x10,
    0x1, 0xfe, 0x7b, 0xb0, 0x7, 0xfb, 0xc0, 0x3f,
    0xe1, 0x70, 0x30, 0xf, 0xc5, 0xa2, 0x16, 0x1,
    0xf2, 0x69, 0x82, 0x38, 0x7, 0x92, 0xc0, 0xf,
    0x60, 0x1f, 0x50, 0x2, 0xe0, 0x3, 0xe5, 0x10,
    0x84, 0x0, 0xfd, 0xa0, 0x7, 0x0, 0xfe, 0x10,
    0x10, 0xf, 0x2d, 0xd8, 0x78, 0x4, 0x40, 0x1d,
    0xe8, 0x81, 0x50, 0x4, 0x0, 0x63, 0x50, 0x40,
    0x25, 0x6, 0xb5, 0x48, 0xc0, 0x4, 0x0, 0x28,
    0xc1, 0x2a, 0xdc, 0x1, 0x46, 0x1, 0x64, 0x98,
    0x81, 0x36, 0xa8, 0x0,

    /* U+00C0 "À" */
    0x0, 0xf1, 0x14, 0x1, 0xff, 0xc4, 0xad, 0xd0,
    0x80, 0x7f, 0xf0, 0xe0, 0x82, 0x40, 0x3f, 0xf8,
    0x92, 0xe, 0x20, 0x1f, 0xfc, 0x34, 0x50, 0x60,
    0xf, 0xfe, 0x25, 0x7b, 0x80, 0x7f, 0xf5, 0x87,
    0xfe, 0x40, 0xf, 0xfe, 0x13, 0x80, 0x5c, 0x1,
    0xff, 0xc2, 0xa0, 0x30, 0x50, 0xf, 0xfe, 0x9,
    0x18, 0x78, 0x1, 0x40, 0x3f, 0xf8, 0xa, 0x2,
    0x68, 0x1c, 0x1, 0xff, 0xc0, 0xa0, 0x70, 0xd0,
    0x41, 0x0, 0xff, 0x11, 0x3, 0x1, 0xc0, 0xe,
    0x1, 0xfe, 0xa0, 0x2, 0x80, 0x98, 0x50, 0x7,
    0xf9, 0x81, 0x40, 0x2b, 0x3, 0x20, 0xf, 0xc6,
    0x21, 0xe0, 0x13, 0x0, 0x28, 0x3, 0xf5, 0x0,
    0x14, 0x2, 0x13, 0x5, 0x0, 0xfc, 0xe0, 0xa0,
    0x1d, 0x40, 0x46, 0x1, 0xe4, 0x10, 0x2, 0xaf,
    0x0, 0x54, 0x1, 0xee, 0x0, 0x2d, 0x57, 0x48,
    0x1, 0xc0, 0x3c, 0xa0, 0x1f, 0xf0, 0xa0, 0x6,
    0x50, 0x5, 0x7f, 0xfd, 0xc0, 0xe, 0x0, 0xdc,
    0x0, 0x50, 0xf, 0x85, 0x1, 0x40, 0x21, 0x40,
    0x50, 0xf, 0xee, 0x0, 0x28, 0x1, 0xc0, 0x1c,
    0x1, 0xfc, 0xa0, 0xe, 0x0, 0x50, 0x1, 0x0,
    0x3f, 0xca, 0x8, 0x22, 0x30, 0x50, 0xf, 0xfb,
    0x80, 0xe,

    /* U+00C1 "Á" */
    0x0, 0xff, 0x24, 0x38, 0x7, 0xff, 0x12, 0x9f,
    0x40, 0x3f, 0xf8, 0x6a, 0x21, 0x60, 0x1f, 0xfc,
    0x39, 0x8, 0x10, 0xf, 0xfe, 0x11, 0x98, 0x9c,
    0x3, 0xff, 0x86, 0x7f, 0xa0, 0x1f, 0xfd, 0x61,
    0xff, 0x90, 0x3, 0xff, 0x84, 0xe0, 0x17, 0x0,
    0x7f, 0xf0, 0xa8, 0xc, 0x14, 0x3, 0xff, 0x82,
    0x46, 0x1e, 0x0, 0x50, 0xf, 0xfe, 0x2, 0x80,
    0x9a, 0x7, 0x0, 0x7f, 0xf0, 0x28, 0x1c, 0x34,
    0x10, 0x40, 0x3f, 0xc4, 0x40, 0xc0, 0x70, 0x3,
    0x80, 0x7f, 0xa8, 0x0, 0xa0, 0x26, 0x14, 0x1,
    0xfe, 0x60, 0x50, 0xa, 0xc0, 0xc8, 0x3, 0xf1,
    0x88, 0x78, 0x4, 0xc0, 0xa, 0x0, 0xfd, 0x40,
    0x5, 0x0, 0x84, 0xc1, 0x40, 0x3f, 0x38, 0x28,
    0x7, 0x50, 0x11, 0x80, 0x79, 0x4, 0x0, 0xab,
    0xc0, 0x15, 0x0, 0x7b, 0x80, 0xb, 0x55, 0xd2,
    0x0, 0x70, 0xf, 0x28, 0x7, 0xfc, 0x28, 0x1,
    0x94, 0x1, 0x5f, 0xff, 0x70, 0x3, 0x80, 0x37,
    0x0, 0x14, 0x3, 0xe1, 0x40, 0x50, 0x8, 0x50,
    0x14, 0x3, 0xfb, 0x80, 0xa, 0x0, 0x70, 0x7,
    0x0, 0x7f, 0x28, 0x3, 0x80, 0x14, 0x0, 0x40,
    0xf, 0xf2, 0x82, 0x8, 0x8c, 0x14, 0x3, 0xfe,
    0xe0, 0x3, 0x80,

    /* U+00C2 "Â" */
    0x0, 0xfc, 0xb0, 0xe0, 0x1f, 0xfc, 0x35, 0xa7,
    0x89, 0x0, 0xff, 0xe0, 0x9d, 0x5, 0x13, 0x30,
    0x3, 0xfe, 0x1d, 0x8, 0x5e, 0x9, 0x40, 0xf,
    0xf2, 0x34, 0x38, 0x1d, 0xb9, 0x0, 0x7f, 0x96,
    0x1c, 0x2, 0x48, 0x60, 0xf, 0xfe, 0x98, 0xff,
    0xc8, 0x1, 0xff, 0xc2, 0x70, 0xb, 0x80, 0x3f,
    0xf8, 0x54, 0x6, 0xa, 0x1, 0xff, 0xc1, 0x23,
    0xf, 0x0, 0x28, 0x7, 0xff, 0x1, 0x40, 0x4d,
    0x3, 0x80, 0x3f, 0xf8, 0x14, 0xe, 0x1a, 0x8,
    0x20, 0x1f, 0xe2, 0x20, 0x60, 0x38, 0x1, 0xc0,
    0x3f, 0xd4, 0x0, 0x50, 0x13, 0xa, 0x0, 0xff,
    0x30, 0x28, 0x5, 0x60, 0x64, 0x1, 0xf8, 0xc4,
    0x3c, 0x2, 0x60, 0x5, 0x0, 0x7e, 0xa0, 0x2,
    0x80, 0x42, 0x60, 0xa0, 0x1f, 0x9c, 0x14, 0x3,
    0xa8, 0x8, 0xc0, 0x3c, 0x82, 0x0, 0x55, 0xe0,
    0xa, 0x80, 0x3d, 0xc0, 0x5, 0xaa, 0xe9, 0x0,
    0x38, 0x7, 0x94, 0x3, 0xfe, 0x14, 0x0, 0xca,
    0x0, 0xaf, 0xff, 0xb8, 0x1, 0xc0, 0x1b, 0x80,
    0xa, 0x1, 0xf0, 0xa0, 0x28, 0x4, 0x28, 0xa,
    0x1, 0xfd, 0xc0, 0x5, 0x0, 0x38, 0x3, 0x80,
    0x3f, 0x94, 0x1, 0xc0, 0xa, 0x0, 0x20, 0x7,
    0xf9, 0x41, 0x4, 0x46, 0xa, 0x1, 0xff, 0x70,
    0x1, 0xc0,

    /* U+00C3 "Ã" */
    0x0, 0xf2, 0x5d, 0x98, 0xb, 0x5c, 0x3, 0xfe,
    0xa4, 0x44, 0xfe, 0x11, 0x0, 0x3f, 0xc8, 0x2d,
    0xd0, 0x42, 0xaa, 0x0, 0xff, 0x27, 0xc8, 0xbe,
    0xfd, 0x0, 0x7f, 0xf9, 0xc7, 0xfe, 0x40, 0xf,
    0xfe, 0x13, 0x80, 0x5c, 0x1, 0xff, 0xc2, 0xa0,
    0x30, 0x50, 0xf, 0xfe, 0x9, 0x18, 0x78, 0x1,
    0x40, 0x3f, 0xf8, 0xa, 0x2, 0x68, 0x1c, 0x1,
    0xff, 0xc0, 0xa0, 0x70, 0xd0, 0x41, 0x0, 0xff,
    0x11, 0x3, 0x1, 0xc0, 0xe, 0x1, 0xfe, 0xa0,
    0x2, 0x80, 0x98, 0x50, 0x7, 0xf9, 0x81, 0x40,
    0x2b, 0x3, 0x20, 0xf, 0xc6, 0x21, 0xe0, 0x13,
    0x0, 0x28, 0x3, 0xf5, 0x0, 0x14, 0x2, 0x13,
    0x5, 0x0, 0xfc, 0xe0, 0xa0, 0x1d, 0x40, 0x46,
    0x1, 0xe4, 0x10, 0x2, 0xaf, 0x0, 0x54, 0x1,
    0xee, 0x0, 0x2d, 0x57, 0x48, 0x1, 0xc0, 0x3c,
    0xa0, 0x1f, 0xf0, 0xa0, 0x6, 0x50, 0x5, 0x7f,
    0xfd, 0xc0, 0xe, 0x0, 0xdc, 0x0, 0x50, 0xf,
    0x85, 0x1, 0x40, 0x21, 0x40, 0x50, 0xf, 0xee,
    0x0, 0x28, 0x1, 0xc0, 0x1c, 0x1, 0xfc, 0xa0,
    0xe, 0x0, 0x50, 0x1, 0x0, 0x3f, 0xca, 0x8,
    0x22, 0x30, 0x50, 0xf, 0xfb, 0x80, 0xe,

    /* U+00C4 "Ä" */
    0x0, 0xe5, 0xec, 0x0, 0xa3, 0xe4, 0x3, 0xfd,
    0x22, 0x6a, 0x0, 0x70, 0x61, 0x0, 0xfe, 0x50,
    0x3, 0x80, 0x8, 0x8, 0x40, 0x3f, 0xa6, 0xf4,
    0x80, 0x1b, 0x78, 0x1, 0xff, 0x21, 0x0, 0x64,
    0x10, 0xf, 0xfe, 0x98, 0xff, 0xc8, 0x1, 0xff,
    0xc2, 0x70, 0xb, 0x80, 0x3f, 0xf8, 0x54, 0x6,
    0xa, 0x1, 0xff, 0xc1, 0x23, 0xf, 0x0, 0x28,
    0x7, 0xff, 0x1, 0x40, 0x4d, 0x3, 0x80, 0x3f,
    0xf8, 0x14, 0xe, 0x1a, 0x8, 0x20, 0x1f, 0xe2,
    0x20, 0x60, 0x38, 0x1, 0xc0, 0x3f, 0xd4, 0x0,
    0x50, 0x13, 0xa, 0x0, 0xff, 0x30, 0x28, 0x5,
    0x60, 0x64, 0x1, 0xf8, 0xc4, 0x3c, 0x2, 0x60,
    0x5, 0x0, 0x7e, 0xa0, 0x2, 0x80, 0x42, 0x60,
    0xa0, 0x1f, 0x9c, 0x14, 0x3, 0xa8, 0x8, 0xc0,
    0x3c, 0x82, 0x0, 0x55, 0xe0, 0xa, 0x80, 0x3d,
    0xc0, 0x5, 0xaa, 0xe9, 0x0, 0x38, 0x7, 0x94,
    0x3, 0xfe, 0x14, 0x0, 0xca, 0x0, 0xaf, 0xff,
    0xb8, 0x1, 0xc0, 0x1b, 0x80, 0xa, 0x1, 0xf0,
    0xa0, 0x28, 0x4, 0x28, 0xa, 0x1, 0xfd, 0xc0,
    0x5, 0x0, 0x38, 0x3, 0x80, 0x3f, 0x94, 0x1,
    0xc0, 0xa, 0x0, 0x20, 0x7, 0xf9, 0x41, 0x4,
    0x46, 0xa, 0x1, 0xff, 0x70, 0x1, 0xc0,

    /* U+00C5 "Å" */
    0x0, 0xf8, 0x62, 0xe9, 0x0, 0x3f, 0xf8, 0x25,
    0xce, 0x8b, 0x6c, 0x1, 0xff, 0xc0, 0x90, 0x8f,
    0xb0, 0x90, 0xf, 0xfe, 0x2, 0x83, 0x82, 0x20,
    0xc, 0x3, 0xfe, 0x20, 0x40, 0x15, 0x2, 0x0,
    0xff, 0xa0, 0x2f, 0x78, 0x58, 0x40, 0x3f, 0xe4,
    0xb3, 0x21, 0x89, 0x0, 0xff, 0xe0, 0xa6, 0x7f,
    0x38, 0x7, 0xff, 0x8, 0x7f, 0xe4, 0x0, 0xff,
    0xe1, 0x38, 0x5, 0xc0, 0x1f, 0xfc, 0x2a, 0x3,
    0x5, 0x0, 0xff, 0xe0, 0x91, 0x87, 0x80, 0x14,
    0x3, 0xff, 0x80, 0xa0, 0x26, 0x81, 0xc0, 0x1f,
    0xfc, 0xa, 0x7, 0xd, 0x4, 0x10, 0xf, 0xf1,
    0x10, 0x30, 0x1c, 0x0, 0xe0, 0x1f, 0xea, 0x0,
    0x28, 0x9, 0x85, 0x0, 0x7f, 0x98, 0x14, 0x2,
    0xb0, 0x32, 0x0, 0xfc, 0x62, 0x1e, 0x1, 0x30,
    0x2, 0x80, 0x3f, 0x50, 0x1, 0x40, 0x21, 0x30,
    0x50, 0xf, 0xce, 0xa, 0x1, 0xd4, 0x4, 0x60,
    0x1e, 0x41, 0x0, 0x2a, 0xf0, 0x5, 0x40, 0x1e,
    0xe0, 0x2, 0xd5, 0x74, 0x80, 0x1c, 0x3, 0xca,
    0x1, 0xff, 0xa, 0x0, 0x65, 0x0, 0x57, 0xff,
    0xdc, 0x0, 0xe0, 0xd, 0xc0, 0x5, 0x0, 0xf8,
    0x50, 0x14, 0x2, 0x14, 0x5, 0x0, 0xfe, 0xe0,
    0x2, 0x80, 0x1c, 0x1, 0xc0, 0x1f, 0xca, 0x0,
    0xe0, 0x5, 0x0, 0x10, 0x3, 0xfc, 0xa0, 0x82,
    0x23, 0x5, 0x0, 0xff, 0xb8, 0x0, 0xe0,

    /* U+00C6 "Æ" */
    0x0, 0xff, 0x5f, 0xff, 0xff, 0xb, 0x40, 0x3f,
    0x8d, 0x0, 0xc8, 0x3, 0xff, 0x93, 0x20, 0x39,
    0x40, 0x9, 0x9f, 0xe8, 0x0, 0xfc, 0x4a, 0x12,
    0x1, 0x99, 0xbf, 0x94, 0x3, 0xf5, 0x80, 0x18,
    0x3, 0xff, 0x92, 0x2c, 0xc, 0x20, 0x1f, 0xfc,
    0x99, 0x0, 0x58, 0x7, 0xff, 0x29, 0xc1, 0x48,
    0x3, 0xff, 0x92, 0xe0, 0x9, 0x0, 0xff, 0xe5,
    0x48, 0x19, 0x80, 0x3d, 0xff, 0xfc, 0x60, 0x1c,
    0xc2, 0x12, 0x1, 0xff, 0xca, 0xb0, 0x25, 0x0,
    0xfa, 0x6a, 0xbf, 0x10, 0x6, 0x52, 0xb, 0x0,
    0xfc, 0xca, 0xbf, 0x84, 0x3, 0x48, 0x2, 0x7f,
    0xfa, 0x0, 0x3f, 0xf8, 0x68, 0x60, 0x1f, 0xfc,
    0xcf, 0x0, 0x56, 0x67, 0x94, 0x3, 0xff, 0x84,
    0x68, 0xc, 0xa6, 0x7e, 0xd0, 0xf, 0xfe, 0x14,
    0x80, 0x2c, 0x3, 0xff, 0x92, 0x4a, 0x8, 0x40,
    0x1f, 0xe6, 0x6f, 0xe5, 0xb, 0x0, 0x40, 0x7,
    0xfd, 0x33, 0xfd, 0x42, 0xc0, 0x66, 0x0, 0xff,
    0xe4, 0x80,

    /* U+00C7 "Ç" */
    0x0, 0xf3, 0x5f, 0x7f, 0xb2, 0x48, 0x3, 0xf2,
    0xf4, 0xa0, 0x80, 0xd, 0xb6, 0x40, 0x3c, 0xf4,
    0x20, 0x2a, 0xee, 0x30, 0x3, 0x60, 0x6, 0x48,
    0x0, 0x4f, 0x54, 0x43, 0x34, 0xc0, 0xe8, 0x2,
    0xa0, 0x6, 0x30, 0x7, 0x16, 0x20, 0x29, 0x83,
    0x8, 0x41, 0x80, 0x7e, 0x90, 0x5, 0x5, 0x0,
    0xb8, 0x7, 0xf1, 0x31, 0x80, 0xc, 0x1c, 0x3,
    0xfe, 0x9c, 0x93, 0x0, 0x78, 0x7, 0xff, 0x9,
    0xc0, 0x4, 0x1, 0xff, 0xc2, 0x10, 0x3, 0x80,
    0x7f, 0xf0, 0x84, 0x0, 0xe0, 0x1f, 0xfc, 0x27,
    0x0, 0x10, 0x7, 0xff, 0x8, 0xc0, 0x1e, 0x1,
    0xff, 0xc3, 0x30, 0x70, 0xf, 0xfa, 0x72, 0x42,
    0x80, 0x5c, 0x3, 0xf8, 0x98, 0xc0, 0xc, 0x21,
    0x6, 0x1, 0xfb, 0x80, 0x14, 0x0, 0xb0, 0x6,
    0x30, 0x7, 0x1e, 0x18, 0x31, 0x80, 0x16, 0x0,
    0x13, 0xd5, 0x10, 0xcc, 0x18, 0x1c, 0x80, 0x67,
    0xa1, 0x1, 0x57, 0x71, 0x80, 0x1b, 0x0, 0x3c,
    0xbd, 0x28, 0x20, 0x2, 0x6d, 0x90, 0xf, 0xe6,
    0xbf, 0x9, 0xd9, 0x20, 0xf, 0xfe, 0x1, 0x5,
    0xd0, 0x80, 0x7f, 0xf0, 0x45, 0x98, 0xb4, 0x1,
    0xff, 0xc1, 0x29, 0xb1, 0x50, 0xf, 0xfe, 0xb,
    0x3c, 0x8a, 0x80, 0x7f, 0xf0, 0x6e, 0x1d, 0x24,
    0x3, 0x80,

    /* U+00C8 "È" */
    0x0, 0x88, 0xa0, 0xf, 0xf2, 0xee, 0x88, 0x3,
    0xf9, 0xcc, 0x20, 0x3, 0xfd, 0xe0, 0xa2, 0x1,
    0xfc, 0x6e, 0x10, 0x1, 0xfe, 0x8f, 0x90, 0xf,
    0xfe, 0x34, 0x7f, 0xff, 0xdc, 0x1, 0xff, 0xc4,
    0x99, 0xfe, 0xb0, 0x9, 0xd9, 0xbf, 0x28, 0x7,
    0xff, 0xe3, 0xbf, 0xff, 0x18, 0x7, 0xff, 0x12,
    0x67, 0xf8, 0x80, 0x27, 0x66, 0xfc, 0x20, 0x1f,
    0xff, 0x87, 0x66, 0xfe, 0x0, 0xa6, 0x7f, 0xc0,
    0x1f, 0xfc, 0x10,

    /* U+00C9 "É" */
    0x0, 0xf9, 0x22, 0x2, 0x1, 0xfd, 0x2e, 0x62,
    0x1, 0xf9, 0x8, 0x24, 0x3, 0xfb, 0xc1, 0xc8,
    0x3, 0xf1, 0x20, 0xc0, 0x7, 0xf1, 0x7f, 0x0,
    0x7f, 0xf1, 0xa3, 0xff, 0xfe, 0xe0, 0xf, 0xfe,
    0x24, 0xcf, 0xf5, 0x80, 0x4e, 0xcd, 0xf9, 0x40,
    0x3f, 0xff, 0x1d, 0xff, 0xf8, 0xc0, 0x3f, 0xf8,
    0x93, 0x3f, 0xc4, 0x1, 0x3b, 0x37, 0xe1, 0x0,
    0xff, 0xfc, 0x3b, 0x37, 0xf0, 0x5, 0x33, 0xfe,
    0x0, 0xff, 0xe0, 0x80,

    /* U+00CA "Ê" */
    0x0, 0xe5, 0x87, 0x0, 0xfe, 0x4a, 0x78, 0xb0,
    0xf, 0x8a, 0xc2, 0x89, 0x20, 0x3, 0x87, 0xc1,
    0xd7, 0xc1, 0xd4, 0x3, 0x2a, 0xa2, 0x0, 0x56,
    0xe4, 0x1, 0x92, 0x1c, 0x2, 0x48, 0x70, 0xf,
    0xfe, 0x1c, 0x7f, 0xff, 0xdc, 0x1, 0xff, 0xc4,
    0x99, 0xfe, 0xb0, 0x9, 0xd9, 0xbf, 0x28, 0x7,
    0xff, 0xe3, 0xbf, 0xff, 0x18, 0x7, 0xff, 0x12,
    0x67, 0xf8, 0x80, 0x27, 0x66, 0xfc, 0x20, 0x1f,
    0xff, 0x87, 0x66, 0xfe, 0x0, 0xa6, 0x7f, 0xc0,
    0x1f, 0xfc, 0x10,

    /* U+00CB "Ë" */
    0x0, 0x27, 0x60, 0x80, 0x1f, 0xe8, 0x3, 0x78,
    0x9b, 0x80, 0x20, 0x14, 0x80, 0x2c, 0x0, 0x28,
    0x1, 0x0, 0x48, 0x2, 0x7b, 0xd3, 0x0, 0x5d,
    0xbc, 0x3, 0x90, 0x80, 0x32, 0x8, 0x7, 0xff,
    0xe, 0x3f, 0xff, 0xee, 0x0, 0xff, 0xe2, 0x4c,
    0xff, 0x58, 0x4, 0xec, 0xdf, 0x94, 0x3, 0xff,
    0xf1, 0xdf, 0xff, 0x8c, 0x3, 0xff, 0x89, 0x33,
    0xfc, 0x40, 0x13, 0xb3, 0x7e, 0x10, 0xf, 0xff,
    0xc3, 0xb3, 0x7f, 0x0, 0x53, 0x3f, 0xe0, 0xf,
    0xfe, 0x8,

    /* U+00CC "Ì" */
    0x12, 0x20, 0x4, 0xfb, 0xa3, 0x0, 0x31, 0x84,
    0x80, 0x5c, 0xa, 0x40, 0x2, 0x70, 0xb0, 0xa,
    0x3e, 0x40, 0x3f, 0xa3, 0xfc, 0x20, 0x1f, 0xff,
    0xf0, 0xf, 0xff, 0x8,

    /* U+00CD "Í" */
    0x0, 0x24, 0x40, 0x40, 0x12, 0xe8, 0x20, 0x84,
    0x1c, 0x0, 0xe0, 0x62, 0x1, 0x51, 0x80, 0x0,
    0xff, 0x8, 0x7, 0xe8, 0xff, 0x8, 0x7, 0xff,
    0xfc, 0x3, 0xff, 0xc6,

    /* U+00CE "Î" */
    0x0, 0x96, 0x1c, 0x40, 0x39, 0x29, 0xe2, 0x80,
    0x31, 0x50, 0x49, 0xa4, 0x0, 0x7, 0xc5, 0x99,
    0xc2, 0xea, 0xa, 0xa8, 0x90, 0x2d, 0x72, 0x4,
    0x87, 0x0, 0x8e, 0x1c, 0x3, 0xff, 0x85, 0x1f,
    0xe1, 0x0, 0xff, 0xff, 0x80, 0x7f, 0xff, 0xc0,
    0x3f, 0xfd, 0x20,

    /* U+00CF "Ï" */
    0x3e, 0xd1, 0x0, 0x3f, 0xd0, 0x48, 0x93, 0x0,
    0x24, 0x14, 0xf4, 0x0, 0x80, 0x5, 0x1, 0x27,
    0xcd, 0x30, 0x5, 0xdb, 0xc4, 0xc, 0x80, 0x32,
    0x8, 0x7, 0xff, 0xa, 0x3f, 0xc2, 0x1, 0xff,
    0xff, 0x0, 0xff, 0xff, 0x80, 0x7f, 0xfa, 0x40,

    /* U+00D0 "Ð" */
    0x0, 0x17, 0xff, 0xdd, 0x92, 0x60, 0x1f, 0xfc,
    0x31, 0x36, 0xcb, 0x10, 0xf, 0xc7, 0x33, 0x9d,
    0x40, 0x9, 0xe4, 0x1, 0xf5, 0x33, 0x68, 0xae,
    0x60, 0x1c, 0x10, 0xf, 0xfe, 0x8, 0xcc, 0x0,
    0xc0, 0x7, 0xff, 0xd, 0xcc, 0x18, 0x40, 0x3f,
    0xf8, 0x70, 0x0, 0x70, 0xf, 0xfe, 0x1a, 0x0,
    0x3c, 0x3, 0xff, 0x88, 0x60, 0xb7, 0xfa, 0x0,
    0x9f, 0xfd, 0xa0, 0x1c, 0xe0, 0x20, 0x1f, 0xfc,
    0x41, 0x3, 0xad, 0xa0, 0x3, 0x6e, 0xef, 0x0,
    0xe1, 0x3, 0x12, 0x70, 0x7, 0x91, 0x70, 0x7,
    0x38, 0x8, 0x7, 0xff, 0x10, 0xc1, 0x40, 0x3f,
    0xf8, 0x6a, 0x0, 0xc0, 0xf, 0xfe, 0x1c, 0x0,
    0x14, 0x3, 0xff, 0x85, 0x4, 0xe, 0x1, 0xff,
    0xc1, 0x1a, 0x70, 0x28, 0x0, 0xf5, 0x33, 0x68,
    0xbe, 0x50, 0x1f, 0x0, 0xf8, 0xe6, 0x73, 0xa0,
    0x1, 0x3c, 0x80, 0x3f, 0xf8, 0x2, 0x6f, 0x96,
    0x20, 0x10,

    /* U+00D1 "Ñ" */
    0x0, 0xe5, 0xbb, 0x28, 0x1e, 0xb0, 0x7, 0xe1,
    0xa4, 0x45, 0x76, 0x11, 0x0, 0x3f, 0x20, 0x46,
    0xb9, 0x83, 0x20, 0x7, 0xe5, 0xf7, 0x28, 0xdf,
    0x90, 0xf, 0xfe, 0xdc, 0x7f, 0xb4, 0x3, 0xfd,
    0xfe, 0xa0, 0x8, 0x9c, 0x3, 0xff, 0x89, 0x2,
    0x1, 0xff, 0xc1, 0x11, 0x5, 0x80, 0x7f, 0xf0,
    0xa0, 0x15, 0x0, 0x3f, 0xf8, 0x2, 0xc4, 0x12,
    0x1, 0xff, 0xc2, 0x80, 0x28, 0x0, 0xff, 0xe0,
    0xaa, 0x3, 0x90, 0x7, 0xfc, 0x21, 0x20, 0xe,
    0x0, 0xff, 0xe0, 0x93, 0x81, 0xb0, 0x7, 0xff,
    0x6, 0x4, 0x20, 0x40, 0x3f, 0xf8, 0x36, 0x3,
    0x0, 0x1f, 0xfc, 0x15, 0x40, 0x63, 0x0, 0xff,
    0xe0, 0xd0, 0x3, 0x80, 0x3f, 0xf8, 0x23, 0x0,
    0x4c, 0x1, 0xff, 0xc1, 0x72, 0x8, 0x1, 0x0,
    0xff, 0xe0, 0x70, 0xc, 0x0, 0x7f, 0xf0, 0x4d,
    0x81, 0xc0, 0x3f, 0xf8, 0x50, 0x20, 0x20, 0x1f,
    0xfc, 0x11, 0x80, 0xf, 0xfe, 0x23, 0x18, 0x4,

    /* U+00D2 "Ò" */
    0x0, 0xf1, 0x14, 0x1, 0xff, 0xc4, 0x5d, 0xd1,
    0x0, 0x7f, 0xf0, 0xdc, 0x82, 0xc0, 0x3f, 0xf8,
    0x9c, 0xc, 0x20, 0x1f, 0xfc, 0x33, 0x60, 0x90,
    0xf, 0xfe, 0x24, 0xfc, 0x0, 0x7f, 0xf5, 0x5a,
    0xfb, 0xfd, 0xb0, 0x40, 0x1f, 0xc9, 0xd2, 0x82,
    0x0, 0x27, 0xd9, 0x0, 0xf9, 0xac, 0x40, 0x55,
    0xd8, 0xc0, 0xd, 0x82, 0x1, 0x92, 0x40, 0x13,
    0xd5, 0x13, 0x9a, 0x60, 0x74, 0x1, 0xa8, 0x1,
    0x8c, 0x1, 0xc5, 0x88, 0x8, 0xa0, 0x6, 0x10,
    0x83, 0x0, 0xfd, 0x40, 0x8, 0x0, 0x50, 0xb,
    0x80, 0x7f, 0xb, 0x81, 0x10, 0xc, 0x1c, 0x3,
    0xfe, 0xb0, 0x2, 0x98, 0x3, 0xc0, 0x3f, 0xe3,
    0x0, 0x73, 0x80, 0x8, 0x3, 0xff, 0x80, 0x20,
    0x42, 0x0, 0x70, 0xf, 0xfe, 0x1, 0x0, 0x4,
    0x0, 0xe0, 0x1f, 0xfc, 0x2, 0x0, 0x38, 0x0,
    0x80, 0x3f, 0xf8, 0x2, 0x4, 0x60, 0xf, 0x0,
    0xff, 0x8c, 0x1, 0xc0, 0x60, 0xe0, 0x1f, 0xf5,
    0x80, 0x10, 0x28, 0x5, 0xc0, 0x3f, 0x85, 0xc0,
    0x8c, 0x18, 0x42, 0xc, 0x3, 0xf5, 0x0, 0x20,
    0x2, 0xa0, 0x6, 0x30, 0x7, 0x16, 0x20, 0x22,
    0x80, 0x49, 0x0, 0x9, 0xea, 0x89, 0xcd, 0x30,
    0x3a, 0x0, 0xe7, 0xa1, 0x1, 0x57, 0x63, 0x0,
    0x36, 0x8, 0x7, 0x97, 0xa5, 0x4, 0x0, 0x4d,
    0xb2, 0x1, 0x80,

    /* U+00D3 "Ó" */
    0x0, 0xff, 0x24, 0x38, 0x80, 0x7f, 0xf0, 0xe9,
    0xf4, 0x40, 0x3f, 0xf8, 0x4c, 0x22, 0xb0, 0xf,
    0xfe, 0x1d, 0x85, 0x88, 0x7, 0xff, 0x8, 0x56,
    0x54, 0x3, 0xff, 0x86, 0x30, 0xc0, 0x1f, 0xfd,
    0x56, 0xbe, 0xff, 0x6c, 0x10, 0x7, 0xf2, 0x74,
    0xa0, 0x80, 0x9, 0xf6, 0x40, 0x3e, 0x6b, 0x10,
    0x15, 0x76, 0x30, 0x3, 0x60, 0x80, 0x64, 0x90,
    0x4, 0xf5, 0x44, 0xe6, 0x98, 0x1d, 0x0, 0x6a,
    0x0, 0x63, 0x0, 0x71, 0x62, 0x2, 0x28, 0x1,
    0x84, 0x20, 0xc0, 0x3f, 0x50, 0x2, 0x0, 0x14,
    0x2, 0xe0, 0x1f, 0xc2, 0xe0, 0x44, 0x3, 0x7,
    0x0, 0xff, 0xac, 0x0, 0xa6, 0x0, 0xf0, 0xf,
    0xf8, 0xc0, 0x1c, 0xe0, 0x2, 0x0, 0xff, 0xe0,
    0x8, 0x10, 0x80, 0x1c, 0x3, 0xff, 0x80, 0x40,
    0x1, 0x0, 0x38, 0x7, 0xff, 0x0, 0x80, 0xe,
    0x0, 0x20, 0xf, 0xfe, 0x0, 0x81, 0x18, 0x3,
    0xc0, 0x3f, 0xe3, 0x0, 0x70, 0x18, 0x38, 0x7,
    0xfd, 0x60, 0x4, 0xa, 0x1, 0x70, 0xf, 0xe1,
    0x70, 0x23, 0x6, 0x10, 0x83, 0x0, 0xfd, 0x40,
    0x8, 0x0, 0xa8, 0x1, 0x8c, 0x1, 0xc5, 0x88,
    0x8, 0xa0, 0x12, 0x40, 0x2, 0x7a, 0xa2, 0x73,
    0x4c, 0xe, 0x80, 0x39, 0xe8, 0x40, 0x55, 0xd8,
    0xc0, 0xd, 0x82, 0x1, 0xe5, 0xe9, 0x41, 0x0,
    0x13, 0x6c, 0x80, 0x60,

    /* U+00D4 "Ô" */
    0x0, 0xfc, 0xb0, 0xe0, 0x1f, 0xfc, 0x34, 0xa7,
    0x8a, 0x0, 0xff, 0xe0, 0x95, 0x85, 0x12, 0xb8,
    0x7, 0xfc, 0x3e, 0xe, 0xbe, 0x10, 0x80, 0x1f,
    0xe5, 0x54, 0x40, 0xa, 0xdc, 0xc0, 0x3f, 0xc9,
    0xe, 0x1, 0x24, 0x38, 0x7, 0xff, 0x49, 0xaf,
    0xbf, 0xdb, 0x4, 0x1, 0xfc, 0x9d, 0x28, 0x20,
    0x2, 0x7d, 0x90, 0xf, 0x9a, 0xc4, 0x5, 0x5d,
    0x8c, 0x0, 0xd8, 0x20, 0x19, 0x24, 0x1, 0x3d,
    0x51, 0x39, 0xa6, 0x7, 0x40, 0x1a, 0x80, 0x18,
    0xc0, 0x1c, 0x58, 0x80, 0x8a, 0x0, 0x61, 0x8,
    0x30, 0xf, 0xd4, 0x0, 0x80, 0x5, 0x0, 0xb8,
    0x7, 0xf0, 0xb8, 0x11, 0x0, 0xc1, 0xc0, 0x3f,
    0xeb, 0x0, 0x29, 0x80, 0x3c, 0x3, 0xfe, 0x30,
    0x7, 0x38, 0x0, 0x80, 0x3f, 0xf8, 0x2, 0x4,
    0x20, 0x7, 0x0, 0xff, 0xe0, 0x10, 0x0, 0x40,
    0xe, 0x1, 0xff, 0xc0, 0x20, 0x3, 0x80, 0x8,
    0x3, 0xff, 0x80, 0x20, 0x46, 0x0, 0xf0, 0xf,
    0xf8, 0xc0, 0x1c, 0x6, 0xe, 0x1, 0xff, 0x58,
    0x1, 0x2, 0x80, 0x5c, 0x3, 0xf8, 0x5c, 0x8,
    0xc1, 0x84, 0x20, 0xc0, 0x3f, 0x50, 0x2, 0x0,
    0x2a, 0x0, 0x63, 0x0, 0x71, 0x62, 0x2, 0x28,
    0x4, 0x90, 0x0, 0x9e, 0xa8, 0x9c, 0xd3, 0x3,
    0xa0, 0xe, 0x7a, 0x10, 0x15, 0x76, 0x30, 0x3,
    0x60, 0x80, 0x79, 0x7a, 0x50, 0x40, 0x4, 0xdb,
    0x20, 0x18,

    /* U+00D5 "Õ" */
    0x0, 0xf2, 0xf7, 0x20, 0x45, 0xf4, 0x1, 0xff,
    0x58, 0x83, 0xf7, 0x86, 0x0, 0x7f, 0x8c, 0x5b,
    0xa8, 0xc5, 0x58, 0x3, 0xfc, 0x7f, 0x20, 0xb9,
    0xf4, 0x1, 0xff, 0xe6, 0x6b, 0xef, 0xf6, 0xc1,
    0x0, 0x7f, 0x27, 0x4a, 0x8, 0x0, 0x9f, 0x64,
    0x3, 0xe6, 0xb1, 0x1, 0x57, 0x63, 0x0, 0x36,
    0x8, 0x6, 0x49, 0x0, 0x4f, 0x54, 0x4e, 0x69,
    0x81, 0xd0, 0x6, 0xa0, 0x6, 0x30, 0x7, 0x16,
    0x20, 0x22, 0x80, 0x18, 0x42, 0xc, 0x3, 0xf5,
    0x0, 0x20, 0x1, 0x40, 0x2e, 0x1, 0xfc, 0x2e,
    0x4, 0x40, 0x30, 0x70, 0xf, 0xfa, 0xc0, 0xa,
    0x60, 0xf, 0x0, 0xff, 0x8c, 0x1, 0xce, 0x0,
    0x20, 0xf, 0xfe, 0x0, 0x81, 0x8, 0x1, 0xc0,
    0x3f, 0xf8, 0x4, 0x0, 0x10, 0x3, 0x80, 0x7f,
    0xf0, 0x8, 0x0, 0xe0, 0x2, 0x0, 0xff, 0xe0,
    0x8, 0x11, 0x80, 0x3c, 0x3, 0xfe, 0x30, 0x7,
    0x1, 0x83, 0x80, 0x7f, 0xd6, 0x0, 0x40, 0xa0,
    0x17, 0x0, 0xfe, 0x17, 0x2, 0x30, 0x61, 0x8,
    0x30, 0xf, 0xd4, 0x0, 0x80, 0xa, 0x80, 0x18,
    0xc0, 0x1c, 0x58, 0x80, 0x8a, 0x1, 0x24, 0x0,
    0x27, 0xaa, 0x27, 0x34, 0xc0, 0xe8, 0x3, 0x9e,
    0x84, 0x5, 0x5d, 0x8c, 0x0, 0xd8, 0x20, 0x1e,
    0x5e, 0x94, 0x10, 0x1, 0x36, 0xc8, 0x6,

    /* U+00D6 "Ö" */
    0x0, 0xf2, 0x10, 0x6, 0x41, 0x0, 0xff, 0x45,
    0xe9, 0x80, 0x2e, 0xde, 0x1, 0xfe, 0x30, 0x2,
    0x80, 0x10, 0x4, 0x80, 0x3f, 0xbc, 0x4d, 0xc0,
    0x10, 0xa, 0x40, 0x1f, 0xc9, 0xd8, 0x20, 0x7,
    0xfa, 0x0, 0xff, 0xf2, 0xb5, 0xf7, 0xfb, 0x60,
    0x80, 0x3f, 0x93, 0xa5, 0x4, 0x0, 0x4f, 0xb2,
    0x1, 0xf3, 0x58, 0x80, 0xab, 0xb1, 0x80, 0x1b,
    0x4, 0x3, 0x24, 0x80, 0x27, 0xaa, 0x27, 0x34,
    0xc0, 0xe8, 0x3, 0x50, 0x3, 0x18, 0x3, 0x8b,
    0x10, 0x11, 0x40, 0xc, 0x21, 0x6, 0x1, 0xfa,
    0x80, 0x10, 0x0, 0xa0, 0x17, 0x0, 0xfe, 0x17,
    0x2, 0x20, 0x18, 0x38, 0x7, 0xfd, 0x60, 0x5,
    0x30, 0x7, 0x80, 0x7f, 0xc6, 0x0, 0xe7, 0x0,
    0x10, 0x7, 0xff, 0x0, 0x40, 0x84, 0x0, 0xe0,
    0x1f, 0xfc, 0x2, 0x0, 0x8, 0x1, 0xc0, 0x3f,
    0xf8, 0x4, 0x0, 0x70, 0x1, 0x0, 0x7f, 0xf0,
    0x4, 0x8, 0xc0, 0x1e, 0x1, 0xff, 0x18, 0x3,
    0x80, 0xc1, 0xc0, 0x3f, 0xeb, 0x0, 0x20, 0x50,
    0xb, 0x80, 0x7f, 0xb, 0x81, 0x18, 0x30, 0x84,
    0x18, 0x7, 0xea, 0x0, 0x40, 0x5, 0x40, 0xc,
    0x60, 0xe, 0x2c, 0x40, 0x45, 0x0, 0x92, 0x0,
    0x13, 0xd5, 0x13, 0x9a, 0x60, 0x74, 0x1, 0xcf,
    0x42, 0x2, 0xae, 0xc6, 0x0, 0x6c, 0x10, 0xf,
    0x2f, 0x4a, 0x8, 0x0, 0x9b, 0x64, 0x3, 0x0,

    /* U+00D7 "×" */
    0x1, 0xa0, 0xf, 0xc8, 0xe0, 0xd, 0x5c, 0x0,
    0xf1, 0xdc, 0x30, 0x50, 0x1d, 0x80, 0x63, 0xc0,
    0x14, 0x6, 0x80, 0x4b, 0x0, 0x1e, 0x80, 0xe1,
    0x0, 0x1e, 0x1, 0x28, 0xf4, 0x45, 0x84, 0x1,
    0x9d, 0xc0, 0xb8, 0x22, 0xd2, 0x0, 0xf4, 0x20,
    0x5, 0xa6, 0x1, 0xf0, 0xa8, 0x5, 0x40, 0x1f,
    0xe, 0x8, 0x10, 0x34, 0x0, 0x70, 0xe1, 0x5,
    0xea, 0x83, 0xc0, 0x4, 0x38, 0x41, 0x68, 0x14,
    0xa0, 0xee, 0x0, 0x69, 0x5, 0x20, 0x5, 0x48,
    0x10, 0xc1, 0x41, 0x4a, 0x1, 0xd6, 0x82, 0x80,
    0xda, 0xa0, 0x1f, 0x5e, 0x10,

    /* U+00D8 "Ø" */
    0x0, 0xff, 0xe1, 0x88, 0x80, 0x3f, 0x35, 0xf7,
    0xfb, 0x60, 0x82, 0xfc, 0xc0, 0x39, 0x3a, 0x50,
    0x40, 0x4, 0xfb, 0xea, 0x2e, 0x1, 0x9a, 0xc4,
    0x5, 0x5d, 0x8c, 0x3, 0x2a, 0x0, 0x49, 0x20,
    0x9, 0xea, 0x89, 0xcc, 0x0, 0x42, 0x1, 0xa8,
    0x1, 0x8c, 0x1, 0xc8, 0x1, 0x22, 0x80, 0x18,
    0x42, 0xc, 0x3, 0x8a, 0x1, 0x40, 0x10, 0x0,
    0xa0, 0x17, 0x0, 0xf7, 0x81, 0xd3, 0x81, 0x10,
    0xc, 0x1c, 0x3, 0xd0, 0x41, 0xc1, 0x60, 0x5,
    0x30, 0x7, 0x80, 0x71, 0xb8, 0x41, 0x1, 0x80,
    0x39, 0xc0, 0x4, 0x1, 0xdc, 0x8, 0xe0, 0x10,
    0x81, 0x8, 0x1, 0xc0, 0x34, 0x90, 0xd0, 0x6,
    0x20, 0x0, 0x80, 0x1c, 0x2, 0x46, 0xb, 0x10,
    0xc, 0x40, 0x7, 0x0, 0x10, 0x0, 0x68, 0x15,
    0x40, 0x1c, 0x20, 0x46, 0x0, 0xf0, 0x5, 0x8,
    0xac, 0x3, 0x8c, 0x1, 0xc0, 0x60, 0xe0, 0xc8,
    0x14, 0x20, 0x1d, 0x60, 0x4, 0xa, 0x1, 0x99,
    0x3, 0x20, 0x7, 0xb, 0x81, 0x18, 0x30, 0x83,
    0x1, 0x48, 0x7, 0xa8, 0x1, 0x0, 0x15, 0x0,
    0x48, 0x1, 0xc5, 0x88, 0x8, 0xa0, 0x13, 0x0,
    0x4d, 0xd5, 0x13, 0x9a, 0x60, 0x74, 0x1, 0xbc,
    0x0, 0x20, 0x2a, 0xec, 0x60, 0x6, 0xc1, 0x0,
    0xce, 0x1b, 0xd2, 0x82, 0x0, 0x26, 0xd9, 0x0,
    0xf5, 0x69, 0x3, 0x5f, 0x7f, 0xb6, 0x48, 0x3,
    0x80,

    /* U+00D9 "Ù" */
    0x0, 0xed, 0xfc, 0x0, 0xff, 0xe1, 0x70, 0x1a,
    0x0, 0x7f, 0xf0, 0x4d, 0x83, 0xc0, 0x3f, 0xf8,
    0x52, 0x28, 0x40, 0x1f, 0xfc, 0x2f, 0xd3, 0x0,
    0xff, 0xe1, 0x9, 0x8, 0x7, 0xff, 0x32, 0x3f,
    0xc2, 0x1, 0xfc, 0x7f, 0xe6, 0x0, 0xff, 0xff,
    0x80, 0x7f, 0xff, 0xc0, 0x3f, 0xff, 0x47, 0xc0,
    0x2, 0x0, 0xfe, 0x60, 0x0, 0x90, 0x1, 0x0,
    0x3f, 0xbc, 0x0, 0xc8, 0x21, 0x24, 0x1, 0xf1,
    0xa8, 0x19, 0x4, 0x80, 0xf9, 0x80, 0x72, 0x68,
    0x2, 0x0, 0xe, 0xa0, 0x59, 0x89, 0x89, 0xdb,
    0x10, 0x74, 0x0, 0xa9, 0xc0, 0x6, 0xce, 0xc4,
    0x0, 0x98, 0x0, 0xe8, 0xd7, 0x31, 0x1, 0x38,
    0xe6, 0x0, 0x80,

    /* U+00DA "Ú" */
    0x0, 0xfe, 0x68, 0x60, 0xf, 0xfe, 0x9, 0xcb,
    0x98, 0x7, 0xff, 0x6, 0x1, 0x54, 0x1, 0xff,
    0xc0, 0x24, 0x1b, 0x0, 0xff, 0xe0, 0xb3, 0xd0,
    0x80, 0x7f, 0xf0, 0x52, 0x10, 0x3, 0xff, 0x99,
    0x1f, 0xe1, 0x0, 0xfe, 0x3f, 0xf3, 0x0, 0x7f,
    0xff, 0xc0, 0x3f, 0xff, 0xe0, 0x1f, 0xff, 0xa3,
    0xe0, 0x1, 0x0, 0x7f, 0x30, 0x0, 0x48, 0x0,
    0x80, 0x1f, 0xde, 0x0, 0x64, 0x10, 0x92, 0x0,
    0xf8, 0xd4, 0xc, 0x82, 0x40, 0x7c, 0xc0, 0x39,
    0x34, 0x1, 0x0, 0x7, 0x50, 0x2c, 0xc4, 0xc4,
    0xed, 0x88, 0x3a, 0x0, 0x54, 0xe0, 0x3, 0x67,
    0x62, 0x0, 0x4c, 0x0, 0x74, 0x6b, 0x98, 0x80,
    0x9c, 0x73, 0x0, 0x40,

    /* U+00DB "Û" */
    0x0, 0xf9, 0xe1, 0x80, 0x3f, 0xf8, 0x33, 0xf,
    0x2c, 0x1, 0xff, 0x33, 0x6, 0xc2, 0x4c, 0x3,
    0xf9, 0x24, 0x29, 0x24, 0x34, 0x40, 0x3f, 0x13,
    0xd2, 0x3, 0x4b, 0x20, 0x7, 0xe6, 0x85, 0x0,
    0x9a, 0x14, 0x3, 0xff, 0x93, 0x1f, 0xe1, 0x0,
    0xfe, 0x3f, 0xf3, 0x0, 0x7f, 0xff, 0xc0, 0x3f,
    0xff, 0xe0, 0x1f, 0xff, 0xa3, 0xe0, 0x1, 0x0,
    0x7f, 0x30, 0x0, 0x48, 0x0, 0x80, 0x1f, 0xde,
    0x0, 0x64, 0x10, 0x92, 0x0, 0xf8, 0xd4, 0xc,
    0x82, 0x40, 0x7c, 0xc0, 0x39, 0x34, 0x1, 0x0,
    0x7, 0x50, 0x2c, 0xc4, 0xc4, 0xed, 0x88, 0x3a,
    0x0, 0x54, 0xe0, 0x3, 0x67, 0x62, 0x0, 0x4c,
    0x0, 0x74, 0x6b, 0x98, 0x80, 0x9c, 0x73, 0x0,
    0x40,

    /* U+00DC "Ü" */
    0x0, 0xe4, 0x10, 0x8, 0x50, 0x3, 0xfb, 0x2f,
    0xc0, 0x3, 0xd7, 0x40, 0x1f, 0x8c, 0x4, 0x40,
    0xa0, 0x4, 0x0, 0xfc, 0xe0, 0xc2, 0x8, 0x80,
    0x80, 0xf, 0xd1, 0xf2, 0x1, 0x5f, 0xb0, 0x7,
    0xff, 0x6a, 0x3f, 0xc2, 0x1, 0xfc, 0x7f, 0xe6,
    0x0, 0xff, 0xff, 0x80, 0x7f, 0xff, 0xc0, 0x3f,
    0xff, 0x47, 0xc0, 0x2, 0x0, 0xfe, 0x60, 0x0,
    0x90, 0x1, 0x0, 0x3f, 0xbc, 0x0, 0xc8, 0x21,
    0x24, 0x1, 0xf1, 0xa8, 0x19, 0x4, 0x80, 0xf9,
    0x80, 0x72, 0x68, 0x2, 0x0, 0xe, 0xa0, 0x59,
    0x89, 0x89, 0xdb, 0x10, 0x74, 0x0, 0xa9, 0xc0,
    0x6, 0xce, 0xc4, 0x0, 0x98, 0x0, 0xe8, 0xd7,
    0x31, 0x1, 0x38, 0xe6, 0x0, 0x80,

    /* U+00DD "Ý" */
    0x0, 0xff, 0x34, 0x38, 0x7, 0xff, 0xc, 0x65,
    0xc0, 0x3f, 0xf8, 0x92, 0x4, 0xe0, 0x1f, 0xfc,
    0x36, 0x8, 0x0, 0xff, 0xe1, 0xa8, 0xa2, 0x80,
    0x7f, 0xf0, 0xd7, 0xec, 0x3, 0xff, 0x9e, 0x3d,
    0xfc, 0x20, 0x1f, 0xc3, 0xdf, 0xc2, 0x28, 0x1,
    0x80, 0xf, 0xe8, 0x10, 0x81, 0x6, 0x30, 0x63,
    0x0, 0xf8, 0xd8, 0xd, 0x80, 0x2e, 0x0, 0x78,
    0x7, 0xde, 0x0, 0xf0, 0xc, 0x4c, 0x6, 0xc0,
    0x1c, 0xa6, 0xc, 0x60, 0x1d, 0x22, 0x10, 0x20,
    0x1a, 0xc0, 0x64, 0x3, 0xeb, 0x1, 0x80, 0xa,
    0x4, 0x2c, 0x3, 0xf2, 0xa0, 0x31, 0x1, 0x38,
    0x1a, 0x80, 0x7f, 0x48, 0x2, 0x42, 0x0, 0x1c,
    0x1, 0xfe, 0x27, 0x4, 0x55, 0x3, 0x90, 0x7,
    0xfd, 0x2, 0x14, 0x3, 0x0, 0x1f, 0xfc, 0x1b,
    0x0, 0xac, 0x3, 0xff, 0x84, 0xa4, 0x4, 0xa0,
    0x1f, 0xfc, 0x31, 0x1, 0x0, 0xff, 0xff, 0x80,
    0x7f, 0xfd, 0x80,

    /* U+00DE "Þ" */
    0xbf, 0xe0, 0xf, 0xff, 0x58, 0xff, 0xee, 0xd8,
    0x20, 0xf, 0xf0, 0x93, 0xeb, 0x0, 0x75, 0x56,
    0x96, 0x0, 0x4a, 0x80, 0x42, 0xab, 0x9a, 0x78,
    0x82, 0xc0, 0x3f, 0xc3, 0x20, 0x28, 0x1, 0xfe,
    0x40, 0x1, 0x80, 0x7f, 0xf0, 0x7c, 0x3, 0xfc,
    0x20, 0xe, 0x0, 0xff, 0x40, 0x1, 0xc0, 0x3f,
    0x1d, 0xb0, 0x30, 0x80, 0x7, 0xff, 0xb1, 0x1,
    0x24, 0x3, 0xfc, 0x31, 0x60, 0x1d, 0x55, 0xaf,
    0x79, 0xc0, 0x38, 0x55, 0x72, 0x10, 0x7, 0xff,
    0x8c,

    /* U+00DF "ß" */
    0x0, 0x96, 0xfb, 0xfa, 0xd4, 0x3, 0xd7, 0x48,
    0x20, 0x29, 0x56, 0x1, 0xa9, 0x0, 0x5e, 0x5c,
    0x41, 0x28, 0x0, 0x4a, 0x7, 0xd0, 0xd1, 0xe4,
    0xa, 0x40, 0x80, 0xf, 0x0, 0xc3, 0x20, 0x7,
    0xe, 0x0, 0x18, 0x7, 0x28, 0x0, 0xc0, 0x3f,
    0xc6, 0x0, 0x20, 0xf, 0xf5, 0x81, 0x20, 0x7,
    0xe1, 0x86, 0x1e, 0x0, 0xf9, 0xff, 0x9d, 0x7c,
    0xc0, 0x3f, 0xe5, 0xd4, 0x0, 0xf9, 0x26, 0x4e,
    0x27, 0x6c, 0x1, 0xe3, 0x66, 0x47, 0x98, 0x48,
    0x80, 0x7f, 0xf, 0x0, 0x18, 0x3, 0xfc, 0x42,
    0x1c, 0x1, 0xff, 0xc1, 0x30, 0xf, 0xf0, 0x88,
    0x8, 0x3, 0xfd, 0x40, 0xa, 0x0, 0xe3, 0x55,
    0x3e, 0xa0, 0x29, 0x0, 0x75, 0x55, 0x4, 0x9,
    0x40, 0x1f, 0xc2, 0x93, 0x60, 0x0,

    /* U+00E0 "à" */
    0x0, 0x88, 0xa0, 0xf, 0xf5, 0xee, 0x84, 0x3,
    0xfa, 0x44, 0x24, 0x3, 0xfd, 0x40, 0xe0, 0x1f,
    0xe4, 0x50, 0x70, 0xf, 0xf5, 0x7b, 0x80, 0x7f,
    0xf2, 0x52, 0xbb, 0xfb, 0x20, 0x40, 0x35, 0x5a,
    0x88, 0x9, 0xbf, 0x98, 0x2, 0x94, 0xa, 0x6e,
    0xce, 0x3, 0xc0, 0x28, 0x9, 0xac, 0x88, 0x8a,
    0x2, 0x41, 0xeb, 0xa0, 0xe, 0x50, 0x1, 0x80,
    0x10, 0x40, 0x3f, 0x78, 0x7, 0x12, 0xbc, 0xe8,
    0x0, 0x40, 0xb, 0x7f, 0xb5, 0xc, 0x40, 0x1a,
    0xe9, 0x0, 0x51, 0xa7, 0x44, 0x0, 0xc8, 0xb,
    0xbd, 0x72, 0xc4, 0x1, 0x60, 0x15, 0x10, 0x7,
    0x8, 0x0, 0x41, 0x80, 0x3c, 0x80, 0x11, 0x2,
    0x8, 0x6, 0x19, 0x0, 0xa8, 0x1, 0xee, 0x8b,
    0x1e, 0x62, 0x0, 0x38, 0x1, 0x8b, 0xa7, 0x1a,
    0x30, 0x9, 0xed, 0x44, 0x5, 0x75, 0x0, 0x20,

    /* U+00E1 "á" */
    0x0, 0xf9, 0x61, 0xc0, 0x3f, 0xd6, 0xfa, 0x1,
    0xfc, 0xc2, 0x16, 0x1, 0xfd, 0x41, 0x2, 0x1,
    0xf8, 0xcc, 0x4e, 0x1, 0xfc, 0x7f, 0xa0, 0x1f,
    0xfc, 0x94, 0xae, 0xfe, 0xc8, 0x10, 0xd, 0x56,
    0xa2, 0x2, 0x6f, 0xe6, 0x0, 0xa5, 0x2, 0x9b,
    0xb3, 0x80, 0xf0, 0xa, 0x2, 0x6b, 0x22, 0x22,
    0x80, 0x90, 0x7a, 0xe8, 0x3, 0x94, 0x0, 0x60,
    0x4, 0x10, 0xf, 0xde, 0x1, 0xc4, 0xaf, 0x3a,
    0x0, 0x10, 0x2, 0xdf, 0xed, 0x43, 0x10, 0x6,
    0xba, 0x40, 0x14, 0x69, 0xd1, 0x0, 0x32, 0x2,
    0xef, 0x5c, 0xb1, 0x0, 0x58, 0x5, 0x44, 0x1,
    0xc2, 0x0, 0x10, 0x60, 0xf, 0x20, 0x4, 0x40,
    0x82, 0x1, 0x86, 0x40, 0x2a, 0x0, 0x7b, 0xa2,
    0xc7, 0x98, 0x80, 0xe, 0x0, 0x62, 0xe9, 0xc6,
    0x8c, 0x2, 0x7b, 0x51, 0x1, 0x5d, 0x40, 0x8,

    /* U+00E2 "â" */
    0x0, 0xe6, 0x87, 0x0, 0xfe, 0x69, 0x78, 0x90,
    0xf, 0x8e, 0x42, 0xc5, 0x98, 0x1, 0xc3, 0xa1,
    0x29, 0xa1, 0x26, 0x1, 0x91, 0xa5, 0x80, 0xed,
    0xd4, 0x3, 0x2c, 0x30, 0x4, 0x90, 0xc0, 0x1f,
    0xfc, 0x64, 0xae, 0xfe, 0xc8, 0x10, 0xd, 0x56,
    0xa2, 0x2, 0x6f, 0xe6, 0x0, 0xa5, 0x2, 0x9b,
    0xb3, 0x80, 0xf0, 0xa, 0x2, 0x6b, 0x22, 0x22,
    0x80, 0x90, 0x7a, 0xe8, 0x3, 0x94, 0x0, 0x60,
    0x4, 0x10, 0xf, 0xde, 0x1, 0xc4, 0xaf, 0x3a,
    0x0, 0x10, 0x2, 0xdf, 0xed, 0x43, 0x10, 0x6,
    0xba, 0x40, 0x14, 0x69, 0xd1, 0x0, 0x32, 0x2,
    0xef, 0x5c, 0xb1, 0x0, 0x58, 0x5, 0x44, 0x1,
    0xc2, 0x0, 0x10, 0x60, 0xf, 0x20, 0x4, 0x40,
    0x82, 0x1, 0x86, 0x40, 0x2a, 0x0, 0x7b, 0xa2,
    0xc7, 0x98, 0x80, 0xe, 0x0, 0x62, 0xe9, 0xc6,
    0x8c, 0x2, 0x7b, 0x51, 0x1, 0x5d, 0x40, 0x8,

    /* U+00E3 "ã" */
    0x0, 0x85, 0x98, 0x60, 0x30, 0x80, 0x1d, 0x93,
    0x2c, 0xef, 0x72, 0x0, 0xc8, 0x49, 0x2a, 0x2,
    0xac, 0x1, 0x93, 0xed, 0xab, 0xbe, 0x80, 0x3f,
    0xfa, 0x89, 0x5d, 0xfd, 0x90, 0x20, 0x1a, 0xad,
    0x44, 0x4, 0xdf, 0xcc, 0x1, 0x4a, 0x5, 0x37,
    0x67, 0x1, 0xe0, 0x14, 0x4, 0xd6, 0x44, 0x45,
    0x1, 0x20, 0xf5, 0xd0, 0x7, 0x28, 0x0, 0xc0,
    0x8, 0x20, 0x1f, 0xbc, 0x3, 0x89, 0x5e, 0x74,
    0x0, 0x20, 0x5, 0xbf, 0xda, 0x86, 0x20, 0xd,
    0x74, 0x80, 0x28, 0xd3, 0xa2, 0x0, 0x64, 0x5,
    0xde, 0xb9, 0x62, 0x0, 0xb0, 0xa, 0x88, 0x3,
    0x84, 0x0, 0x20, 0xc0, 0x1e, 0x40, 0x8, 0x81,
    0x4, 0x3, 0xc, 0x80, 0x54, 0x0, 0xf7, 0x45,
    0x8f, 0x31, 0x0, 0x1c, 0x0, 0xc5, 0xd3, 0x8d,
    0x18, 0x4, 0xf6, 0xa2, 0x2, 0xba, 0x80, 0x10,

    /* U+00E4 "ä" */
    0x0, 0x99, 0x0, 0x22, 0x72, 0x0, 0xd5, 0x36,
    0x40, 0xc, 0x8c, 0x0, 0xcc, 0x0, 0x60, 0x0,
    0x80, 0x80, 0x6f, 0x36, 0x40, 0x4, 0x9c, 0x80,
    0x63, 0xc9, 0x0, 0x9b, 0x18, 0x3, 0xff, 0x8c,
    0x95, 0xdf, 0xd9, 0x2, 0x1, 0xaa, 0xd4, 0x40,
    0x4d, 0xfc, 0xc0, 0x14, 0xa0, 0x53, 0x76, 0x70,
    0x1e, 0x1, 0x40, 0x4d, 0x64, 0x44, 0x50, 0x12,
    0xf, 0x5d, 0x0, 0x72, 0x80, 0xc, 0x0, 0x82,
    0x1, 0xfb, 0xc0, 0x38, 0x95, 0xe7, 0x40, 0x2,
    0x0, 0x5b, 0xfd, 0xa8, 0x62, 0x0, 0xd7, 0x48,
    0x2, 0x8d, 0x3a, 0x20, 0x6, 0x40, 0x5d, 0xeb,
    0x96, 0x20, 0xb, 0x0, 0xa8, 0x80, 0x38, 0x40,
    0x2, 0xc, 0x1, 0xe4, 0x0, 0x88, 0x10, 0x40,
    0x30, 0xc8, 0x5, 0x40, 0xf, 0x74, 0x58, 0xf3,
    0x10, 0x1, 0xc0, 0xc, 0x5d, 0x38, 0xd1, 0x80,
    0x4f, 0x6a, 0x20, 0x2b, 0xa8, 0x1, 0x0,

    /* U+00E5 "å" */
    0x0, 0xc9, 0x9f, 0xae, 0x1, 0xf2, 0xd9, 0x91,
    0x22, 0x0, 0x1e, 0x90, 0xbd, 0xe1, 0x71, 0x0,
    0xe2, 0x4, 0x1, 0x50, 0x30, 0xe, 0x50, 0x70,
    0x44, 0x1, 0x0, 0x74, 0x4, 0x7d, 0x84, 0x80,
    0x78, 0xf5, 0x8d, 0x6d, 0x80, 0x3e, 0x29, 0xca,
    0x40, 0xf, 0x92, 0xbb, 0xfb, 0x20, 0x40, 0x35,
    0x5a, 0x88, 0x9, 0xbf, 0x98, 0x2, 0x94, 0xa,
    0x6e, 0xce, 0x3, 0xc0, 0x28, 0x9, 0xac, 0x88,
    0x8a, 0x2, 0x41, 0xeb, 0xa0, 0xe, 0x50, 0x1,
    0x80, 0x10, 0x40, 0x3f, 0x78, 0x7, 0x12, 0xbc,
    0xe8, 0x0, 0x40, 0xb, 0x7f, 0xb5, 0xc, 0x40,
    0x1a, 0xe9, 0x0, 0x51, 0xa7, 0x44, 0x0, 0xc8,
    0xb, 0xbd, 0x72, 0xc4, 0x1, 0x60, 0x15, 0x10,
    0x7, 0x8, 0x0, 0x41, 0x80, 0x3c, 0x80, 0x11,
    0x2, 0x8, 0x6, 0x19, 0x0, 0xa8, 0x1, 0xee,
    0x8b, 0x1e, 0x62, 0x0, 0x38, 0x1, 0x8b, 0xa7,
    0x1a, 0x30, 0x9, 0xed, 0x44, 0x5, 0x75, 0x0,
    0x20,

    /* U+00E6 "æ" */
    0x0, 0x92, 0xb7, 0xfb, 0x1c, 0x2, 0x29, 0xef,
    0xeb, 0x60, 0xf, 0x55, 0xa9, 0x0, 0x9c, 0x68,
    0x2e, 0xb0, 0x80, 0xa4, 0xe0, 0x80, 0x52, 0xa0,
    0x31, 0x76, 0x60, 0x2d, 0xa0, 0x28, 0xba, 0x40,
    0x3d, 0x0, 0xb, 0x1, 0xf3, 0xa2, 0x26, 0x40,
    0x40, 0xba, 0xe8, 0xb7, 0x20, 0x6c, 0x3, 0xd3,
    0xc0, 0x1c, 0xc0, 0x1, 0xa0, 0xe, 0x63, 0xb,
    0x0, 0xb, 0x10, 0x7, 0xe6, 0x0, 0xfa, 0x80,
    0x84, 0x3, 0xc4, 0x58, 0x1, 0xe4, 0x5f, 0x0,
    0x44, 0x0, 0x3a, 0xef, 0xdd, 0xc0, 0x8, 0xdd,
    0xfa, 0x40, 0xe, 0x11, 0x8a, 0x20, 0x1f, 0xfc,
    0x61, 0x57, 0x2, 0x9e, 0xff, 0xc0, 0xa, 0xff,
    0xff, 0x2f, 0x80, 0xe3, 0x8, 0x7, 0xb0, 0x3,
    0xfe, 0x10, 0x21, 0x0, 0xe4, 0x0, 0x38, 0x80,
    0x78, 0xd4, 0x40, 0x80, 0xc4, 0x3, 0x15, 0x0,
    0x6, 0x80, 0x38, 0xb6, 0xb0, 0x28, 0x1, 0xf0,
    0xaa, 0x9d, 0x12, 0x70, 0x4e, 0x85, 0x68, 0xd1,
    0x8, 0x3, 0x70, 0x17, 0xaa, 0x30, 0x1e, 0x43,
    0x80, 0xbd, 0x4b, 0x80, 0x25, 0x40, 0x11, 0x6a,
    0x20, 0x4b, 0x58, 0x21, 0x18, 0xc4, 0x0, 0x26,
    0xd6, 0x0, 0x0,

    /* U+00E7 "ç" */
    0x0, 0xcb, 0x7d, 0xfd, 0x68, 0x1, 0xc3, 0x94,
    0x82, 0x2, 0x97, 0x40, 0x1b, 0xc, 0x12, 0x6e,
    0x8, 0x16, 0x80, 0x10, 0x41, 0x16, 0xc8, 0xfa,
    0xa0, 0xa6, 0xc, 0x8, 0xe0, 0x1d, 0x64, 0xc0,
    0x82, 0x1c, 0x1, 0xe1, 0xd9, 0x32, 0x0, 0x20,
    0x7, 0xfb, 0x80, 0x2, 0x1, 0xff, 0xcc, 0xe0,
    0x0, 0x80, 0x7f, 0x88, 0x0, 0xa0, 0x1f, 0xe4,
    0x10, 0xf0, 0xf, 0xbb, 0x10, 0x18, 0x11, 0xc0,
    0x3a, 0x84, 0xc0, 0x10, 0x41, 0x16, 0xca, 0xfa,
    0xa0, 0xa8, 0x0, 0xc3, 0x4, 0x9a, 0x82, 0x5,
    0xa0, 0x8, 0x72, 0x90, 0x2, 0x5b, 0xa0, 0xf,
    0x2d, 0xc8, 0x75, 0x20, 0x7, 0xf7, 0x7, 0x58,
    0x80, 0x7f, 0x64, 0x1a, 0x30, 0x7, 0xf2, 0x3f,
    0x87, 0x0, 0x7e, 0x17, 0x77, 0x87, 0x80, 0x7e,
    0x38, 0x81, 0x3b, 0x0, 0x40,

    /* U+00E8 "è" */
    0x0, 0xc4, 0x41, 0x0, 0xff, 0xb3, 0x68, 0x3,
    0xfe, 0xa0, 0x42, 0x0, 0xff, 0x22, 0x85, 0x80,
    0x7f, 0xd6, 0xc, 0x20, 0x1f, 0xe1, 0xff, 0x8,
    0x7, 0xff, 0x2d, 0xb3, 0xfd, 0xb2, 0x60, 0x1c,
    0x39, 0x26, 0x0, 0x26, 0xc7, 0x0, 0xd8, 0x60,
    0xb5, 0x70, 0x21, 0xc, 0x0, 0x82, 0xa, 0xa2,
    0xa3, 0xf1, 0x84, 0x88, 0x30, 0x32, 0x80, 0x77,
    0x0, 0x19, 0x4, 0x2c, 0x3, 0xc4, 0x40, 0xc2,
    0x0, 0x88, 0xbe, 0x10, 0x6e, 0x0, 0x6e, 0xfe,
    0x30, 0x30, 0xf, 0xfe, 0x8, 0xf8, 0x3, 0xff,
    0xfe, 0x30, 0x1, 0x80, 0x7f, 0x90, 0x42, 0x40,
    0x3e, 0x53, 0x0, 0x30, 0x2b, 0x0, 0x72, 0xd6,
    0x40, 0x41, 0x4, 0xdb, 0x23, 0x55, 0x0, 0x64,
    0x1, 0x86, 0x9, 0x37, 0x2a, 0x3, 0x82, 0x0,
    0x1c, 0xa4, 0x20, 0x13, 0x8e, 0x20,

    /* U+00E9 "é" */
    0x0, 0xfc, 0xf0, 0xa0, 0x1f, 0xe5, 0x87, 0x60,
    0xf, 0xf4, 0x82, 0x98, 0x7, 0xf1, 0x98, 0x2c,
    0x3, 0xfd, 0x41, 0x2, 0x1, 0xfe, 0x9f, 0x70,
    0xf, 0xfe, 0x5b, 0x67, 0xfb, 0x64, 0xc0, 0x38,
    0x72, 0x4c, 0x0, 0x4d, 0x8e, 0x1, 0xb0, 0xc1,
    0x6a, 0xe0, 0x42, 0x18, 0x1, 0x4, 0x15, 0x45,
    0x47, 0xe3, 0x9, 0x10, 0x60, 0x65, 0x0, 0xee,
    0x0, 0x32, 0x8, 0x58, 0x7, 0x88, 0x81, 0x84,
    0x1, 0x11, 0x7c, 0x20, 0xdc, 0x0, 0xdd, 0xfc,
    0x60, 0x60, 0x1f, 0xfc, 0x11, 0xf0, 0x7, 0xff,
    0xfc, 0x60, 0x3, 0x0, 0xff, 0x20, 0x84, 0x80,
    0x7c, 0xa6, 0x0, 0x60, 0x56, 0x0, 0xe5, 0xac,
    0x80, 0x82, 0x9, 0xb6, 0x46, 0xaa, 0x0, 0xc8,
    0x3, 0xc, 0x12, 0x6e, 0x54, 0x7, 0x4, 0x0,
    0x39, 0x48, 0x40, 0x27, 0x1c, 0x40,

    /* U+00EA "ê" */
    0x0, 0xe1, 0x78, 0x40, 0xf, 0xf5, 0x43, 0xd9,
    0x80, 0x7e, 0x94, 0x39, 0xd, 0x10, 0xf, 0x33,
    0x7, 0x99, 0x83, 0xa0, 0x1e, 0x17, 0xd2, 0x9,
    0x84, 0x30, 0xe, 0x78, 0x30, 0x9, 0xe0, 0xc0,
    0x3f, 0xf9, 0xd, 0x9f, 0xed, 0x93, 0x0, 0xe1,
    0xc9, 0x30, 0x1, 0x36, 0x38, 0x6, 0xc3, 0x5,
    0xab, 0x81, 0x8, 0x60, 0x4, 0x10, 0x55, 0x15,
    0x1f, 0x8c, 0x24, 0x41, 0x81, 0x94, 0x3, 0xb8,
    0x0, 0xc8, 0x21, 0x60, 0x1e, 0x22, 0x6, 0x10,
    0x4, 0x45, 0xf0, 0x83, 0x70, 0x3, 0x77, 0xf1,
    0x81, 0x80, 0x7f, 0xf0, 0x47, 0xc0, 0x1f, 0xff,
    0xf1, 0x80, 0xc, 0x3, 0xfc, 0x82, 0x12, 0x1,
    0xf2, 0x98, 0x1, 0x81, 0x58, 0x3, 0x96, 0xb2,
    0x2, 0x8, 0x26, 0xd9, 0x1a, 0xa8, 0x3, 0x20,
    0xc, 0x30, 0x49, 0xb9, 0x50, 0x1c, 0x10, 0x0,
    0xe5, 0x21, 0x0, 0x9c, 0x71, 0x0,

    /* U+00EB "ë" */
    0x0, 0x8d, 0xc4, 0x2, 0x46, 0x0, 0xe1, 0xc8,
    0xd0, 0x2, 0x5c, 0xc0, 0x6, 0x30, 0x1, 0x0,
    0x8, 0x0, 0x40, 0x18, 0x9c, 0xec, 0x0, 0xca,
    0x70, 0x1, 0xd1, 0x8a, 0x1, 0x56, 0x10, 0x7,
    0xff, 0x21, 0xb3, 0xfd, 0xb2, 0x60, 0x1c, 0x39,
    0x26, 0x0, 0x26, 0xc7, 0x0, 0xd8, 0x60, 0xb5,
    0x70, 0x21, 0xc, 0x0, 0x82, 0xa, 0xa2, 0xa3,
    0xf1, 0x84, 0x88, 0x30, 0x32, 0x80, 0x77, 0x0,
    0x19, 0x4, 0x2c, 0x3, 0xc4, 0x40, 0xc2, 0x0,
    0x88, 0xbe, 0x10, 0x6e, 0x0, 0x6e, 0xfe, 0x30,
    0x30, 0xf, 0xfe, 0x8, 0xf8, 0x3, 0xff, 0xfe,
    0x30, 0x1, 0x80, 0x7f, 0x90, 0x42, 0x40, 0x3e,
    0x53, 0x0, 0x30, 0x2b, 0x0, 0x72, 0xd6, 0x40,
    0x41, 0x4, 0xdb, 0x23, 0x55, 0x0, 0x64, 0x1,
    0x86, 0x9, 0x37, 0x2a, 0x3, 0x82, 0x0, 0x1c,
    0xa4, 0x20, 0x13, 0x8e, 0x20,

    /* U+00EC "ì" */
    0xd, 0xfc, 0x0, 0xa4, 0xc, 0xc0, 0x4, 0x60,
    0x80, 0xa, 0x5, 0x8, 0x0, 0x3f, 0xa6, 0x1,
    0x9, 0x8, 0x5, 0xbf, 0x40, 0x1f, 0xff, 0xf0,
    0xf, 0xfe, 0x18,

    /* U+00ED "í" */
    0x0, 0x7f, 0xa8, 0x1c, 0x6, 0xc2, 0x42, 0xc5,
    0x85, 0x54, 0xd, 0xf4, 0x1, 0xf6, 0xfd, 0x0,
    0x7f, 0xff, 0xc0, 0x0,

    /* U+00EE "î" */
    0x0, 0x1f, 0xfb, 0x84, 0x2, 0x1d, 0x3, 0x1d,
    0x0, 0xb4, 0x5b, 0xc, 0xd2, 0x14, 0x66, 0x90,
    0xd1, 0x66, 0x57, 0xe0, 0x0, 0x7b, 0xd8, 0x3,
    0xff, 0x81, 0xbf, 0x40, 0x1f, 0xff, 0xf0, 0xf,
    0xff, 0x98,

    /* U+00EF "ï" */
    0x2, 0x72, 0x0, 0x8d, 0xc4, 0x32, 0x30, 0x0,
    0x59, 0x14, 0x2, 0x2, 0x20, 0x60, 0x3, 0x4,
    0x9c, 0x8, 0x23, 0x1c, 0x83, 0x63, 0x80, 0x53,
    0x88, 0x1, 0xff, 0xc2, 0xdf, 0xa0, 0xf, 0xff,
    0xf8, 0x7, 0xff, 0xfc, 0x2,

    /* U+00F0 "ð" */
    0x0, 0xca, 0x20, 0x1f, 0xf1, 0x57, 0x30, 0x4,
    0x90, 0x1, 0xe4, 0x9, 0xa5, 0xcb, 0x71, 0x0,
    0xc5, 0x74, 0xb, 0x46, 0xdc, 0x20, 0x1c, 0x92,
    0x1, 0xc, 0x88, 0x7, 0x3d, 0x9b, 0x60, 0x8a,
    0x80, 0x3c, 0xad, 0xd2, 0x78, 0xa, 0xa0, 0xe,
    0x29, 0x10, 0x1, 0x48, 0x58, 0x7, 0x15, 0x7f,
    0xd4, 0x84, 0x2e, 0x1, 0x26, 0xa8, 0x4, 0xb8,
    0xa1, 0x40, 0x2, 0xb0, 0x19, 0xef, 0xc2, 0x50,
    0x23, 0x9, 0x0, 0x63, 0x8, 0x1e, 0x8, 0x1,
    0x5, 0x1, 0xc8, 0x3, 0xbc, 0x1, 0x88, 0x0,
    0xa0, 0xf, 0x19, 0x3, 0x90, 0x0, 0x80, 0x3e,
    0x40, 0x1f, 0x1, 0x0, 0xfc, 0x20, 0xf, 0x1,
    0x0, 0xfc, 0x20, 0xc4, 0x0, 0x30, 0xf, 0x94,
    0x9, 0x0, 0x14, 0x1, 0xe3, 0x30, 0x68, 0xa8,
    0x32, 0x0, 0x61, 0xe0, 0x24, 0xb, 0x10, 0xb9,
    0x54, 0x7f, 0x20, 0x90, 0x0, 0xe1, 0x3, 0x55,
    0xc0, 0x85, 0x20, 0x4, 0x5b, 0x26, 0x20, 0x4d,
    0xaa, 0x0,

    /* U+00F1 "ñ" */
    0x0, 0x89, 0x8c, 0x0, 0x70, 0x20, 0x18, 0xb6,
    0x72, 0x46, 0x5c, 0x3, 0xa8, 0x19, 0x5b, 0x94,
    0xc4, 0x3, 0x8e, 0x2a, 0xd5, 0x5c, 0x1, 0xd1,
    0x82, 0x9, 0x54, 0x20, 0xf, 0xfe, 0x26, 0xfc,
    0x2, 0x5f, 0x7e, 0xc0, 0x7, 0x9e, 0xd0, 0x40,
    0x9f, 0x44, 0x2, 0x48, 0x5c, 0xec, 0x40, 0x28,
    0x0, 0x8d, 0xe8, 0xc4, 0xec, 0xc1, 0x80, 0x34,
    0x0, 0x74, 0x80, 0x10, 0x0, 0x80, 0x1e, 0x70,
    0x0, 0x80, 0x4, 0x3, 0xc6, 0x0, 0x30, 0xf,
    0xff, 0xf8, 0x7, 0xff, 0x78,

    /* U+00F2 "ò" */
    0x0, 0xc4, 0x41, 0x0, 0xff, 0xe0, 0x76, 0xe0,
    0x7, 0xff, 0x3, 0xc0, 0x90, 0x3, 0xfe, 0x37,
    0xf, 0x0, 0xff, 0xe0, 0x41, 0x21, 0x80, 0x7f,
    0xf0, 0x37, 0xcc, 0x3, 0xff, 0x9a, 0xb7, 0xdf,
    0xb4, 0x60, 0x1e, 0x1c, 0xa4, 0x10, 0x25, 0xc9,
    0x0, 0xec, 0x30, 0x49, 0xb8, 0x20, 0x6a, 0x0,
    0xa0, 0x82, 0x2d, 0x91, 0xf5, 0x41, 0x50, 0x0,
    0xc0, 0x8e, 0x1, 0xd4, 0x21, 0xe0, 0x82, 0x1c,
    0x1, 0xf3, 0x2, 0x9, 0x0, 0x10, 0x3, 0xec,
    0x0, 0x17, 0x0, 0x4, 0x3, 0xe6, 0x0, 0x30,
    0x7, 0xff, 0xf, 0x80, 0x2, 0x1, 0xf3, 0x0,
    0x18, 0x80, 0xa, 0x1, 0xf6, 0x0, 0x9, 0x4,
    0x3c, 0x3, 0xe6, 0x4, 0x10, 0x60, 0x47, 0x0,
    0xea, 0x10, 0xf0, 0x4, 0x10, 0x45, 0xb2, 0xbe,
    0xa8, 0x2a, 0x0, 0x58, 0x60, 0x93, 0x50, 0x40,
    0xd4, 0x1, 0x87, 0x29, 0x4, 0x9, 0x6e, 0x40,
    0x20,

    /* U+00F3 "ó" */
    0x0, 0xfc, 0xf0, 0xc0, 0x1f, 0xf1, 0xc3, 0x80,
    0x7f, 0xf0, 0x24, 0xd, 0x80, 0x3f, 0xc2, 0xa1,
    0xe0, 0x1f, 0xf3, 0x3, 0x18, 0x7, 0xfc, 0xff,
    0x20, 0x1f, 0xfc, 0xd5, 0xbe, 0xfd, 0xa3, 0x0,
    0xf0, 0xe5, 0x20, 0x81, 0x2e, 0x48, 0x7, 0x61,
    0x82, 0x4d, 0xc1, 0x3, 0x50, 0x5, 0x4, 0x11,
    0x6c, 0x8f, 0xaa, 0xa, 0x80, 0x6, 0x4, 0x70,
    0xe, 0xa1, 0xf, 0x4, 0x10, 0xe0, 0xf, 0x98,
    0x10, 0x48, 0x0, 0x80, 0x1f, 0x60, 0x0, 0xb8,
    0x0, 0x20, 0x1f, 0x30, 0x1, 0x80, 0x3f, 0xf8,
    0x7c, 0x0, 0x10, 0xf, 0x98, 0x0, 0xc4, 0x0,
    0x50, 0xf, 0xb0, 0x0, 0x48, 0x21, 0xe0, 0x1f,
    0x30, 0x20, 0x83, 0x2, 0x38, 0x7, 0x50, 0x87,
    0x80, 0x20, 0x82, 0x2d, 0x95, 0xf5, 0x41, 0x50,
    0x2, 0xc3, 0x4, 0x9a, 0x82, 0x6, 0xa0, 0xc,
    0x39, 0x48, 0x20, 0x4b, 0x72, 0x1, 0x0,

    /* U+00F4 "ô" */
    0x0, 0xf3, 0xc2, 0x80, 0x7f, 0xd3, 0xf, 0x4a,
    0x1, 0xfc, 0xec, 0x34, 0x14, 0x60, 0x1f, 0x24,
    0x6, 0xac, 0x6, 0x88, 0x7, 0x8d, 0xec, 0xc1,
    0xe5, 0x94, 0x3, 0xcf, 0x8, 0x1, 0x34, 0x20,
    0x7, 0xff, 0x29, 0x6f, 0xbf, 0x68, 0xc0, 0x3c,
    0x39, 0x48, 0x20, 0x4b, 0x92, 0x1, 0xd8, 0x60,
    0x93, 0x70, 0x40, 0xd4, 0x1, 0x41, 0x4, 0x5b,
    0x23, 0xea, 0x82, 0xa0, 0x1, 0x81, 0x1c, 0x3,
    0xa8, 0x43, 0xc1, 0x4, 0x38, 0x3, 0xe6, 0x4,
    0x12, 0x0, 0x20, 0x7, 0xd8, 0x0, 0x2e, 0x0,
    0x8, 0x7, 0xcc, 0x0, 0x60, 0xf, 0xfe, 0x1f,
    0x0, 0x4, 0x3, 0xe6, 0x0, 0x31, 0x0, 0x14,
    0x3, 0xec, 0x0, 0x12, 0x8, 0x78, 0x7, 0xcc,
    0x8, 0x20, 0xc0, 0x8e, 0x1, 0xd4, 0x21, 0xe0,
    0x8, 0x20, 0x8b, 0x65, 0x7d, 0x50, 0x54, 0x0,
    0xb0, 0xc1, 0x26, 0xa0, 0x81, 0xa8, 0x3, 0xe,
    0x52, 0x8, 0x12, 0xdc, 0x80, 0x40,

    /* U+00F5 "õ" */
    0x0, 0xc4, 0xec, 0x20, 0x70, 0x40, 0x1e, 0x2d,
    0x89, 0xed, 0xc7, 0x0, 0xfa, 0x81, 0xe1, 0xc,
    0x60, 0x80, 0x3d, 0x1f, 0xf, 0x7d, 0xc7, 0x0,
    0xff, 0xed, 0x2d, 0xf7, 0xed, 0x18, 0x7, 0x87,
    0x29, 0x4, 0x9, 0x72, 0x40, 0x3b, 0xc, 0x12,
    0x6e, 0x8, 0x1a, 0x80, 0x28, 0x20, 0x8b, 0x64,
    0x7d, 0x50, 0x54, 0x0, 0x30, 0x23, 0x80, 0x75,
    0x8, 0x78, 0x20, 0x87, 0x0, 0x7c, 0xc0, 0x82,
    0x40, 0x4, 0x0, 0xfb, 0x0, 0x5, 0xc0, 0x1,
    0x0, 0xf9, 0x80, 0xc, 0x1, 0xff, 0xc3, 0xe0,
    0x0, 0x80, 0x7c, 0xc0, 0x6, 0x20, 0x2, 0x80,
    0x7d, 0x80, 0x2, 0x41, 0xf, 0x0, 0xf9, 0x81,
    0x4, 0x18, 0x11, 0xc0, 0x3a, 0x84, 0x3c, 0x1,
    0x4, 0x11, 0x6c, 0xaf, 0xaa, 0xa, 0x80, 0x16,
    0x18, 0x24, 0xd4, 0x10, 0x35, 0x0, 0x61, 0xca,
    0x41, 0x2, 0x5b, 0x90, 0x8,

    /* U+00F6 "ö" */
    0x0, 0x89, 0xc8, 0x2, 0x36, 0x0, 0xfb, 0x23,
    0x0, 0x5, 0x93, 0x40, 0x1e, 0x10, 0x10, 0x3,
    0x0, 0x18, 0x3, 0xd2, 0x72, 0x0, 0x46, 0x3f,
    0x0, 0xf3, 0x63, 0x0, 0x53, 0x86, 0x1, 0xff,
    0xca, 0x5b, 0xef, 0xda, 0x30, 0xf, 0xe, 0x52,
    0x8, 0x12, 0xe4, 0x80, 0x76, 0x18, 0x24, 0xdc,
    0x10, 0x35, 0x0, 0x50, 0x41, 0x16, 0xc8, 0xfa,
    0xa0, 0xa8, 0x0, 0x60, 0x47, 0x0, 0xea, 0x10,
    0xf0, 0x41, 0xe, 0x0, 0xf9, 0x81, 0x4, 0x80,
    0x8, 0x1, 0xf6, 0x0, 0xb, 0x80, 0x2, 0x1,
    0xf3, 0x0, 0x18, 0x3, 0xff, 0x87, 0xc0, 0x1,
    0x0, 0xf9, 0x80, 0xc, 0x40, 0x5, 0x0, 0xfb,
    0x0, 0x4, 0x82, 0x1e, 0x1, 0xf3, 0x2, 0x8,
    0x30, 0x23, 0x80, 0x75, 0x8, 0x78, 0x2, 0x8,
    0x22, 0xd9, 0x5f, 0x54, 0x15, 0x0, 0x2c, 0x30,
    0x49, 0xa8, 0x20, 0x6a, 0x0, 0xc3, 0x94, 0x82,
    0x4, 0xb7, 0x20, 0x10,

    /* U+00F7 "÷" */
    0x0, 0xe1, 0xcf, 0x60, 0xf, 0xf3, 0x18, 0x48,
    0x7, 0xf8, 0x40, 0x2, 0x1, 0xfe, 0x67, 0x4d,
    0x0, 0xff, 0xa2, 0xcc, 0x3, 0xff, 0x8e, 0x5f,
    0xff, 0xfc, 0xb, 0x0, 0xff, 0xe1, 0x14, 0xcf,
    0xff, 0x3, 0xc1, 0x9b, 0xff, 0x80, 0x80, 0x1f,
    0xfc, 0x71, 0xcf, 0x60, 0xf, 0xf3, 0x18, 0x48,
    0x7, 0xf8, 0x40, 0x2, 0x1, 0xfe, 0x67, 0x5d,
    0x0, 0xe0,

    /* U+00F8 "ø" */
    0x0, 0xff, 0xe0, 0x90, 0x7, 0x2d, 0xf7, 0xed,
    0x18, 0x4e, 0xa0, 0x0, 0x72, 0x90, 0x40, 0x97,
    0x3d, 0x85, 0x80, 0x18, 0x60, 0x93, 0x70, 0x40,
    0x15, 0x10, 0x41, 0x4, 0x5b, 0x23, 0xf8, 0x7,
    0x98, 0x11, 0xc0, 0x21, 0xf0, 0xb, 0xc1, 0x4,
    0x38, 0x3, 0x51, 0x23, 0x82, 0x9, 0x0, 0x10,
    0x2, 0x94, 0x2a, 0xc0, 0x1, 0x70, 0x0, 0x40,
    0xc, 0xc0, 0xf1, 0x60, 0x3, 0x0, 0x71, 0xc8,
    0x59, 0x0, 0x77, 0x0, 0x4, 0x5a, 0x10, 0x80,
    0x6, 0x0, 0x31, 0x0, 0x13, 0x5, 0x5c, 0x2,
    0xc0, 0x1, 0x20, 0x85, 0x11, 0xd0, 0x6, 0x60,
    0x41, 0x6, 0x0, 0xb4, 0x3, 0x50, 0x87, 0x80,
    0x34, 0x2, 0xa6, 0x57, 0xd5, 0x5, 0x40, 0x3a,
    0x0, 0x92, 0x6a, 0x8, 0x1a, 0x80, 0x14, 0xf,
    0xf4, 0x82, 0x4, 0xb7, 0x20, 0x14, 0xd4, 0x2,
    0xdf, 0x7e, 0xd2, 0x0, 0x60,

    /* U+00F9 "ù" */
    0x0, 0x88, 0x82, 0x1, 0xfe, 0xcd, 0xa0, 0xf,
    0xf5, 0x2, 0x10, 0x7, 0xf2, 0x28, 0x40, 0x7,
    0xfa, 0xc5, 0x44, 0x3, 0xf8, 0x7b, 0xc4, 0x3,
    0xff, 0x8d, 0xbf, 0x40, 0x1e, 0x1f, 0xf3, 0x0,
    0x7f, 0xff, 0xc0, 0x3f, 0xfb, 0xc2, 0x2, 0x1,
    0xe2, 0x0, 0x9c, 0x14, 0x3, 0xd6, 0x1, 0x60,
    0xb, 0x80, 0x63, 0x70, 0x9, 0x80, 0x11, 0x4a,
    0xa9, 0xc5, 0x0, 0x86, 0x40, 0xb, 0x54, 0x62,
    0xb0, 0xc, 0xd8, 0xa2, 0x5, 0x1a, 0x20, 0x10,

    /* U+00FA "ú" */
    0x0, 0xf1, 0x7f, 0xa0, 0x3, 0xfa, 0xc0, 0xa0,
    0x3, 0xf0, 0xb0, 0x70, 0x7, 0xf4, 0x3, 0x98,
    0x7, 0xf4, 0xfc, 0x0, 0x7f, 0xf1, 0xb7, 0xe8,
    0x3, 0xc3, 0xfe, 0x60, 0xf, 0xff, 0xf8, 0x7,
    0xff, 0x78, 0x40, 0x40, 0x3c, 0x40, 0x13, 0x82,
    0x80, 0x7a, 0xc0, 0x2c, 0x1, 0x70, 0xc, 0x6e,
    0x1, 0x30, 0x2, 0x29, 0x55, 0x38, 0xa0, 0x10,
    0xc8, 0x1, 0x6a, 0x8c, 0x56, 0x1, 0x9b, 0x14,
    0x40, 0xa3, 0x44, 0x2,

    /* U+00FB "û" */
    0x0, 0xcd, 0xfe, 0xd1, 0x0, 0xf9, 0x64, 0x58,
    0xb4, 0x3, 0xc9, 0x41, 0xb2, 0xa7, 0x60, 0x1c,
    0x6f, 0x66, 0x15, 0x6, 0x60, 0xc, 0xf0, 0x80,
    0x13, 0xc1, 0x80, 0x7f, 0xf0, 0xf7, 0xe8, 0x3,
    0xc3, 0xfe, 0x60, 0xf, 0xff, 0xf8, 0x7, 0xff,
    0x78, 0x40, 0x40, 0x3c, 0x40, 0x13, 0x82, 0x80,
    0x7a, 0xc0, 0x2c, 0x1, 0x70, 0xc, 0x6e, 0x1,
    0x30, 0x2, 0x29, 0x55, 0x38, 0xa0, 0x10, 0xc8,
    0x1, 0x6a, 0x8c, 0x56, 0x1, 0x9b, 0x14, 0x40,
    0xa3, 0x44, 0x2,

    /* U+00FC "ü" */
    0x0, 0x13, 0x88, 0x4, 0x8c, 0x1, 0x87, 0x63,
    0x0, 0x9, 0x73, 0x20, 0x8, 0xc0, 0x4, 0x0,
    0x20, 0x1, 0x0, 0x45, 0x7, 0x40, 0x6, 0x53,
    0x90, 0xc, 0xf8, 0xa0, 0x15, 0x61, 0x0, 0x7f,
    0xf0, 0xf7, 0xe8, 0x3, 0xc3, 0xfe, 0x60, 0xf,
    0xff, 0xf8, 0x7, 0xff, 0x78, 0x40, 0x40, 0x3c,
    0x40, 0x13, 0x82, 0x80, 0x7a, 0xc0, 0x2c, 0x1,
    0x70, 0xc, 0x6e, 0x1, 0x30, 0x2, 0x29, 0x55,
    0x38, 0xa0, 0x10, 0xc8, 0x1, 0x6a, 0x8c, 0x56,
    0x1, 0x9b, 0x14, 0x40, 0xa3, 0x44, 0x2,

    /* U+00FD "ý" */
    0x0, 0xfd, 0x1f, 0xe2, 0x0, 0xff, 0xb, 0x84,
    0x10, 0x7, 0xf9, 0x80, 0xdc, 0x3, 0xfe, 0x90,
    0xe0, 0xf, 0xfe, 0x7, 0x79, 0x0, 0x7f, 0xf2,
    0x7, 0xfd, 0x20, 0x1f, 0xb7, 0xf4, 0x50, 0x1c,
    0x3, 0xe3, 0x20, 0xa0, 0xe0, 0x14, 0x0, 0xf5,
    0x80, 0x18, 0x14, 0x1, 0xc0, 0x1e, 0x60, 0x41,
    0x0, 0x28, 0x28, 0x7, 0x20, 0x87, 0x0, 0x5c,
    0x0, 0x50, 0xd, 0xa0, 0x5, 0x0, 0x90, 0x43,
    0xc0, 0x33, 0x83, 0x0, 0x73, 0x2, 0x80, 0x48,
    0x21, 0x40, 0x1d, 0x40, 0x5, 0x0, 0x70, 0x9,
    0x80, 0x71, 0x18, 0x70, 0x1, 0x41, 0x80, 0x3e,
    0xa0, 0x40, 0x40, 0x5, 0x0, 0x7c, 0xe0, 0x4,
    0xd0, 0x32, 0x0, 0xf8, 0x50, 0x35, 0x2, 0x80,
    0x3f, 0xb8, 0x18, 0x81, 0xc0, 0x3f, 0x94, 0x2,
    0x51, 0x0, 0xff, 0x30, 0x3, 0xc0, 0x3f, 0xf8,
    0x22, 0xa0, 0x1f, 0xf3, 0x83, 0x80, 0x7f, 0xcc,
    0x21, 0x40, 0x1f, 0x8d, 0x5e, 0x41, 0xc, 0x3,
    0xf4, 0x54, 0x0, 0xc8, 0x7, 0xf3, 0x0, 0xae,
    0x10, 0x7, 0xc0,

    /* U+00FE "þ" */
    0xdf, 0xa0, 0xf, 0xff, 0xd9, 0xdf, 0x7e, 0xc0,
    0x80, 0x79, 0x71, 0x4, 0x9, 0xf9, 0x0, 0x33,
    0x58, 0xbd, 0x51, 0x80, 0x16, 0x40, 0x11, 0x86,
    0x42, 0xaa, 0x6c, 0x1, 0x20, 0x1a, 0xc8, 0x3,
    0x23, 0x2, 0x10, 0x0, 0x54, 0x3, 0xd6, 0x0,
    0x50, 0x2, 0x80, 0x7c, 0x42, 0x1c, 0x0, 0x10,
    0xf, 0xc6, 0x6, 0x1, 0xff, 0xc4, 0x10, 0xf,
    0xc6, 0x6, 0x0, 0x40, 0xf, 0x88, 0x43, 0xc0,
    0x25, 0x0, 0xf5, 0x80, 0x1c, 0x2, 0xb2, 0x0,
    0xca, 0xc0, 0x82, 0x0, 0x40, 0xd8, 0x55, 0x55,
    0x0, 0x12, 0x1, 0xd, 0x3, 0xd5, 0x14, 0x1,
    0x84, 0x1, 0x93, 0x10, 0x40, 0x9f, 0x8c, 0x3,
    0xc7, 0x7d, 0xfb, 0x2, 0x1, 0xff, 0xfd,

    /* U+00FF "ÿ" */
    0x0, 0xca, 0xa0, 0xc, 0xc8, 0x1, 0xe6, 0xaa,
    0x30, 0x2, 0xa6, 0xcc, 0x3, 0xb8, 0x1, 0xc0,
    0x6, 0x0, 0x38, 0x7, 0x4a, 0x22, 0x40, 0x1e,
    0x6c, 0x80, 0x1c, 0x37, 0x61, 0x0, 0x1e, 0x48,
    0x7, 0xff, 0x18, 0x7f, 0xd2, 0x1, 0xfb, 0x7f,
    0x45, 0x1, 0xc0, 0x3e, 0x32, 0xa, 0xe, 0x1,
    0x40, 0xf, 0x58, 0x1, 0x81, 0x40, 0x1c, 0x1,
    0xe6, 0x4, 0x10, 0x2, 0x82, 0x80, 0x72, 0x8,
    0x70, 0x5, 0xc0, 0x5, 0x0, 0xda, 0x0, 0x50,
    0x9, 0x4, 0x3c, 0x3, 0x38, 0x30, 0x7, 0x30,
    0x28, 0x4, 0x82, 0x14, 0x1, 0xd4, 0x0, 0x50,
    0x7, 0x0, 0x98, 0x7, 0x11, 0x87, 0x0, 0x14,
    0x18, 0x3, 0xea, 0x4, 0x4, 0x0, 0x50, 0x7,
    0xce, 0x0, 0x4d, 0x3, 0x20, 0xf, 0x85, 0x3,
    0x50, 0x28, 0x3, 0xfb, 0x81, 0x88, 0x1c, 0x3,
    0xf9, 0x40, 0x25, 0x10, 0xf, 0xf3, 0x0, 0x3c,
    0x3, 0xff, 0x82, 0x2a, 0x1, 0xff, 0x38, 0x38,
    0x7, 0xfc, 0xc2, 0x14, 0x1, 0xf8, 0xd5, 0xe4,
    0x10, 0xc0, 0x3f, 0x45, 0x40, 0xc, 0x80, 0x7f,
    0x30, 0xa, 0xe1, 0x0, 0x7c
};


/*---------------------
 *  GLYPH DESCRIPTION
 *--------------------*/

static const lv_font_fmt_txt_glyph_dsc_t glyph_dsc[] = {
    {.bitmap_index = 0, .adv_w = 0, .box_w = 0, .box_h = 0, .ofs_x = 0, .ofs_y = 0} /* id = 0 reserved */,
    {.bitmap_index = 0, .adv_w = 126, .box_w = 0, .box_h = 0, .ofs_x = 0, .ofs_y = 0},
    {.bitmap_index = 0, .adv_w = 129, .box_w = 4, .box_h = 21, .ofs_x = 2, .ofs_y = 0},
    {.bitmap_index = 30, .adv_w = 209, .box_w = 9, .box_h = 8, .ofs_x = 2, .ofs_y = 13},
    {.bitmap_index = 60, .adv_w = 284, .box_w = 18, .box_h = 21, .ofs_x = 0, .ofs_y = 0},
    {.bitmap_index = 203, .adv_w = 287, .box_w = 16, .box_h = 28, .ofs_x = 1, .ofs_y = -3},
    {.bitmap_index = 359, .adv_w = 440, .box_w = 22, .box_h = 21, .ofs_x = 3, .ofs_y = 0},
    {.bitmap_index = 539, .adv_w = 289, .box_w = 17, .box_h = 21, .ofs_x = 1, .ofs_y = 0},
    {.bitmap_index = 689, .adv_w = 134, .box_w = 4, .box_h = 8, .ofs_x = 2, .ofs_y = 13},
    {.bitmap_index = 703, .adv_w = 163, .box_w = 7, .box_h = 27, .ofs_x = 2, .ofs_y = -4},
    {.bitmap_index = 786, .adv_w = 163, .box_w = 7, .box_h = 27, .ofs_x = 1, .ofs_y = -4},
    {.bitmap_index = 870, .adv_w = 224, .box_w = 12, .box_h = 12, .ofs_x = 1, .ofs_y = 9},
    {.bitmap_index = 935, .adv_w = 296, .box_w = 14, .box_h = 14, .ofs_x = 2, .ofs_y = 1},
    {.bitmap_index = 967, .adv_w = 129, .box_w = 5, .box_h = 9, .ofs_x = 1, .ofs_y = -5},
    {.bitmap_index = 989, .adv_w = 206, .box_w = 10, .box_h = 3, .ofs_x = 1, .ofs_y = 8},
    {.bitmap_index = 997, .adv_w = 129, .box_w = 4, .box_h = 4, .ofs_x = 2, .ofs_y = 0},
    {.bitmap_index = 1006, .adv_w = 161, .box_w = 10, .box_h = 25, .ofs_x = 0, .ofs_y = -3},
    {.bitmap_index = 1093, .adv_w = 283, .box_w = 15, .box_h = 21, .ofs_x = 1, .ofs_y = 0},
    {.bitmap_index = 1222, .adv_w = 182, .box_w = 8, .box_h = 21, .ofs_x = 1, .ofs_y = 0},
    {.bitmap_index = 1252, .adv_w = 273, .box_w = 14, .box_h = 21, .ofs_x = 2, .ofs_y = 0},
    {.bitmap_index = 1358, .adv_w = 277, .box_w = 15, .box_h = 21, .ofs_x = 1, .ofs_y = 0},
    {.bitmap_index = 1486, .adv_w = 289, .box_w = 16, .box_h = 21, .ofs_x = 1, .ofs_y = 0},
    {.bitmap_index = 1574, .adv_w = 266, .box_w = 14, .box_h = 21, .ofs_x = 1, .ofs_y = 0},
    {.bitmap_index = 1689, .adv_w = 278, .box_w = 15, .box_h = 21, .ofs_x = 1, .ofs_y = 0},
    {.bitmap_index = 1829, .adv_w = 254, .box_w = 14, .box_h = 21, .ofs_x = 1, .ofs_y = 0},
    {.bitmap_index = 1921, .adv_w = 277, .box_w = 15, .box_h = 21, .ofs_x = 1, .ofs_y = 0},
    {.bitmap_index = 2061, .adv_w = 278, .box_w = 15, .box_h = 21, .ofs_x = 1, .ofs_y = 0},
    {.bitmap_index = 2201, .adv_w = 129, .box_w = 4, .box_h = 15, .ofs_x = 2, .ofs_y = 0},
    {.bitmap_index = 2223, .adv_w = 135, .box_w = 6, .box_h = 20, .ofs_x = 1, .ofs_y = -5},
    {.bitmap_index = 2264, .adv_w = 296, .box_w = 14, .box_h = 16, .ofs_x = 2, .ofs_y = 0},
    {.bitmap_index = 2348, .adv_w = 296, .box_w = 13, .box_h = 9, .ofs_x = 3, .ofs_y = 4},
    {.bitmap_index = 2375, .adv_w = 296, .box_w = 14, .box_h = 16, .ofs_x = 3, .ofs_y = 0},
    {.bitmap_index = 2459, .adv_w = 229, .box_w = 12, .box_h = 21, .ofs_x = 1, .ofs_y = 0},
    {.bitmap_index = 2553, .adv_w = 433, .box_w = 25, .box_h = 26, .ofs_x = 1, .ofs_y = -6},
    {.bitmap_index = 2817, .adv_w = 309, .box_w = 19, .box_h = 21, .ofs_x = 0, .ofs_y = 0},
    {.bitmap_index = 2958, .adv_w = 293, .box_w = 15, .box_h = 21, .ofs_x = 2, .ofs_y = 0},
    {.bitmap_index = 3065, .adv_w = 327, .box_w = 18, .box_h = 21, .ofs_x = 1, .ofs_y = 0},
    {.bitmap_index = 3208, .adv_w = 323, .box_w = 17, .box_h = 21, .ofs_x = 2, .ofs_y = 0},
    {.bitmap_index = 3321, .adv_w = 269, .box_w = 13, .box_h = 21, .ofs_x = 2, .ofs_y = 0},
    {.bitmap_index = 3362, .adv_w = 264, .box_w = 13, .box_h = 21, .ofs_x = 2, .ofs_y = 0},
    {.bitmap_index = 3397, .adv_w = 334, .box_w = 19, .box_h = 21, .ofs_x = 1, .ofs_y = 0},
    {.bitmap_index = 3552, .adv_w = 333, .box_w = 17, .box_h = 21, .ofs_x = 2, .ofs_y = 0},
    {.bitmap_index = 3585, .adv_w = 120, .box_w = 4, .box_h = 21, .ofs_x = 2, .ofs_y = 0},
    {.bitmap_index = 3592, .adv_w = 256, .box_w = 13, .box_h = 21, .ofs_x = 1, .ofs_y = 0},
    {.bitmap_index = 3648, .adv_w = 301, .box_w = 17, .box_h = 21, .ofs_x = 2, .ofs_y = 0},
    {.bitmap_index = 3764, .adv_w = 253, .box_w = 13, .box_h = 21, .ofs_x = 2, .ofs_y = 0},
    {.bitmap_index = 3788, .adv_w = 405, .box_w = 21, .box_h = 21, .ofs_x = 2, .ofs_y = 0},
    {.bitmap_index = 3935, .adv_w = 338, .box_w = 17, .box_h = 21, .ofs_x = 2, .ofs_y = 0},
    {.bitmap_index = 4044, .adv_w = 343, .box_w = 19, .box_h = 21, .ofs_x = 1, .ofs_y = 0},
    {.bitmap_index = 4201, .adv_w = 286, .box_w = 15, .box_h = 21, .ofs_x = 2, .ofs_y = 0},
    {.bitmap_index = 4282, .adv_w = 343, .box_w = 19, .box_h = 23, .ofs_x = 1, .ofs_y = -2},
    {.bitmap_index = 4458, .adv_w = 288, .box_w = 16, .box_h = 21, .ofs_x = 2, .ofs_y = 0},
    {.bitmap_index = 4574, .adv_w = 287, .box_w = 16, .box_h = 21, .ofs_x = 1, .ofs_y = 0},
    {.bitmap_index = 4711, .adv_w = 289, .box_w = 16, .box_h = 21, .ofs_x = 1, .ofs_y = 0},
    {.bitmap_index = 4743, .adv_w = 333, .box_w = 17, .box_h = 21, .ofs_x = 2, .ofs_y = 0},
    {.bitmap_index = 4811, .adv_w = 309, .box_w = 19, .box_h = 21, .ofs_x = 0, .ofs_y = 0},
    {.bitmap_index = 4954, .adv_w = 441, .box_w = 27, .box_h = 21, .ofs_x = 0, .ofs_y = 0},
    {.bitmap_index = 5184, .adv_w = 306, .box_w = 19, .box_h = 21, .ofs_x = 0, .ofs_y = 0},
    {.bitmap_index = 5335, .adv_w = 304, .box_w = 19, .box_h = 21, .ofs_x = 0, .ofs_y = 0},
    {.bitmap_index = 5435, .adv_w = 282, .box_w = 15, .box_h = 21, .ofs_x = 1, .ofs_y = 0},
    {.bitmap_index = 5528, .adv_w = 163, .box_w = 6, .box_h = 27, .ofs_x = 3, .ofs_y = -4},
    {.bitmap_index = 5550, .adv_w = 161, .box_w = 10, .box_h = 25, .ofs_x = 0, .ofs_y = -3},
    {.bitmap_index = 5636, .adv_w = 163, .box_w = 7, .box_h = 27, .ofs_x = 1, .ofs_y = -4},
    {.bitmap_index = 5659, .adv_w = 211, .box_w = 12, .box_h = 10, .ofs_x = 1, .ofs_y = 11},
    {.bitmap_index = 5709, .adv_w = 204, .box_w = 13, .box_h = 3, .ofs_x = 0, .ofs_y = -2},
    {.bitmap_index = 5720, .adv_w = 145, .box_w = 5, .box_h = 5, .ofs_x = 2, .ofs_y = 18},
    {.bitmap_index = 5733, .adv_w = 252, .box_w = 13, .box_h = 16, .ofs_x = 1, .ofs_y = 0},
    {.bitmap_index = 5829, .adv_w = 274, .box_w = 14, .box_h = 21, .ofs_x = 2, .ofs_y = 0},
    {.bitmap_index = 5925, .adv_w = 256, .box_w = 14, .box_h = 16, .ofs_x = 1, .ofs_y = 0},
    {.bitmap_index = 6013, .adv_w = 274, .box_w = 14, .box_h = 21, .ofs_x = 1, .ofs_y = 0},
    {.bitmap_index = 6112, .adv_w = 261, .box_w = 14, .box_h = 16, .ofs_x = 1, .ofs_y = 0},
    {.bitmap_index = 6205, .adv_w = 166, .box_w = 10, .box_h = 22, .ofs_x = 0, .ofs_y = 0},
    {.bitmap_index = 6253, .adv_w = 275, .box_w = 15, .box_h = 22, .ofs_x = 1, .ofs_y = -6},
    {.bitmap_index = 6386, .adv_w = 265, .box_w = 13, .box_h = 21, .ofs_x = 2, .ofs_y = 0},
    {.bitmap_index = 6436, .adv_w = 109, .box_w = 5, .box_h = 22, .ofs_x = 1, .ofs_y = 0},
    {.bitmap_index = 6456, .adv_w = 109, .box_w = 7, .box_h = 28, .ofs_x = -1, .ofs_y = -6},
    {.bitmap_index = 6498, .adv_w = 246, .box_w = 13, .box_h = 21, .ofs_x = 2, .ofs_y = 0},
    {.bitmap_index = 6571, .adv_w = 109, .box_w = 3, .box_h = 21, .ofs_x = 2, .ofs_y = 0},
    {.bitmap_index = 6576, .adv_w = 392, .box_w = 21, .box_h = 16, .ofs_x = 2, .ofs_y = 0},
    {.bitmap_index = 6649, .adv_w = 265, .box_w = 13, .box_h = 16, .ofs_x = 2, .ofs_y = 0},
    {.bitmap_index = 6696, .adv_w = 269, .box_w = 15, .box_h = 16, .ofs_x = 1, .ofs_y = 0},
    {.bitmap_index = 6796, .adv_w = 274, .box_w = 14, .box_h = 22, .ofs_x = 2, .ofs_y = -6},
    {.bitmap_index = 6899, .adv_w = 274, .box_w = 14, .box_h = 22, .ofs_x = 1, .ofs_y = -6},
    {.bitmap_index = 7001, .adv_w = 169, .box_w = 8, .box_h = 16, .ofs_x = 2, .ofs_y = 0},
    {.bitmap_index = 7026, .adv_w = 236, .box_w = 13, .box_h = 16, .ofs_x = 1, .ofs_y = 0},
    {.bitmap_index = 7120, .adv_w = 147, .box_w = 9, .box_h = 20, .ofs_x = 0, .ofs_y = 0},
    {.bitmap_index = 7161, .adv_w = 265, .box_w = 13, .box_h = 16, .ofs_x = 2, .ofs_y = 0},
    {.bitmap_index = 7207, .adv_w = 252, .box_w = 15, .box_h = 16, .ofs_x = 0, .ofs_y = 0},
    {.bitmap_index = 7302, .adv_w = 367, .box_w = 22, .box_h = 16, .ofs_x = 0, .ofs_y = 0},
    {.bitmap_index = 7456, .adv_w = 245, .box_w = 15, .box_h = 16, .ofs_x = 0, .ofs_y = 0},
    {.bitmap_index = 7554, .adv_w = 252, .box_w = 15, .box_h = 22, .ofs_x = 0, .ofs_y = -6},
    {.bitmap_index = 7677, .adv_w = 247, .box_w = 13, .box_h = 16, .ofs_x = 1, .ofs_y = 0},
    {.bitmap_index = 7744, .adv_w = 191, .box_w = 10, .box_h = 27, .ofs_x = 1, .ofs_y = -4},
    {.bitmap_index = 7825, .adv_w = 149, .box_w = 3, .box_h = 35, .ofs_x = 3, .ofs_y = -7},
    {.bitmap_index = 7835, .adv_w = 191, .box_w = 9, .box_h = 27, .ofs_x = 1, .ofs_y = -4},
    {.bitmap_index = 7910, .adv_w = 296, .box_w = 15, .box_h = 6, .ofs_x = 2, .ofs_y = 6},
    {.bitmap_index = 7950, .adv_w = 126, .box_w = 0, .box_h = 0, .ofs_x = 0, .ofs_y = 0},
    {.bitmap_index = 7950, .adv_w = 129, .box_w = 4, .box_h = 22, .ofs_x = 2, .ofs_y = -6},
    {.bitmap_index = 7979, .adv_w = 256, .box_w = 14, .box_h = 21, .ofs_x = 1, .ofs_y = 0},
    {.bitmap_index = 8088, .adv_w = 274, .box_w = 15, .box_h = 21, .ofs_x = 1, .ofs_y = 0},
    {.bitmap_index = 8195, .adv_w = 325, .box_w = 18, .box_h = 19, .ofs_x = 1, .ofs_y = 0},
    {.bitmap_index = 8331, .adv_w = 246, .box_w = 16, .box_h = 21, .ofs_x = 0, .ofs_y = 0},
    {.bitmap_index = 8437, .adv_w = 121, .box_w = 3, .box_h = 25, .ofs_x = 2, .ofs_y = -4},
    {.bitmap_index = 8455, .adv_w = 255, .box_w = 14, .box_h = 26, .ofs_x = 1, .ofs_y = -5},
    {.bitmap_index = 8612, .adv_w = 265, .box_w = 10, .box_h = 4, .ofs_x = 3, .ofs_y = 18},
    {.bitmap_index = 8632, .adv_w = 410, .box_w = 22, .box_h = 22, .ofs_x = 2, .ofs_y = 0},
    {.bitmap_index = 8851, .adv_w = 203, .box_w = 12, .box_h = 12, .ofs_x = 0, .ofs_y = 9},
    {.bitmap_index = 8919, .adv_w = 261, .box_w = 15, .box_h = 14, .ofs_x = 1, .ofs_y = 2},
    {.bitmap_index = 9013, .adv_w = 296, .box_w = 12, .box_h = 7, .ofs_x = 3, .ofs_y = 4},
    {.bitmap_index = 9028, .adv_w = 298, .box_w = 17, .box_h = 16, .ofs_x = 1, .ofs_y = 5},
    {.bitmap_index = 9152, .adv_w = 214, .box_w = 9, .box_h = 2, .ofs_x = 2, .ofs_y = 19},
    {.bitmap_index = 9157, .adv_w = 204, .box_w = 10, .box_h = 10, .ofs_x = 1, .ofs_y = 12},
    {.bitmap_index = 9204, .adv_w = 296, .box_w = 14, .box_h = 15, .ofs_x = 2, .ofs_y = 1},
    {.bitmap_index = 9251, .adv_w = 198, .box_w = 10, .box_h = 12, .ofs_x = 1, .ofs_y = 12},
    {.bitmap_index = 9306, .adv_w = 200, .box_w = 11, .box_h = 12, .ofs_x = 1, .ofs_y = 12},
    {.bitmap_index = 9369, .adv_w = 145, .box_w = 5, .box_h = 4, .ofs_x = 2, .ofs_y = 18},
    {.bitmap_index = 9380, .adv_w = 263, .box_w = 15, .box_h = 22, .ofs_x = 2, .ofs_y = -6},
    {.bitmap_index = 9436, .adv_w = 270, .box_w = 14, .box_h = 21, .ofs_x = 1, .ofs_y = 0},
    {.bitmap_index = 9507, .adv_w = 129, .box_w = 4, .box_h = 4, .ofs_x = 2, .ofs_y = 8},
    {.bitmap_index = 9516, .adv_w = 120, .box_w = 5, .box_h = 8, .ofs_x = 2, .ofs_y = -7},
    {.bitmap_index = 9537, .adv_w = 136, .box_w = 6, .box_h = 12, .ofs_x = 1, .ofs_y = 12},
    {.bitmap_index = 9554, .adv_w = 216, .box_w = 12, .box_h = 12, .ofs_x = 1, .ofs_y = 9},
    {.bitmap_index = 9621, .adv_w = 261, .box_w = 14, .box_h = 14, .ofs_x = 1, .ofs_y = 2},
    {.bitmap_index = 9713, .adv_w = 359, .box_w = 21, .box_h = 22, .ofs_x = 1, .ofs_y = 0},
    {.bitmap_index = 9866, .adv_w = 380, .box_w = 22, .box_h = 22, .ofs_x = 1, .ofs_y = 0},
    {.bitmap_index = 10031, .adv_w = 395, .box_w = 23, .box_h = 21, .ofs_x = 1, .ofs_y = 0},
    {.bitmap_index = 10213, .adv_w = 229, .box_w = 13, .box_h = 22, .ofs_x = 1, .ofs_y = -6},
    {.bitmap_index = 10313, .adv_w = 309, .box_w = 19, .box_h = 28, .ofs_x = 0, .ofs_y = 0},
    {.bitmap_index = 10483, .adv_w = 309, .box_w = 19, .box_h = 28, .ofs_x = 0, .ofs_y = 0},
    {.bitmap_index = 10654, .adv_w = 309, .box_w = 19, .box_h = 28, .ofs_x = 0, .ofs_y = 0},
    {.bitmap_index = 10832, .adv_w = 309, .box_w = 19, .box_h = 27, .ofs_x = 0, .ofs_y = 0},
    {.bitmap_index = 10999, .adv_w = 309, .box_w = 19, .box_h = 27, .ofs_x = 0, .ofs_y = 0},
    {.bitmap_index = 11174, .adv_w = 309, .box_w = 19, .box_h = 29, .ofs_x = 0, .ofs_y = 0},
    {.bitmap_index = 11365, .adv_w = 445, .box_w = 26, .box_h = 21, .ofs_x = 0, .ofs_y = 0},
    {.bitmap_index = 11503, .adv_w = 327, .box_w = 18, .box_h = 27, .ofs_x = 1, .ofs_y = -6},
    {.bitmap_index = 11681, .adv_w = 269, .box_w = 13, .box_h = 28, .ofs_x = 2, .ofs_y = 0},
    {.bitmap_index = 11748, .adv_w = 269, .box_w = 13, .box_h = 28, .ofs_x = 2, .ofs_y = 0},
    {.bitmap_index = 11816, .adv_w = 269, .box_w = 13, .box_h = 28, .ofs_x = 2, .ofs_y = 0},
    {.bitmap_index = 11891, .adv_w = 269, .box_w = 13, .box_h = 27, .ofs_x = 2, .ofs_y = 0},
    {.bitmap_index = 11965, .adv_w = 120, .box_w = 6, .box_h = 28, .ofs_x = 0, .ofs_y = 0},
    {.bitmap_index = 11993, .adv_w = 120, .box_w = 6, .box_h = 28, .ofs_x = 2, .ofs_y = 0},
    {.bitmap_index = 12021, .adv_w = 120, .box_w = 10, .box_h = 28, .ofs_x = -1, .ofs_y = 0},
    {.bitmap_index = 12064, .adv_w = 120, .box_w = 10, .box_h = 27, .ofs_x = -1, .ofs_y = 0},
    {.bitmap_index = 12104, .adv_w = 329, .box_w = 19, .box_h = 21, .ofs_x = 0, .ofs_y = 0},
    {.bitmap_index = 12234, .adv_w = 338, .box_w = 17, .box_h = 27, .ofs_x = 2, .ofs_y = 0},
    {.bitmap_index = 12370, .adv_w = 343, .box_w = 19, .box_h = 28, .ofs_x = 1, .ofs_y = 0},
    {.bitmap_index = 12557, .adv_w = 343, .box_w = 19, .box_h = 28, .ofs_x = 1, .ofs_y = 0},
    {.bitmap_index = 12745, .adv_w = 343, .box_w = 19, .box_h = 28, .ofs_x = 1, .ofs_y = 0},
    {.bitmap_index = 12939, .adv_w = 343, .box_w = 19, .box_h = 27, .ofs_x = 1, .ofs_y = 0},
    {.bitmap_index = 13122, .adv_w = 343, .box_w = 19, .box_h = 28, .ofs_x = 1, .ofs_y = 0},
    {.bitmap_index = 13314, .adv_w = 296, .box_w = 14, .box_h = 14, .ofs_x = 2, .ofs_y = 1},
    {.bitmap_index = 13399, .adv_w = 343, .box_w = 19, .box_h = 23, .ofs_x = 1, .ofs_y = -1},
    {.bitmap_index = 13592, .adv_w = 333, .box_w = 17, .box_h = 28, .ofs_x = 2, .ofs_y = 0},
    {.bitmap_index = 13691, .adv_w = 333, .box_w = 17, .box_h = 28, .ofs_x = 2, .ofs_y = 0},
    {.bitmap_index = 13791, .adv_w = 333, .box_w = 17, .box_h = 28, .ofs_x = 2, .ofs_y = 0},
    {.bitmap_index = 13896, .adv_w = 333, .box_w = 17, .box_h = 28, .ofs_x = 2, .ofs_y = 0},
    {.bitmap_index = 13998, .adv_w = 304, .box_w = 19, .box_h = 28, .ofs_x = 0, .ofs_y = 0},
    {.bitmap_index = 14129, .adv_w = 285, .box_w = 14, .box_h = 21, .ofs_x = 2, .ofs_y = 0},
    {.bitmap_index = 14202, .adv_w = 276, .box_w = 14, .box_h = 21, .ofs_x = 2, .ofs_y = 0},
    {.bitmap_index = 14312, .adv_w = 252, .box_w = 13, .box_h = 23, .ofs_x = 1, .ofs_y = 0},
    {.bitmap_index = 14432, .adv_w = 252, .box_w = 13, .box_h = 23, .ofs_x = 1, .ofs_y = 0},
    {.bitmap_index = 14552, .adv_w = 252, .box_w = 13, .box_h = 23, .ofs_x = 1, .ofs_y = 0},
    {.bitmap_index = 14680, .adv_w = 252, .box_w = 13, .box_h = 22, .ofs_x = 1, .ofs_y = 0},
    {.bitmap_index = 14800, .adv_w = 252, .box_w = 13, .box_h = 22, .ofs_x = 1, .ofs_y = 0},
    {.bitmap_index = 14927, .adv_w = 252, .box_w = 13, .box_h = 24, .ofs_x = 1, .ofs_y = 0},
    {.bitmap_index = 15064, .adv_w = 411, .box_w = 24, .box_h = 16, .ofs_x = 1, .ofs_y = 0},
    {.bitmap_index = 15227, .adv_w = 256, .box_w = 14, .box_h = 22, .ofs_x = 1, .ofs_y = -6},
    {.bitmap_index = 15344, .adv_w = 261, .box_w = 14, .box_h = 23, .ofs_x = 1, .ofs_y = 0},
    {.bitmap_index = 15462, .adv_w = 261, .box_w = 14, .box_h = 23, .ofs_x = 1, .ofs_y = 0},
    {.bitmap_index = 15580, .adv_w = 261, .box_w = 14, .box_h = 23, .ofs_x = 1, .ofs_y = 0},
    {.bitmap_index = 15706, .adv_w = 261, .box_w = 14, .box_h = 22, .ofs_x = 1, .ofs_y = 0},
    {.bitmap_index = 15831, .adv_w = 109, .box_w = 6, .box_h = 22, .ofs_x = -1, .ofs_y = 0},
    {.bitmap_index = 15858, .adv_w = 109, .box_w = 5, .box_h = 22, .ofs_x = 2, .ofs_y = 0},
    {.bitmap_index = 15878, .adv_w = 109, .box_w = 9, .box_h = 22, .ofs_x = -1, .ofs_y = 0},
    {.bitmap_index = 15912, .adv_w = 109, .box_w = 10, .box_h = 22, .ofs_x = -2, .ofs_y = 0},
    {.bitmap_index = 15949, .adv_w = 261, .box_w = 14, .box_h = 23, .ofs_x = 1, .ofs_y = 0},
    {.bitmap_index = 16087, .adv_w = 265, .box_w = 13, .box_h = 22, .ofs_x = 2, .ofs_y = 0},
    {.bitmap_index = 16164, .adv_w = 269, .box_w = 15, .box_h = 23, .ofs_x = 1, .ofs_y = 0},
    {.bitmap_index = 16293, .adv_w = 269, .box_w = 15, .box_h = 23, .ofs_x = 1, .ofs_y = 0},
    {.bitmap_index = 16420, .adv_w = 269, .box_w = 15, .box_h = 23, .ofs_x = 1, .ofs_y = 0},
    {.bitmap_index = 16554, .adv_w = 269, .box_w = 15, .box_h = 22, .ofs_x = 1, .ofs_y = 0},
    {.bitmap_index = 16679, .adv_w = 269, .box_w = 15, .box_h = 22, .ofs_x = 1, .ofs_y = 0},
    {.bitmap_index = 16811, .adv_w = 296, .box_w = 14, .box_h = 15, .ofs_x = 2, .ofs_y = 1},
    {.bitmap_index = 16869, .adv_w = 269, .box_w = 15, .box_h = 18, .ofs_x = 1, .ofs_y = -1},
    {.bitmap_index = 16994, .adv_w = 265, .box_w = 13, .box_h = 23, .ofs_x = 2, .ofs_y = 0},
    {.bitmap_index = 17066, .adv_w = 265, .box_w = 13, .box_h = 22, .ofs_x = 2, .ofs_y = 0},
    {.bitmap_index = 17134, .adv_w = 265, .box_w = 13, .box_h = 22, .ofs_x = 2, .ofs_y = 0},
    {.bitmap_index = 17209, .adv_w = 265, .box_w = 13, .box_h = 22, .ofs_x = 2, .ofs_y = 0},
    {.bitmap_index = 17288, .adv_w = 252, .box_w = 15, .box_h = 28, .ofs_x = 0, .ofs_y = -6},
    {.bitmap_index = 17435, .adv_w = 274, .box_w = 14, .box_h = 27, .ofs_x = 2, .ofs_y = -6},
    {.bitmap_index = 17538, .adv_w = 252, .box_w = 15, .box_h = 28, .ofs_x = 0, .ofs_y = -6}
};

/*---------------------
 *  CHARACTER MAPPING
 *--------------------*/



/*Collect the unicode lists and glyph_id offsets*/
static const lv_font_fmt_txt_cmap_t cmaps[] =
{
    {
        .range_start = 32, .range_length = 95, .glyph_id_start = 1,
        .unicode_list = NULL, .glyph_id_ofs_list = NULL, .list_length = 0, .type = LV_FONT_FMT_TXT_CMAP_FORMAT0_TINY
    },
    {
        .range_start = 160, .range_length = 13, .glyph_id_start = 96,
        .unicode_list = NULL, .glyph_id_ofs_list = NULL, .list_length = 0, .type = LV_FONT_FMT_TXT_CMAP_FORMAT0_TINY
    },
    {
        .range_start = 174, .range_length = 82, .glyph_id_start = 109,
        .unicode_list = NULL, .glyph_id_ofs_list = NULL, .list_length = 0, .type = LV_FONT_FMT_TXT_CMAP_FORMAT0_TINY
    }
};

/*-----------------
 *    KERNING
 *----------------*/


/*Pair left and right glyphs for kerning*/
static const uint8_t kern_pair_glyph_ids[] =
{
    3, 7,
    3, 13,
    3, 15,
    3, 21,
    3, 98,
    7, 3,
    7, 8,
    7, 61,
    7, 109,
    8, 7,
    8, 13,
    8, 15,
    8, 21,
    8, 98,
    9, 98,
    11, 7,
    11, 13,
    11, 15,
    11, 21,
    11, 33,
    11, 64,
    11, 105,
    12, 19,
    12, 20,
    12, 24,
    12, 61,
    12, 117,
    13, 3,
    13, 8,
    13, 17,
    13, 18,
    13, 20,
    13, 22,
    13, 23,
    13, 24,
    13, 25,
    13, 26,
    13, 32,
    13, 33,
    13, 105,
    13, 117,
    14, 19,
    14, 20,
    14, 24,
    14, 61,
    14, 117,
    15, 3,
    15, 8,
    15, 17,
    15, 18,
    15, 20,
    15, 22,
    15, 23,
    15, 24,
    15, 25,
    15, 26,
    15, 32,
    15, 33,
    15, 105,
    15, 117,
    16, 13,
    16, 15,
    17, 13,
    17, 15,
    17, 24,
    17, 61,
    17, 64,
    19, 21,
    20, 11,
    20, 13,
    20, 15,
    20, 63,
    20, 107,
    20, 111,
    21, 11,
    21, 13,
    21, 15,
    21, 18,
    21, 63,
    21, 109,
    21, 111,
    21, 117,
    22, 13,
    22, 15,
    22, 109,
    23, 13,
    23, 15,
    23, 64,
    24, 4,
    24, 7,
    24, 13,
    24, 15,
    24, 17,
    24, 20,
    24, 21,
    24, 22,
    24, 23,
    24, 24,
    24, 25,
    24, 26,
    24, 27,
    24, 28,
    24, 29,
    24, 64,
    24, 98,
    24, 107,
    25, 11,
    25, 13,
    25, 15,
    25, 63,
    25, 107,
    25, 111,
    26, 13,
    26, 15,
    26, 24,
    26, 61,
    26, 64,
    27, 61,
    28, 61,
    30, 61,
    31, 24,
    31, 61,
    33, 13,
    33, 15,
    33, 16,
    33, 61,
    33, 64,
    33, 109,
    60, 98,
    61, 3,
    61, 8,
    61, 11,
    61, 12,
    61, 14,
    61, 16,
    61, 18,
    61, 30,
    61, 32,
    61, 33,
    61, 61,
    61, 63,
    61, 95,
    61, 105,
    61, 107,
    61, 108,
    61, 109,
    61, 111,
    61, 112,
    61, 117,
    61, 118,
    61, 122,
    61, 150,
    61, 182,
    63, 7,
    63, 13,
    63, 15,
    63, 21,
    63, 33,
    63, 64,
    63, 105,
    64, 11,
    64, 17,
    64, 18,
    64, 20,
    64, 21,
    64, 22,
    64, 23,
    64, 25,
    64, 26,
    64, 33,
    64, 61,
    64, 63,
    64, 93,
    64, 105,
    64, 111,
    64, 117,
    92, 98,
    95, 19,
    95, 20,
    95, 24,
    95, 61,
    95, 117,
    97, 61,
    98, 3,
    98, 8,
    98, 10,
    98, 18,
    98, 61,
    98, 62,
    98, 94,
    98, 109,
    105, 13,
    105, 15,
    105, 16,
    105, 61,
    105, 64,
    105, 109,
    109, 7,
    109, 21,
    109, 33,
    109, 98,
    109, 105,
    111, 7,
    111, 13,
    111, 15,
    111, 21,
    111, 33,
    111, 64,
    111, 105,
    112, 61,
    116, 12,
    116, 14,
    116, 16,
    116, 29,
    116, 64,
    116, 95,
    116, 108,
    116, 118,
    116, 182,
    118, 19,
    118, 20,
    118, 24,
    118, 61,
    118, 117,
    122, 18,
    122, 19,
    122, 20,
    122, 24,
    122, 25,
    122, 61,
    126, 61,
    150, 61,
    182, 19,
    182, 20,
    182, 24,
    182, 61,
    182, 117
};

/* Kerning between the respective left and right glyphs
 * 4.4 format which needs to scaled with `kern_scale`*/
static const int8_t kern_pair_values[] =
{
    -15, -37, -37, -28, -7, -15, -15, -28,
    -10, -15, -37, -37, -28, -7, -5, -15,
    -61, -61, -20, -5, -30, -5, -15, -5,
    -10, -23, -7, -37, -37, -11, -39, -12,
    -6, -11, -6, -10, -3, -39, -20, -20,
    -23, -15, -5, -10, -23, -7, -37, -37,
    -11, -39, -12, -6, -11, -6, -10, -3,
    -39, -20, -20, -23, -18, -18, -11, -11,
    -9, -4, -20, -7, -7, -10, -10, -7,
    -15, -7, -9, -15, -15, -9, -9, -2,
    -9, -17, -12, -12, -2, -15, -15, -20,
    -25, -20, -56, -56, -7, -7, -26, -4,
    -7, 9, -6, -4, -15, -15, -41, -71,
    -23, -28, -7, -10, -10, -7, -15, -7,
    -11, -11, -9, -4, -20, -28, -28, -30,
    -33, -33, -20, -20, -18, -15, -18, -2,
    -5, -35, -35, -35, -15, -15, 9, -15,
    -23, -28, -15, -22, -35, -15, -15, -15,
    -15, -32, -35, -23, -22, -15, -15, -15,
    -15, -15, -61, -61, -20, -5, -30, -5,
    -30, -20, -48, -20, -25, -20, -20, -20,
    -20, -18, -35, -30, 15, -18, -30, -20,
    -5, -15, -5, -10, -23, -7, -15, -7,
    -7, -5, -15, -23, -5, -5, -5, -20,
    -20, -18, -15, -18, -2, -15, -22, -2,
    -13, -2, -15, -61, -61, -20, -5, -30,
    -5, -30, -18, -18, -15, -18, -15, -18,
    -15, -18, -18, -15, -5, -10, -18, -7,
    -18, -23, -20, -23, -15, -28, -35, -18,
    -15, -5, -10, -23, -7
};

/*Collect the kern pair's data in one place*/
static const lv_font_fmt_txt_kern_pair_t kern_pairs =
{
    .glyph_ids = kern_pair_glyph_ids,
    .values = kern_pair_values,
    .pair_cnt = 237,
    .glyph_ids_size = 0
};

/*--------------------
 *  ALL CUSTOM DATA
 *--------------------*/

#if LVGL_VERSION_MAJOR == 8
/*Store all the custom data of the font*/
static  lv_font_fmt_txt_glyph_cache_t cache;
#endif

#if LVGL_VERSION_MAJOR >= 8
static const lv_font_fmt_txt_dsc_t font_dsc = {
#else
static lv_font_fmt_txt_dsc_t font_dsc = {
#endif
    .glyph_bitmap = glyph_bitmap,
    .glyph_dsc = glyph_dsc,
    .cmaps = cmaps,
    .kern_dsc = &kern_pairs,
    .kern_scale = 16,
    .cmap_num = 3,
    .bpp = 4,
    .kern_classes = 0,
    .bitmap_format = 1,
#if LVGL_VERSION_MAJOR == 8
    .cache = &cache
#endif
};



/*-----------------
 *  PUBLIC FONT
 *----------------*/

/*Initialize a public general font descriptor*/
#if LVGL_VERSION_MAJOR >= 8
const lv_font_t ui_font_28 = {
#else
lv_font_t ui_font_28 = {
#endif
    .get_glyph_dsc = lv_font_get_glyph_dsc_fmt_txt,    /*Function pointer to get glyph's data*/
    .get_glyph_bitmap = lv_font_get_bitmap_fmt_txt,    /*Function pointer to get glyph's bitmap*/
    .line_height = 36,          /*The maximum line height required by the font*/
    .base_line = 7,             /*Baseline measured from the bottom of the line*/
#if !(LVGL_VERSION_MAJOR == 6 && LVGL_VERSION_MINOR == 0)
    .subpx = LV_FONT_SUBPX_NONE,
#endif
#if LV_VERSION_CHECK(7, 4, 0) || LVGL_VERSION_MAJOR >= 8
    .underline_position = -5,
    .underline_thickness = 2,
#endif
    .dsc = &font_dsc,          /*The custom font data. Will be accessed by `get_glyph_bitmap/dsc` */
#if LV_VERSION_CHECK(8, 2, 0) || LVGL_VERSION_MAJOR >= 9
    .fallback = NULL,
#endif
    .user_data = NULL,
};



#endif /*#if UI_FONT_28*/

